18:49:20 DEBUG : Logs will be stored at 'C:/Users/maxgr/Projects/Classes/ECE4300/ECE4300-sha256-microblaze/Vitis/IDE.log'.
18:49:23 INFO  : Launching XSCT server: xsct.bat -n  -interactive C:\Users\maxgr\Projects\Classes\ECE4300\ECE4300-sha256-microblaze\Vitis\temp_xsdb_launch_script.tcl
18:49:23 INFO  : Registering command handlers for Vitis TCF services
18:49:24 INFO  : Platform repository initialization has completed.
18:49:25 INFO  : XSCT server has started successfully.
18:49:25 INFO  : Successfully done setting XSCT server connection channel  
18:49:26 INFO  : plnx-install-location is set to ''
18:49:26 INFO  : Successfully done setting workspace for the tool. 
18:49:26 INFO  : Successfully done query RDI_DATADIR 
18:49:50 INFO  : Result from executing command 'getProjects': sha256_test_wrapper
18:49:50 INFO  : Result from executing command 'getPlatforms': xilinx_zcu102_base_202320_1|C:/Xilinx/Vitis/2023.2/base_platforms/xilinx_zcu102_base_202320_1/xilinx_zcu102_base_202320_1.xpfm;xilinx_zcu102_base_dfx_202320_1|C:/Xilinx/Vitis/2023.2/base_platforms/xilinx_zcu102_base_dfx_202320_1/xilinx_zcu102_base_dfx_202320_1.xpfm;xilinx_zcu104_base_202320_1|C:/Xilinx/Vitis/2023.2/base_platforms/xilinx_zcu104_base_202320_1/xilinx_zcu104_base_202320_1.xpfm
18:49:51 WARN  : An unexpected exception occurred in the module 'platform project logging'
18:49:51 INFO  : Platform 'sha256_test_wrapper' is added to custom repositories.
18:49:53 INFO  : Platform 'sha256_test_wrapper' is added to custom repositories.
18:50:04 INFO  : Checking for BSP changes to sync application flags for project 'sha256_test'...
18:50:04 INFO  : Result from executing command 'getProjects': RemoteSystemsTempFiles;sha256_test;sha256_test_system;sha256_test_wrapper
18:50:04 WARN  : Failed to closehw "C:/Users/maxgr/Projects/Classes/ECE4300/ECE4300-sha256-microblaze/Vitis/sha256_test_wrapper/export/sha256_test_wrapper/hw/sha256_test_wrapper.xsa"
Reason: C:/Users/maxgr/Projects/Classes/ECE4300/ECE4300-sha256-microblaze/Vitis/sha256_test_wrapper/export/sha256_test_wrapper/hw/sha256_test_wrapper.xsa is not available in the current workspace
use 'getprojects' command to see list of available projects in current workspace
18:50:04 INFO  : Result from executing command 'getProjects': RemoteSystemsTempFiles;sha256_test;sha256_test_system;sha256_test_wrapper
18:50:04 ERROR : Failed to openhw "C:/Users/maxgr/Projects/Classes/ECE4300/ECE4300-sha256-microblaze/Vitis/sha256_test_wrapper/export/sha256_test_wrapper/hw/sha256_test_wrapper.xsa"
Reason: C:/Users/maxgr/Projects/Classes/ECE4300/ECE4300-sha256-microblaze/Vitis/sha256_test_wrapper/export/sha256_test_wrapper/hw/sha256_test_wrapper.xsa is not available in the current workspace
use 'getprojects' command to see list of available projects in current workspace
18:50:04 ERROR : Failed to update application flags from BSP for 'sha256_test'. Reason: null
java.lang.NullPointerException: null
	at com.xilinx.sdx.sw.internal.SDxSwPlatform.<init>(SDxSwPlatform.java:305) ~[com.xilinx.sdx.sw_1.0.0.202310091710.jar:?]
	at com.xilinx.sdx.sw.internal.SDxSwPlatform.create(SDxSwPlatform.java:214) ~[com.xilinx.sdx.sw_1.0.0.202310091710.jar:?]
	at com.xilinx.sdx.sdk.core.util.SdkPlatformHelper.getSwPlatform(SdkPlatformHelper.java:64) ~[com.xilinx.sdx.sdk.core_1.0.0.202310091710.jar:?]
	at com.xilinx.sdx.sdk.core.build.SdkMakefileGenerationListener.getSwPlatform(SdkMakefileGenerationListener.java:160) ~[com.xilinx.sdx.sdk.core_1.0.0.202310091710.jar:?]
	at com.xilinx.sdx.sdk.core.build.SdkMakefileGenerationListener.syncAppFlags(SdkMakefileGenerationListener.java:78) [com.xilinx.sdx.sdk.core_1.0.0.202310091710.jar:?]
	at com.xilinx.sdx.sdk.core.build.SdkMakefileGenerationListener.preMakefileGeneration(SdkMakefileGenerationListener.java:48) [com.xilinx.sdx.sdk.core_1.0.0.202310091710.jar:?]
	at com.xilinx.sdk.managedbuilder.XilinxGnuMakefileGenerator.notifyPreMakefileGenerationListeners(XilinxGnuMakefileGenerator.java:91) [com.xilinx.sdk.managedbuilder_1.0.0.202310091710.jar:?]
	at com.xilinx.sdk.managedbuilder.XilinxGnuMakefileGenerator.regenerateMakefiles(XilinxGnuMakefileGenerator.java:75) [com.xilinx.sdk.managedbuilder_1.0.0.202310091710.jar:?]
	at org.eclipse.cdt.managedbuilder.internal.core.CommonBuilder.performMakefileGeneration(CommonBuilder.java:1006) [org.eclipse.cdt.managedbuilder.core_8.6.0.201802261533.jar:?]
	at org.eclipse.cdt.managedbuilder.internal.core.CommonBuilder.performPrebuildGeneration(CommonBuilder.java:873) [org.eclipse.cdt.managedbuilder.core_8.6.0.201802261533.jar:?]
	at org.eclipse.cdt.managedbuilder.internal.core.CommonBuilder.build(CommonBuilder.java:748) [org.eclipse.cdt.managedbuilder.core_8.6.0.201802261533.jar:?]
	at org.eclipse.cdt.managedbuilder.internal.core.CommonBuilder.build(CommonBuilder.java:513) [org.eclipse.cdt.managedbuilder.core_8.6.0.201802261533.jar:?]
	at org.eclipse.cdt.managedbuilder.internal.core.CommonBuilder.build(CommonBuilder.java:459) [org.eclipse.cdt.managedbuilder.core_8.6.0.201802261533.jar:?]
	at org.eclipse.core.internal.events.BuildManager$2.run(BuildManager.java:832) [org.eclipse.core.resources_3.13.700.v20200209-1624.jar:?]
	at org.eclipse.core.runtime.SafeRunner.run(SafeRunner.java:45) [org.eclipse.equinox.common_3.11.0.v20200206-0817.jar:?]
	at org.eclipse.core.internal.events.BuildManager.basicBuild(BuildManager.java:220) [org.eclipse.core.resources_3.13.700.v20200209-1624.jar:?]
	at org.eclipse.core.internal.events.BuildManager.basicBuild(BuildManager.java:263) [org.eclipse.core.resources_3.13.700.v20200209-1624.jar:?]
	at org.eclipse.core.internal.events.BuildManager$1.run(BuildManager.java:316) [org.eclipse.core.resources_3.13.700.v20200209-1624.jar:?]
	at org.eclipse.core.runtime.SafeRunner.run(SafeRunner.java:45) [org.eclipse.equinox.common_3.11.0.v20200206-0817.jar:?]
	at org.eclipse.core.internal.events.BuildManager.basicBuild(BuildManager.java:319) [org.eclipse.core.resources_3.13.700.v20200209-1624.jar:?]
	at org.eclipse.core.internal.events.BuildManager.basicBuildLoop(BuildManager.java:371) [org.eclipse.core.resources_3.13.700.v20200209-1624.jar:?]
	at org.eclipse.core.internal.events.BuildManager.build(BuildManager.java:392) [org.eclipse.core.resources_3.13.700.v20200209-1624.jar:?]
	at org.eclipse.core.internal.resources.Workspace.buildInternal(Workspace.java:515) [org.eclipse.core.resources_3.13.700.v20200209-1624.jar:?]
	at org.eclipse.core.internal.resources.Workspace.build(Workspace.java:412) [org.eclipse.core.resources_3.13.700.v20200209-1624.jar:?]
	at org.eclipse.ui.actions.BuildAction$1.runInWorkspace(BuildAction.java:291) [org.eclipse.ui.ide_3.17.0.v20200217-1511.jar:?]
	at org.eclipse.core.internal.resources.InternalWorkspaceJob.run(InternalWorkspaceJob.java:42) [org.eclipse.core.resources_3.13.700.v20200209-1624.jar:?]
	at org.eclipse.core.internal.jobs.Worker.run(Worker.java:63) [org.eclipse.core.jobs_3.10.700.v20200106-1020.jar:?]
18:52:22 INFO  : Result from executing command 'getProjects': sha256_test_wrapper
18:52:22 INFO  : Result from executing command 'getPlatforms': sha256_test_wrapper|C:/Users/maxgr/Projects/Classes/ECE4300/ECE4300-sha256-microblaze/Vitis/sha256_test_wrapper/export/sha256_test_wrapper/sha256_test_wrapper.xpfm;xilinx_zcu102_base_202320_1|C:/Xilinx/Vitis/2023.2/base_platforms/xilinx_zcu102_base_202320_1/xilinx_zcu102_base_202320_1.xpfm;xilinx_zcu102_base_dfx_202320_1|C:/Xilinx/Vitis/2023.2/base_platforms/xilinx_zcu102_base_dfx_202320_1/xilinx_zcu102_base_dfx_202320_1.xpfm;xilinx_zcu104_base_202320_1|C:/Xilinx/Vitis/2023.2/base_platforms/xilinx_zcu104_base_202320_1/xilinx_zcu104_base_202320_1.xpfm
18:52:28 INFO  : Checking for BSP changes to sync application flags for project 'sha256_test'...
18:52:48 INFO  : Connected to target on host '127.0.0.1' and port '3121'.
18:52:48 INFO  : Jtag cable 'Digilent Nexys A7 -100T 210292BCFFDAA' is selected.
18:52:48 INFO  : 'jtag frequency' command is executed.
18:52:48 INFO  : 'targets -set -filter {jtag_cable_name =~ "Digilent Nexys A7 -100T 210292BCFFDAA" && level==0 && jtag_device_ctx=="jsn-Nexys A7 -100T-210292BCFFDAA-13631093-0"}' command is executed.
18:52:50 INFO  : Device configured successfully with "C:/Users/maxgr/Projects/Classes/ECE4300/ECE4300-sha256-microblaze/Vitis/sha256_test/_ide/bitstream/sha256_test_wrapper.bit"
18:52:50 INFO  : Context for processor 'microblaze_0' is selected.
18:52:50 INFO  : Hardware design and registers information is loaded from 'C:/Users/maxgr/Projects/Classes/ECE4300/ECE4300-sha256-microblaze/Vitis/sha256_test_wrapper/export/sha256_test_wrapper/hw/sha256_test_wrapper.xsa'.
18:52:50 INFO  : 'configparams mdm-detect-bscan-mask 2' command is executed.
18:52:51 INFO  : Context for processor 'microblaze_0' is selected.
18:52:51 INFO  : System reset is completed.
18:52:54 INFO  : 'after 3000' command is executed.
18:52:54 INFO  : Context for processor 'microblaze_0' is selected.
18:52:54 INFO  : The application 'C:/Users/maxgr/Projects/Classes/ECE4300/ECE4300-sha256-microblaze/Vitis/sha256_test/Debug/sha256_test.elf' is downloaded to processor 'microblaze_0'.
18:52:54 INFO  : ----------------XSDB Script----------------
connect -url tcp:127.0.0.1:3121
targets -set -filter {jtag_cable_name =~ "Digilent Nexys A7 -100T 210292BCFFDAA" && level==0 && jtag_device_ctx=="jsn-Nexys A7 -100T-210292BCFFDAA-13631093-0"}
fpga -file C:/Users/maxgr/Projects/Classes/ECE4300/ECE4300-sha256-microblaze/Vitis/sha256_test/_ide/bitstream/sha256_test_wrapper.bit
targets -set -nocase -filter {name =~ "*microblaze*#0" && bscan=="USER2" }
loadhw -hw C:/Users/maxgr/Projects/Classes/ECE4300/ECE4300-sha256-microblaze/Vitis/sha256_test_wrapper/export/sha256_test_wrapper/hw/sha256_test_wrapper.xsa -regs
configparams mdm-detect-bscan-mask 2
targets -set -nocase -filter {name =~ "*microblaze*#0" && bscan=="USER2" }
rst -system
after 3000
targets -set -nocase -filter {name =~ "*microblaze*#0" && bscan=="USER2" }
dow C:/Users/maxgr/Projects/Classes/ECE4300/ECE4300-sha256-microblaze/Vitis/sha256_test/Debug/sha256_test.elf
----------------End of Script----------------

18:52:54 INFO  : Context for processor 'microblaze_0' is selected.
18:52:54 INFO  : 'con' command is executed.
18:52:54 INFO  : ----------------XSDB Script (After Launch)----------------
targets -set -nocase -filter {name =~ "*microblaze*#0" && bscan=="USER2" }
con
----------------End of Script----------------

18:52:54 INFO  : Launch script is exported to file 'C:\Users\maxgr\Projects\Classes\ECE4300\ECE4300-sha256-microblaze\Vitis\sha256_test_system\_ide\scripts\debugger_sha256_test-default.tcl'
18:54:21 INFO  : Checking for BSP changes to sync application flags for project 'sha256_test'...
18:54:28 INFO  : Disconnected from the channel tcfchan#3.
18:54:29 INFO  : Connected to target on host '127.0.0.1' and port '3121'.
18:54:29 INFO  : Jtag cable 'Digilent Nexys A7 -100T 210292BCFFDAA' is selected.
18:54:29 INFO  : 'jtag frequency' command is executed.
18:54:29 INFO  : 'targets -set -filter {jtag_cable_name =~ "Digilent Nexys A7 -100T 210292BCFFDAA" && level==0 && jtag_device_ctx=="jsn-Nexys A7 -100T-210292BCFFDAA-13631093-0"}' command is executed.
18:54:31 INFO  : Device configured successfully with "C:/Users/maxgr/Projects/Classes/ECE4300/ECE4300-sha256-microblaze/Vitis/sha256_test/_ide/bitstream/sha256_test_wrapper.bit"
18:54:31 INFO  : Context for processor 'microblaze_0' is selected.
18:54:31 INFO  : Hardware design and registers information is loaded from 'C:/Users/maxgr/Projects/Classes/ECE4300/ECE4300-sha256-microblaze/Vitis/sha256_test_wrapper/export/sha256_test_wrapper/hw/sha256_test_wrapper.xsa'.
18:54:31 INFO  : 'configparams mdm-detect-bscan-mask 2' command is executed.
18:54:31 INFO  : Context for processor 'microblaze_0' is selected.
18:54:31 INFO  : System reset is completed.
18:54:34 INFO  : 'after 3000' command is executed.
18:54:34 INFO  : Context for processor 'microblaze_0' is selected.
18:54:34 INFO  : The application 'C:/Users/maxgr/Projects/Classes/ECE4300/ECE4300-sha256-microblaze/Vitis/sha256_test/Debug/sha256_test.elf' is downloaded to processor 'microblaze_0'.
18:54:34 INFO  : ----------------XSDB Script----------------
connect -url tcp:127.0.0.1:3121
targets -set -filter {jtag_cable_name =~ "Digilent Nexys A7 -100T 210292BCFFDAA" && level==0 && jtag_device_ctx=="jsn-Nexys A7 -100T-210292BCFFDAA-13631093-0"}
fpga -file C:/Users/maxgr/Projects/Classes/ECE4300/ECE4300-sha256-microblaze/Vitis/sha256_test/_ide/bitstream/sha256_test_wrapper.bit
targets -set -nocase -filter {name =~ "*microblaze*#0" && bscan=="USER2" }
loadhw -hw C:/Users/maxgr/Projects/Classes/ECE4300/ECE4300-sha256-microblaze/Vitis/sha256_test_wrapper/export/sha256_test_wrapper/hw/sha256_test_wrapper.xsa -regs
configparams mdm-detect-bscan-mask 2
targets -set -nocase -filter {name =~ "*microblaze*#0" && bscan=="USER2" }
rst -system
after 3000
targets -set -nocase -filter {name =~ "*microblaze*#0" && bscan=="USER2" }
dow C:/Users/maxgr/Projects/Classes/ECE4300/ECE4300-sha256-microblaze/Vitis/sha256_test/Debug/sha256_test.elf
----------------End of Script----------------

18:54:34 INFO  : Context for processor 'microblaze_0' is selected.
18:54:34 INFO  : 'con' command is executed.
18:54:34 INFO  : ----------------XSDB Script (After Launch)----------------
targets -set -nocase -filter {name =~ "*microblaze*#0" && bscan=="USER2" }
con
----------------End of Script----------------

18:54:34 INFO  : Launch script is exported to file 'C:\Users\maxgr\Projects\Classes\ECE4300\ECE4300-sha256-microblaze\Vitis\sha256_test_system\_ide\scripts\debugger_sha256_test-default.tcl'
15:51:47 INFO  : Checking for BSP changes to sync application flags for project 'sha256_test'...
15:53:02 INFO  : Disconnected from the channel tcfchan#4.
15:53:03 INFO  : Connected to target on host '127.0.0.1' and port '3121'.
15:53:12 INFO  : ----------------XSDB Script----------------
connect -url tcp:127.0.0.1:3121
----------------End of Script----------------

15:53:12 ERROR : Could not find FPGA device on the board for connection 'Local'.


Troubleshooting hints:
1. Check whether board is connected to system properly.
2. In case of zynq board, check whether Digilent/Xilinx cable switch settings are correct.
3. If you are using Xilinx Platform Cable USB, ensure that status LED is green.
15:53:18 INFO  : Connected to target on host '127.0.0.1' and port '3121'.
15:53:18 INFO  : Jtag cable 'Digilent Nexys A7 -100T 210292BCFFDAA' is selected.
15:53:18 INFO  : 'jtag frequency' command is executed.
15:53:18 INFO  : 'targets -set -filter {jtag_cable_name =~ "Digilent Nexys A7 -100T 210292BCFFDAA" && level==0 && jtag_device_ctx=="jsn-Nexys A7 -100T-210292BCFFDAA-13631093-0"}' command is executed.
15:53:20 INFO  : Device configured successfully with "C:/Users/maxgr/Projects/Classes/ECE4300/ECE4300-sha256-microblaze/Vitis/sha256_test/_ide/bitstream/sha256_test_wrapper.bit"
15:53:20 INFO  : Context for processor 'microblaze_0' is selected.
15:53:20 INFO  : Hardware design and registers information is loaded from 'C:/Users/maxgr/Projects/Classes/ECE4300/ECE4300-sha256-microblaze/Vitis/sha256_test_wrapper/export/sha256_test_wrapper/hw/sha256_test_wrapper.xsa'.
15:53:20 INFO  : 'configparams mdm-detect-bscan-mask 2' command is executed.
15:53:20 INFO  : Context for processor 'microblaze_0' is selected.
15:53:20 INFO  : System reset is completed.
15:53:23 INFO  : 'after 3000' command is executed.
15:53:23 INFO  : Context for processor 'microblaze_0' is selected.
15:53:23 INFO  : The application 'C:/Users/maxgr/Projects/Classes/ECE4300/ECE4300-sha256-microblaze/Vitis/sha256_test/Debug/sha256_test.elf' is downloaded to processor 'microblaze_0'.
15:53:23 INFO  : ----------------XSDB Script----------------
connect -url tcp:127.0.0.1:3121
targets -set -filter {jtag_cable_name =~ "Digilent Nexys A7 -100T 210292BCFFDAA" && level==0 && jtag_device_ctx=="jsn-Nexys A7 -100T-210292BCFFDAA-13631093-0"}
fpga -file C:/Users/maxgr/Projects/Classes/ECE4300/ECE4300-sha256-microblaze/Vitis/sha256_test/_ide/bitstream/sha256_test_wrapper.bit
targets -set -nocase -filter {name =~ "*microblaze*#0" && bscan=="USER2" }
loadhw -hw C:/Users/maxgr/Projects/Classes/ECE4300/ECE4300-sha256-microblaze/Vitis/sha256_test_wrapper/export/sha256_test_wrapper/hw/sha256_test_wrapper.xsa -regs
configparams mdm-detect-bscan-mask 2
targets -set -nocase -filter {name =~ "*microblaze*#0" && bscan=="USER2" }
rst -system
after 3000
targets -set -nocase -filter {name =~ "*microblaze*#0" && bscan=="USER2" }
dow C:/Users/maxgr/Projects/Classes/ECE4300/ECE4300-sha256-microblaze/Vitis/sha256_test/Debug/sha256_test.elf
----------------End of Script----------------

15:53:23 INFO  : Context for processor 'microblaze_0' is selected.
15:53:23 INFO  : 'con' command is executed.
15:53:23 INFO  : ----------------XSDB Script (After Launch)----------------
targets -set -nocase -filter {name =~ "*microblaze*#0" && bscan=="USER2" }
con
----------------End of Script----------------

15:53:23 INFO  : Launch script is exported to file 'C:\Users\maxgr\Projects\Classes\ECE4300\ECE4300-sha256-microblaze\Vitis\sha256_test_system\_ide\scripts\debugger_sha256_test-default.tcl'
15:54:44 INFO  : Disconnected from the channel tcfchan#5.
15:54:45 INFO  : Connected to target on host '127.0.0.1' and port '3121'.
15:54:45 INFO  : Jtag cable 'Digilent Nexys A7 -100T 210292BCFFDAA' is selected.
15:54:45 INFO  : 'jtag frequency' command is executed.
15:54:45 INFO  : 'targets -set -filter {jtag_cable_name =~ "Digilent Nexys A7 -100T 210292BCFFDAA" && level==0 && jtag_device_ctx=="jsn-Nexys A7 -100T-210292BCFFDAA-13631093-0"}' command is executed.
15:54:48 INFO  : Device configured successfully with "C:/Users/maxgr/Projects/Classes/ECE4300/ECE4300-sha256-microblaze/Vitis/sha256_test/_ide/bitstream/sha256_test_wrapper.bit"
15:54:48 INFO  : Context for processor 'microblaze_0' is selected.
15:54:48 INFO  : Hardware design and registers information is loaded from 'C:/Users/maxgr/Projects/Classes/ECE4300/ECE4300-sha256-microblaze/Vitis/sha256_test_wrapper/export/sha256_test_wrapper/hw/sha256_test_wrapper.xsa'.
15:54:48 INFO  : 'configparams mdm-detect-bscan-mask 2' command is executed.
15:54:48 INFO  : Context for processor 'microblaze_0' is selected.
15:54:48 INFO  : System reset is completed.
15:54:51 INFO  : 'after 3000' command is executed.
15:54:51 INFO  : Context for processor 'microblaze_0' is selected.
15:54:51 INFO  : The application 'C:/Users/maxgr/Projects/Classes/ECE4300/ECE4300-sha256-microblaze/Vitis/sha256_test/Debug/sha256_test.elf' is downloaded to processor 'microblaze_0'.
15:54:51 INFO  : ----------------XSDB Script----------------
connect -url tcp:127.0.0.1:3121
targets -set -filter {jtag_cable_name =~ "Digilent Nexys A7 -100T 210292BCFFDAA" && level==0 && jtag_device_ctx=="jsn-Nexys A7 -100T-210292BCFFDAA-13631093-0"}
fpga -file C:/Users/maxgr/Projects/Classes/ECE4300/ECE4300-sha256-microblaze/Vitis/sha256_test/_ide/bitstream/sha256_test_wrapper.bit
targets -set -nocase -filter {name =~ "*microblaze*#0" && bscan=="USER2" }
loadhw -hw C:/Users/maxgr/Projects/Classes/ECE4300/ECE4300-sha256-microblaze/Vitis/sha256_test_wrapper/export/sha256_test_wrapper/hw/sha256_test_wrapper.xsa -regs
configparams mdm-detect-bscan-mask 2
targets -set -nocase -filter {name =~ "*microblaze*#0" && bscan=="USER2" }
rst -system
after 3000
targets -set -nocase -filter {name =~ "*microblaze*#0" && bscan=="USER2" }
dow C:/Users/maxgr/Projects/Classes/ECE4300/ECE4300-sha256-microblaze/Vitis/sha256_test/Debug/sha256_test.elf
----------------End of Script----------------

15:54:51 INFO  : Context for processor 'microblaze_0' is selected.
15:54:51 INFO  : 'con' command is executed.
15:54:51 INFO  : ----------------XSDB Script (After Launch)----------------
targets -set -nocase -filter {name =~ "*microblaze*#0" && bscan=="USER2" }
con
----------------End of Script----------------

15:54:51 INFO  : Launch script is exported to file 'C:\Users\maxgr\Projects\Classes\ECE4300\ECE4300-sha256-microblaze\Vitis\sha256_test_system\_ide\scripts\debugger_sha256_test-default.tcl'
17:53:35 INFO  : Checking for BSP changes to sync application flags for project 'sha256_test'...
17:54:00 INFO  : Checking for BSP changes to sync application flags for project 'sha256_test'...
17:54:08 INFO  : Checking for BSP changes to sync application flags for project 'sha256_test'...
17:54:34 INFO  : Checking for BSP changes to sync application flags for project 'sha256_test'...
17:54:58 INFO  : Checking for BSP changes to sync application flags for project 'sha256_test'...
17:55:25 INFO  : Checking for BSP changes to sync application flags for project 'sha256_test'...
17:56:04 INFO  : Checking for BSP changes to sync application flags for project 'sha256_test'...
17:56:08 INFO  : Disconnected from the channel tcfchan#6.
17:56:09 INFO  : Connected to target on host '127.0.0.1' and port '3121'.
17:56:18 INFO  : ----------------XSDB Script----------------
connect -url tcp:127.0.0.1:3121
----------------End of Script----------------

17:56:18 ERROR : Could not find FPGA device on the board for connection 'Local'.


Troubleshooting hints:
1. Check whether board is connected to system properly.
2. In case of zynq board, check whether Digilent/Xilinx cable switch settings are correct.
3. If you are using Xilinx Platform Cable USB, ensure that status LED is green.
17:56:29 INFO  : Connected to target on host '127.0.0.1' and port '3121'.
17:56:29 INFO  : Jtag cable 'Digilent Nexys A7 -100T 210292BCFFDAA' is selected.
17:56:29 INFO  : 'jtag frequency' command is executed.
17:56:29 INFO  : 'targets -set -filter {jtag_cable_name =~ "Digilent Nexys A7 -100T 210292BCFFDAA" && level==0 && jtag_device_ctx=="jsn-Nexys A7 -100T-210292BCFFDAA-13631093-0"}' command is executed.
17:56:32 INFO  : Device configured successfully with "C:/Users/maxgr/Projects/Classes/ECE4300/ECE4300-sha256-microblaze/Vitis/sha256_test/_ide/bitstream/sha256_test_wrapper.bit"
17:56:32 INFO  : Context for processor 'microblaze_0' is selected.
17:56:32 INFO  : Hardware design and registers information is loaded from 'C:/Users/maxgr/Projects/Classes/ECE4300/ECE4300-sha256-microblaze/Vitis/sha256_test_wrapper/export/sha256_test_wrapper/hw/sha256_test_wrapper.xsa'.
17:56:32 INFO  : 'configparams mdm-detect-bscan-mask 2' command is executed.
17:56:32 INFO  : Context for processor 'microblaze_0' is selected.
17:56:32 INFO  : System reset is completed.
17:56:35 INFO  : 'after 3000' command is executed.
17:56:35 INFO  : Context for processor 'microblaze_0' is selected.
17:56:35 INFO  : The application 'C:/Users/maxgr/Projects/Classes/ECE4300/ECE4300-sha256-microblaze/Vitis/sha256_test/Debug/sha256_test.elf' is downloaded to processor 'microblaze_0'.
17:56:35 INFO  : ----------------XSDB Script----------------
connect -url tcp:127.0.0.1:3121
targets -set -filter {jtag_cable_name =~ "Digilent Nexys A7 -100T 210292BCFFDAA" && level==0 && jtag_device_ctx=="jsn-Nexys A7 -100T-210292BCFFDAA-13631093-0"}
fpga -file C:/Users/maxgr/Projects/Classes/ECE4300/ECE4300-sha256-microblaze/Vitis/sha256_test/_ide/bitstream/sha256_test_wrapper.bit
targets -set -nocase -filter {name =~ "*microblaze*#0" && bscan=="USER2" }
loadhw -hw C:/Users/maxgr/Projects/Classes/ECE4300/ECE4300-sha256-microblaze/Vitis/sha256_test_wrapper/export/sha256_test_wrapper/hw/sha256_test_wrapper.xsa -regs
configparams mdm-detect-bscan-mask 2
targets -set -nocase -filter {name =~ "*microblaze*#0" && bscan=="USER2" }
rst -system
after 3000
targets -set -nocase -filter {name =~ "*microblaze*#0" && bscan=="USER2" }
dow C:/Users/maxgr/Projects/Classes/ECE4300/ECE4300-sha256-microblaze/Vitis/sha256_test/Debug/sha256_test.elf
----------------End of Script----------------

17:56:35 INFO  : Context for processor 'microblaze_0' is selected.
17:56:35 INFO  : 'con' command is executed.
17:56:35 INFO  : ----------------XSDB Script (After Launch)----------------
targets -set -nocase -filter {name =~ "*microblaze*#0" && bscan=="USER2" }
con
----------------End of Script----------------

17:56:35 INFO  : Launch script is exported to file 'C:\Users\maxgr\Projects\Classes\ECE4300\ECE4300-sha256-microblaze\Vitis\sha256_test_system\_ide\scripts\debugger_sha256_test-default.tcl'
17:57:07 INFO  : Disconnected from the channel tcfchan#7.
17:57:08 INFO  : Connected to target on host '127.0.0.1' and port '3121'.
17:57:08 INFO  : Jtag cable 'Digilent Nexys A7 -100T 210292BCFFDAA' is selected.
17:57:08 INFO  : 'jtag frequency' command is executed.
17:57:08 INFO  : 'targets -set -filter {jtag_cable_name =~ "Digilent Nexys A7 -100T 210292BCFFDAA" && level==0 && jtag_device_ctx=="jsn-Nexys A7 -100T-210292BCFFDAA-13631093-0"}' command is executed.
17:57:10 INFO  : Device configured successfully with "C:/Users/maxgr/Projects/Classes/ECE4300/ECE4300-sha256-microblaze/Vitis/sha256_test/_ide/bitstream/sha256_test_wrapper.bit"
17:57:11 INFO  : Context for processor 'microblaze_0' is selected.
17:57:11 INFO  : Hardware design and registers information is loaded from 'C:/Users/maxgr/Projects/Classes/ECE4300/ECE4300-sha256-microblaze/Vitis/sha256_test_wrapper/export/sha256_test_wrapper/hw/sha256_test_wrapper.xsa'.
17:57:11 INFO  : 'configparams mdm-detect-bscan-mask 2' command is executed.
17:57:11 INFO  : Context for processor 'microblaze_0' is selected.
17:57:11 INFO  : System reset is completed.
17:57:14 INFO  : 'after 3000' command is executed.
17:57:14 INFO  : Context for processor 'microblaze_0' is selected.
17:57:14 INFO  : The application 'C:/Users/maxgr/Projects/Classes/ECE4300/ECE4300-sha256-microblaze/Vitis/sha256_test/Debug/sha256_test.elf' is downloaded to processor 'microblaze_0'.
17:57:14 INFO  : ----------------XSDB Script----------------
connect -url tcp:127.0.0.1:3121
targets -set -filter {jtag_cable_name =~ "Digilent Nexys A7 -100T 210292BCFFDAA" && level==0 && jtag_device_ctx=="jsn-Nexys A7 -100T-210292BCFFDAA-13631093-0"}
fpga -file C:/Users/maxgr/Projects/Classes/ECE4300/ECE4300-sha256-microblaze/Vitis/sha256_test/_ide/bitstream/sha256_test_wrapper.bit
targets -set -nocase -filter {name =~ "*microblaze*#0" && bscan=="USER2" }
loadhw -hw C:/Users/maxgr/Projects/Classes/ECE4300/ECE4300-sha256-microblaze/Vitis/sha256_test_wrapper/export/sha256_test_wrapper/hw/sha256_test_wrapper.xsa -regs
configparams mdm-detect-bscan-mask 2
targets -set -nocase -filter {name =~ "*microblaze*#0" && bscan=="USER2" }
rst -system
after 3000
targets -set -nocase -filter {name =~ "*microblaze*#0" && bscan=="USER2" }
dow C:/Users/maxgr/Projects/Classes/ECE4300/ECE4300-sha256-microblaze/Vitis/sha256_test/Debug/sha256_test.elf
----------------End of Script----------------

17:57:14 INFO  : Context for processor 'microblaze_0' is selected.
17:57:14 INFO  : 'con' command is executed.
17:57:14 INFO  : ----------------XSDB Script (After Launch)----------------
targets -set -nocase -filter {name =~ "*microblaze*#0" && bscan=="USER2" }
con
----------------End of Script----------------

17:57:14 INFO  : Launch script is exported to file 'C:\Users\maxgr\Projects\Classes\ECE4300\ECE4300-sha256-microblaze\Vitis\sha256_test_system\_ide\scripts\debugger_sha256_test-default.tcl'
18:00:43 INFO  : Checking for BSP changes to sync application flags for project 'sha256_test'...
18:01:45 INFO  : Checking for BSP changes to sync application flags for project 'sha256_test'...
18:03:45 INFO  : Checking for BSP changes to sync application flags for project 'sha256_test'...
18:04:05 INFO  : Checking for BSP changes to sync application flags for project 'sha256_test'...
18:04:26 INFO  : Checking for BSP changes to sync application flags for project 'sha256_test'...
18:04:39 INFO  : Checking for BSP changes to sync application flags for project 'sha256_test'...
18:05:19 INFO  : Checking for BSP changes to sync application flags for project 'sha256_test'...
18:05:34 INFO  : Checking for BSP changes to sync application flags for project 'sha256_test'...
18:11:17 INFO  : Checking for BSP changes to sync application flags for project 'sha256_test'...
18:26:30 INFO  : Hardware specification for platform project 'sha256_test_wrapper' is updated.
18:27:58 INFO  : Hardware specification for platform project 'sha256_test_wrapper' is updated.
18:30:39 INFO  : Disconnected from the channel tcfchan#8.
18:31:11 DEBUG : Logs will be stored at 'C:/Users/maxgr/Projects/Classes/ECE4300/ECE4300-sha256-microblaze/Vitis/IDE.log'.
18:31:21 INFO  : Launching XSCT server: xsct.bat -n  -interactive C:\Users\maxgr\Projects\Classes\ECE4300\ECE4300-sha256-microblaze\Vitis\temp_xsdb_launch_script.tcl
18:31:21 INFO  : Registering command handlers for Vitis TCF services
18:31:22 INFO  : Platform repository initialization has completed.
18:31:23 INFO  : XSCT server has started successfully.
18:31:23 INFO  : Successfully done setting XSCT server connection channel  
18:31:23 INFO  : plnx-install-location is set to ''
18:31:27 INFO  : Successfully done setting workspace for the tool. 
18:31:27 INFO  : Successfully done query RDI_DATADIR 
18:32:25 INFO  : Result from executing command 'getProjects': sha256_test_wrapper
18:32:25 INFO  : Result from executing command 'getPlatforms': xilinx_zcu102_base_202320_1|C:/Xilinx/Vitis/2023.2/base_platforms/xilinx_zcu102_base_202320_1/xilinx_zcu102_base_202320_1.xpfm;xilinx_zcu102_base_dfx_202320_1|C:/Xilinx/Vitis/2023.2/base_platforms/xilinx_zcu102_base_dfx_202320_1/xilinx_zcu102_base_dfx_202320_1.xpfm;xilinx_zcu104_base_202320_1|C:/Xilinx/Vitis/2023.2/base_platforms/xilinx_zcu104_base_202320_1/xilinx_zcu104_base_202320_1.xpfm
18:32:25 WARN  : An unexpected exception occurred in the module 'platform project logging'
18:32:26 INFO  : Platform 'sha256_test_wrapper' is added to custom repositories.
18:32:28 INFO  : Platform 'sha256_test_wrapper' is added to custom repositories.
20:21:19 INFO  : Checking for BSP changes to sync application flags for project 'sha_256_test_app'...
20:21:19 INFO  : Result from executing command 'getProjects': RemoteSystemsTempFiles;sha256_test_wrapper;sha_256_test_app;sha_256_test_app_system
20:21:19 WARN  : Failed to closehw "C:/Users/maxgr/Projects/Classes/ECE4300/ECE4300-sha256-microblaze/Vitis/sha256_test_wrapper/export/sha256_test_wrapper/hw/sha256_test_wrapper.xsa"
Reason: C:/Users/maxgr/Projects/Classes/ECE4300/ECE4300-sha256-microblaze/Vitis/sha256_test_wrapper/export/sha256_test_wrapper/hw/sha256_test_wrapper.xsa is not available in the current workspace
use 'getprojects' command to see list of available projects in current workspace
20:21:19 INFO  : Result from executing command 'getProjects': RemoteSystemsTempFiles;sha256_test_wrapper;sha_256_test_app;sha_256_test_app_system
20:21:19 ERROR : Failed to openhw "C:/Users/maxgr/Projects/Classes/ECE4300/ECE4300-sha256-microblaze/Vitis/sha256_test_wrapper/export/sha256_test_wrapper/hw/sha256_test_wrapper.xsa"
Reason: C:/Users/maxgr/Projects/Classes/ECE4300/ECE4300-sha256-microblaze/Vitis/sha256_test_wrapper/export/sha256_test_wrapper/hw/sha256_test_wrapper.xsa is not available in the current workspace
use 'getprojects' command to see list of available projects in current workspace
20:21:19 ERROR : Failed to update application flags from BSP for 'sha_256_test_app'. Reason: null
java.lang.NullPointerException: null
	at com.xilinx.sdx.sw.internal.SDxSwPlatform.<init>(SDxSwPlatform.java:305) ~[com.xilinx.sdx.sw_1.0.0.202310091710.jar:?]
	at com.xilinx.sdx.sw.internal.SDxSwPlatform.create(SDxSwPlatform.java:214) ~[com.xilinx.sdx.sw_1.0.0.202310091710.jar:?]
	at com.xilinx.sdx.sdk.core.util.SdkPlatformHelper.getSwPlatform(SdkPlatformHelper.java:64) ~[com.xilinx.sdx.sdk.core_1.0.0.202310091710.jar:?]
	at com.xilinx.sdx.sdk.core.build.SdkMakefileGenerationListener.getSwPlatform(SdkMakefileGenerationListener.java:160) ~[com.xilinx.sdx.sdk.core_1.0.0.202310091710.jar:?]
	at com.xilinx.sdx.sdk.core.build.SdkMakefileGenerationListener.syncAppFlags(SdkMakefileGenerationListener.java:78) [com.xilinx.sdx.sdk.core_1.0.0.202310091710.jar:?]
	at com.xilinx.sdx.sdk.core.build.SdkMakefileGenerationListener.preMakefileGeneration(SdkMakefileGenerationListener.java:48) [com.xilinx.sdx.sdk.core_1.0.0.202310091710.jar:?]
	at com.xilinx.sdk.managedbuilder.XilinxGnuMakefileGenerator.notifyPreMakefileGenerationListeners(XilinxGnuMakefileGenerator.java:91) [com.xilinx.sdk.managedbuilder_1.0.0.202310091710.jar:?]
	at com.xilinx.sdk.managedbuilder.XilinxGnuMakefileGenerator.regenerateMakefiles(XilinxGnuMakefileGenerator.java:75) [com.xilinx.sdk.managedbuilder_1.0.0.202310091710.jar:?]
	at org.eclipse.cdt.managedbuilder.internal.core.CommonBuilder.performMakefileGeneration(CommonBuilder.java:1006) [org.eclipse.cdt.managedbuilder.core_8.6.0.201802261533.jar:?]
	at org.eclipse.cdt.managedbuilder.internal.core.CommonBuilder.performPrebuildGeneration(CommonBuilder.java:873) [org.eclipse.cdt.managedbuilder.core_8.6.0.201802261533.jar:?]
	at org.eclipse.cdt.managedbuilder.internal.core.CommonBuilder.build(CommonBuilder.java:748) [org.eclipse.cdt.managedbuilder.core_8.6.0.201802261533.jar:?]
	at org.eclipse.cdt.managedbuilder.internal.core.CommonBuilder.build(CommonBuilder.java:513) [org.eclipse.cdt.managedbuilder.core_8.6.0.201802261533.jar:?]
	at org.eclipse.cdt.managedbuilder.internal.core.CommonBuilder.build(CommonBuilder.java:459) [org.eclipse.cdt.managedbuilder.core_8.6.0.201802261533.jar:?]
	at org.eclipse.core.internal.events.BuildManager$2.run(BuildManager.java:832) [org.eclipse.core.resources_3.13.700.v20200209-1624.jar:?]
	at org.eclipse.core.runtime.SafeRunner.run(SafeRunner.java:45) [org.eclipse.equinox.common_3.11.0.v20200206-0817.jar:?]
	at org.eclipse.core.internal.events.BuildManager.basicBuild(BuildManager.java:220) [org.eclipse.core.resources_3.13.700.v20200209-1624.jar:?]
	at org.eclipse.core.internal.events.BuildManager.basicBuild(BuildManager.java:263) [org.eclipse.core.resources_3.13.700.v20200209-1624.jar:?]
	at org.eclipse.core.internal.events.BuildManager$1.run(BuildManager.java:316) [org.eclipse.core.resources_3.13.700.v20200209-1624.jar:?]
	at org.eclipse.core.runtime.SafeRunner.run(SafeRunner.java:45) [org.eclipse.equinox.common_3.11.0.v20200206-0817.jar:?]
	at org.eclipse.core.internal.events.BuildManager.basicBuild(BuildManager.java:319) [org.eclipse.core.resources_3.13.700.v20200209-1624.jar:?]
	at org.eclipse.core.internal.events.BuildManager.basicBuildLoop(BuildManager.java:371) [org.eclipse.core.resources_3.13.700.v20200209-1624.jar:?]
	at org.eclipse.core.internal.events.BuildManager.build(BuildManager.java:392) [org.eclipse.core.resources_3.13.700.v20200209-1624.jar:?]
	at org.eclipse.core.internal.resources.Workspace.buildInternal(Workspace.java:515) [org.eclipse.core.resources_3.13.700.v20200209-1624.jar:?]
	at org.eclipse.core.internal.resources.Workspace.build(Workspace.java:412) [org.eclipse.core.resources_3.13.700.v20200209-1624.jar:?]
	at org.eclipse.ui.actions.BuildAction$1.runInWorkspace(BuildAction.java:291) [org.eclipse.ui.ide_3.17.0.v20200217-1511.jar:?]
	at org.eclipse.core.internal.resources.InternalWorkspaceJob.run(InternalWorkspaceJob.java:42) [org.eclipse.core.resources_3.13.700.v20200209-1624.jar:?]
	at org.eclipse.core.internal.jobs.Worker.run(Worker.java:63) [org.eclipse.core.jobs_3.10.700.v20200106-1020.jar:?]
20:21:28 INFO  : Checking for BSP changes to sync application flags for project 'sha_256_test_app'...
20:21:28 INFO  : Result from executing command 'getProjects': RemoteSystemsTempFiles;sha256_test_wrapper;sha_256_test_app;sha_256_test_app_system
20:21:28 ERROR : Failed to openhw "C:/Users/maxgr/Projects/Classes/ECE4300/ECE4300-sha256-microblaze/Vitis/sha256_test_wrapper/export/sha256_test_wrapper/hw/sha256_test_wrapper.xsa"
Reason: C:/Users/maxgr/Projects/Classes/ECE4300/ECE4300-sha256-microblaze/Vitis/sha256_test_wrapper/export/sha256_test_wrapper/hw/sha256_test_wrapper.xsa is not available in the current workspace
use 'getprojects' command to see list of available projects in current workspace
20:21:28 ERROR : Failed to update application flags from BSP for 'sha_256_test_app'. Reason: null
java.lang.NullPointerException: null
	at com.xilinx.sdx.sw.internal.SDxSwPlatform.<init>(SDxSwPlatform.java:305) ~[com.xilinx.sdx.sw_1.0.0.202310091710.jar:?]
	at com.xilinx.sdx.sw.internal.SDxSwPlatform.create(SDxSwPlatform.java:214) ~[com.xilinx.sdx.sw_1.0.0.202310091710.jar:?]
	at com.xilinx.sdx.sdk.core.util.SdkPlatformHelper.getSwPlatform(SdkPlatformHelper.java:64) ~[com.xilinx.sdx.sdk.core_1.0.0.202310091710.jar:?]
	at com.xilinx.sdx.sdk.core.build.SdkMakefileGenerationListener.getSwPlatform(SdkMakefileGenerationListener.java:160) ~[com.xilinx.sdx.sdk.core_1.0.0.202310091710.jar:?]
	at com.xilinx.sdx.sdk.core.build.SdkMakefileGenerationListener.syncAppFlags(SdkMakefileGenerationListener.java:78) [com.xilinx.sdx.sdk.core_1.0.0.202310091710.jar:?]
	at com.xilinx.sdx.sdk.core.build.SdkMakefileGenerationListener.preMakefileGeneration(SdkMakefileGenerationListener.java:48) [com.xilinx.sdx.sdk.core_1.0.0.202310091710.jar:?]
	at com.xilinx.sdk.managedbuilder.XilinxGnuMakefileGenerator.notifyPreMakefileGenerationListeners(XilinxGnuMakefileGenerator.java:91) [com.xilinx.sdk.managedbuilder_1.0.0.202310091710.jar:?]
	at com.xilinx.sdk.managedbuilder.XilinxGnuMakefileGenerator.generateMakefiles(XilinxGnuMakefileGenerator.java:40) [com.xilinx.sdk.managedbuilder_1.0.0.202310091710.jar:?]
	at org.eclipse.cdt.managedbuilder.internal.core.CommonBuilder.performMakefileGeneration(CommonBuilder.java:1008) [org.eclipse.cdt.managedbuilder.core_8.6.0.201802261533.jar:?]
	at org.eclipse.cdt.managedbuilder.internal.core.CommonBuilder.performPrebuildGeneration(CommonBuilder.java:873) [org.eclipse.cdt.managedbuilder.core_8.6.0.201802261533.jar:?]
	at org.eclipse.cdt.managedbuilder.internal.core.CommonBuilder.build(CommonBuilder.java:748) [org.eclipse.cdt.managedbuilder.core_8.6.0.201802261533.jar:?]
	at org.eclipse.cdt.managedbuilder.internal.core.CommonBuilder.build(CommonBuilder.java:510) [org.eclipse.cdt.managedbuilder.core_8.6.0.201802261533.jar:?]
	at org.eclipse.cdt.managedbuilder.internal.core.CommonBuilder.build(CommonBuilder.java:459) [org.eclipse.cdt.managedbuilder.core_8.6.0.201802261533.jar:?]
	at org.eclipse.core.internal.events.BuildManager$2.run(BuildManager.java:832) [org.eclipse.core.resources_3.13.700.v20200209-1624.jar:?]
	at org.eclipse.core.runtime.SafeRunner.run(SafeRunner.java:45) [org.eclipse.equinox.common_3.11.0.v20200206-0817.jar:?]
	at org.eclipse.core.internal.events.BuildManager.basicBuild(BuildManager.java:220) [org.eclipse.core.resources_3.13.700.v20200209-1624.jar:?]
	at org.eclipse.core.internal.events.BuildManager.basicBuild(BuildManager.java:263) [org.eclipse.core.resources_3.13.700.v20200209-1624.jar:?]
	at org.eclipse.core.internal.events.BuildManager$1.run(BuildManager.java:316) [org.eclipse.core.resources_3.13.700.v20200209-1624.jar:?]
	at org.eclipse.core.runtime.SafeRunner.run(SafeRunner.java:45) [org.eclipse.equinox.common_3.11.0.v20200206-0817.jar:?]
	at org.eclipse.core.internal.events.BuildManager.basicBuild(BuildManager.java:319) [org.eclipse.core.resources_3.13.700.v20200209-1624.jar:?]
	at org.eclipse.core.internal.events.BuildManager.basicBuildLoop(BuildManager.java:371) [org.eclipse.core.resources_3.13.700.v20200209-1624.jar:?]
	at org.eclipse.core.internal.events.BuildManager.build(BuildManager.java:392) [org.eclipse.core.resources_3.13.700.v20200209-1624.jar:?]
	at org.eclipse.core.internal.resources.Workspace.buildInternal(Workspace.java:515) [org.eclipse.core.resources_3.13.700.v20200209-1624.jar:?]
	at org.eclipse.core.internal.resources.Workspace.build(Workspace.java:412) [org.eclipse.core.resources_3.13.700.v20200209-1624.jar:?]
	at org.eclipse.ui.actions.BuildAction$1.runInWorkspace(BuildAction.java:291) [org.eclipse.ui.ide_3.17.0.v20200217-1511.jar:?]
	at org.eclipse.core.internal.resources.InternalWorkspaceJob.run(InternalWorkspaceJob.java:42) [org.eclipse.core.resources_3.13.700.v20200209-1624.jar:?]
	at org.eclipse.core.internal.jobs.Worker.run(Worker.java:63) [org.eclipse.core.jobs_3.10.700.v20200106-1020.jar:?]
20:21:49 INFO  : Checking for BSP changes to sync application flags for project 'sha_256_test_app'...
20:21:49 INFO  : Result from executing command 'getProjects': RemoteSystemsTempFiles;sha256_test_wrapper;sha_256_test_app;sha_256_test_app_system
20:21:49 ERROR : Failed to openhw "C:/Users/maxgr/Projects/Classes/ECE4300/ECE4300-sha256-microblaze/Vitis/sha256_test_wrapper/export/sha256_test_wrapper/hw/sha256_test_wrapper.xsa"
Reason: C:/Users/maxgr/Projects/Classes/ECE4300/ECE4300-sha256-microblaze/Vitis/sha256_test_wrapper/export/sha256_test_wrapper/hw/sha256_test_wrapper.xsa is not available in the current workspace
use 'getprojects' command to see list of available projects in current workspace
20:21:49 ERROR : Failed to update application flags from BSP for 'sha_256_test_app'. Reason: null
java.lang.NullPointerException: null
	at com.xilinx.sdx.sw.internal.SDxSwPlatform.<init>(SDxSwPlatform.java:305) ~[com.xilinx.sdx.sw_1.0.0.202310091710.jar:?]
	at com.xilinx.sdx.sw.internal.SDxSwPlatform.create(SDxSwPlatform.java:214) ~[com.xilinx.sdx.sw_1.0.0.202310091710.jar:?]
	at com.xilinx.sdx.sdk.core.util.SdkPlatformHelper.getSwPlatform(SdkPlatformHelper.java:64) ~[com.xilinx.sdx.sdk.core_1.0.0.202310091710.jar:?]
	at com.xilinx.sdx.sdk.core.build.SdkMakefileGenerationListener.getSwPlatform(SdkMakefileGenerationListener.java:160) ~[com.xilinx.sdx.sdk.core_1.0.0.202310091710.jar:?]
	at com.xilinx.sdx.sdk.core.build.SdkMakefileGenerationListener.syncAppFlags(SdkMakefileGenerationListener.java:78) [com.xilinx.sdx.sdk.core_1.0.0.202310091710.jar:?]
	at com.xilinx.sdx.sdk.core.build.SdkMakefileGenerationListener.preMakefileGeneration(SdkMakefileGenerationListener.java:48) [com.xilinx.sdx.sdk.core_1.0.0.202310091710.jar:?]
	at com.xilinx.sdk.managedbuilder.XilinxGnuMakefileGenerator.notifyPreMakefileGenerationListeners(XilinxGnuMakefileGenerator.java:91) [com.xilinx.sdk.managedbuilder_1.0.0.202310091710.jar:?]
	at com.xilinx.sdk.managedbuilder.XilinxGnuMakefileGenerator.generateMakefiles(XilinxGnuMakefileGenerator.java:40) [com.xilinx.sdk.managedbuilder_1.0.0.202310091710.jar:?]
	at org.eclipse.cdt.managedbuilder.internal.core.CommonBuilder.performMakefileGeneration(CommonBuilder.java:1008) [org.eclipse.cdt.managedbuilder.core_8.6.0.201802261533.jar:?]
	at org.eclipse.cdt.managedbuilder.internal.core.CommonBuilder.performPrebuildGeneration(CommonBuilder.java:873) [org.eclipse.cdt.managedbuilder.core_8.6.0.201802261533.jar:?]
	at org.eclipse.cdt.managedbuilder.internal.core.CommonBuilder.build(CommonBuilder.java:748) [org.eclipse.cdt.managedbuilder.core_8.6.0.201802261533.jar:?]
	at org.eclipse.cdt.managedbuilder.internal.core.CommonBuilder.build(CommonBuilder.java:510) [org.eclipse.cdt.managedbuilder.core_8.6.0.201802261533.jar:?]
	at org.eclipse.cdt.managedbuilder.internal.core.CommonBuilder.build(CommonBuilder.java:459) [org.eclipse.cdt.managedbuilder.core_8.6.0.201802261533.jar:?]
	at org.eclipse.core.internal.events.BuildManager$2.run(BuildManager.java:832) [org.eclipse.core.resources_3.13.700.v20200209-1624.jar:?]
	at org.eclipse.core.runtime.SafeRunner.run(SafeRunner.java:45) [org.eclipse.equinox.common_3.11.0.v20200206-0817.jar:?]
	at org.eclipse.core.internal.events.BuildManager.basicBuild(BuildManager.java:220) [org.eclipse.core.resources_3.13.700.v20200209-1624.jar:?]
	at org.eclipse.core.internal.events.BuildManager.basicBuild(BuildManager.java:263) [org.eclipse.core.resources_3.13.700.v20200209-1624.jar:?]
	at org.eclipse.core.internal.events.BuildManager$1.run(BuildManager.java:316) [org.eclipse.core.resources_3.13.700.v20200209-1624.jar:?]
	at org.eclipse.core.runtime.SafeRunner.run(SafeRunner.java:45) [org.eclipse.equinox.common_3.11.0.v20200206-0817.jar:?]
	at org.eclipse.core.internal.events.BuildManager.basicBuild(BuildManager.java:319) [org.eclipse.core.resources_3.13.700.v20200209-1624.jar:?]
	at org.eclipse.core.internal.events.BuildManager.basicBuildLoop(BuildManager.java:371) [org.eclipse.core.resources_3.13.700.v20200209-1624.jar:?]
	at org.eclipse.core.internal.events.BuildManager.build(BuildManager.java:392) [org.eclipse.core.resources_3.13.700.v20200209-1624.jar:?]
	at org.eclipse.core.internal.resources.Workspace.buildInternal(Workspace.java:515) [org.eclipse.core.resources_3.13.700.v20200209-1624.jar:?]
	at org.eclipse.core.internal.resources.Workspace.build(Workspace.java:412) [org.eclipse.core.resources_3.13.700.v20200209-1624.jar:?]
	at org.eclipse.ui.actions.BuildAction$1.runInWorkspace(BuildAction.java:291) [org.eclipse.ui.ide_3.17.0.v20200217-1511.jar:?]
	at org.eclipse.core.internal.resources.InternalWorkspaceJob.run(InternalWorkspaceJob.java:42) [org.eclipse.core.resources_3.13.700.v20200209-1624.jar:?]
	at org.eclipse.core.internal.jobs.Worker.run(Worker.java:63) [org.eclipse.core.jobs_3.10.700.v20200106-1020.jar:?]
20:23:27 INFO  : Result from executing command 'getProjects': sha256_test_wrapper
20:23:27 INFO  : Result from executing command 'getPlatforms': sha256_test_wrapper|C:/Users/maxgr/Projects/Classes/ECE4300/ECE4300-sha256-microblaze/Vitis/sha256_test_wrapper/export/sha256_test_wrapper/sha256_test_wrapper.xpfm;xilinx_zcu102_base_202320_1|C:/Xilinx/Vitis/2023.2/base_platforms/xilinx_zcu102_base_202320_1/xilinx_zcu102_base_202320_1.xpfm;xilinx_zcu102_base_dfx_202320_1|C:/Xilinx/Vitis/2023.2/base_platforms/xilinx_zcu102_base_dfx_202320_1/xilinx_zcu102_base_dfx_202320_1.xpfm;xilinx_zcu104_base_202320_1|C:/Xilinx/Vitis/2023.2/base_platforms/xilinx_zcu104_base_202320_1/xilinx_zcu104_base_202320_1.xpfm
20:23:27 INFO  : Checking for BSP changes to sync application flags for project 'sha_256_test_app'...
20:24:30 INFO  : Checking for BSP changes to sync application flags for project 'sha_256_test_app'...
20:24:38 INFO  : Checking for BSP changes to sync application flags for project 'sha_256_test_app'...
20:24:51 INFO  : Checking for BSP changes to sync application flags for project 'sha_256_test_app'...
20:25:10 INFO  : Checking for BSP changes to sync application flags for project 'sha_256_test_app'...
20:25:30 INFO  : Checking for BSP changes to sync application flags for project 'sha_256_test_app'...
20:31:28 INFO  : Checking for BSP changes to sync application flags for project 'sha_256_test_app'...
20:31:54 INFO  : Checking for BSP changes to sync application flags for project 'sha_256_test_app'...
20:32:14 INFO  : Connected to target on host '127.0.0.1' and port '3121'.
20:32:15 INFO  : Jtag cable 'Digilent Nexys A7 -100T 210292BCFFDAA' is selected.
20:32:15 INFO  : 'jtag frequency' command is executed.
20:32:15 INFO  : 'targets -set -filter {jtag_cable_name =~ "Digilent Nexys A7 -100T 210292BCFFDAA" && level==0 && jtag_device_ctx=="jsn-Nexys A7 -100T-210292BCFFDAA-13631093-0"}' command is executed.
20:32:17 INFO  : Device configured successfully with "C:/Users/maxgr/Projects/Classes/ECE4300/ECE4300-sha256-microblaze/Vitis/sha_256_test_app/_ide/bitstream/sha256_test_wrapper.bit"
20:32:17 INFO  : Context for processor 'microblaze_0' is selected.
20:32:17 INFO  : Hardware design and registers information is loaded from 'C:/Users/maxgr/Projects/Classes/ECE4300/ECE4300-sha256-microblaze/Vitis/sha256_test_wrapper/export/sha256_test_wrapper/hw/sha256_test_wrapper.xsa'.
20:32:17 INFO  : 'configparams mdm-detect-bscan-mask 2' command is executed.
20:32:17 INFO  : Context for processor 'microblaze_0' is selected.
20:32:17 INFO  : System reset is completed.
20:32:20 INFO  : 'after 3000' command is executed.
20:32:20 INFO  : Context for processor 'microblaze_0' is selected.
20:32:20 INFO  : The application 'C:/Users/maxgr/Projects/Classes/ECE4300/ECE4300-sha256-microblaze/Vitis/sha_256_test_app/Debug/sha_256_test_app.elf' is downloaded to processor 'microblaze_0'.
20:32:20 INFO  : ----------------XSDB Script----------------
connect -url tcp:127.0.0.1:3121
targets -set -filter {jtag_cable_name =~ "Digilent Nexys A7 -100T 210292BCFFDAA" && level==0 && jtag_device_ctx=="jsn-Nexys A7 -100T-210292BCFFDAA-13631093-0"}
fpga -file C:/Users/maxgr/Projects/Classes/ECE4300/ECE4300-sha256-microblaze/Vitis/sha_256_test_app/_ide/bitstream/sha256_test_wrapper.bit
targets -set -nocase -filter {name =~ "*microblaze*#0" && bscan=="USER2" }
loadhw -hw C:/Users/maxgr/Projects/Classes/ECE4300/ECE4300-sha256-microblaze/Vitis/sha256_test_wrapper/export/sha256_test_wrapper/hw/sha256_test_wrapper.xsa -regs
configparams mdm-detect-bscan-mask 2
targets -set -nocase -filter {name =~ "*microblaze*#0" && bscan=="USER2" }
rst -system
after 3000
targets -set -nocase -filter {name =~ "*microblaze*#0" && bscan=="USER2" }
dow C:/Users/maxgr/Projects/Classes/ECE4300/ECE4300-sha256-microblaze/Vitis/sha_256_test_app/Debug/sha_256_test_app.elf
----------------End of Script----------------

20:32:21 INFO  : Context for processor 'microblaze_0' is selected.
20:32:21 INFO  : 'con' command is executed.
20:32:21 INFO  : ----------------XSDB Script (After Launch)----------------
targets -set -nocase -filter {name =~ "*microblaze*#0" && bscan=="USER2" }
con
----------------End of Script----------------

20:32:21 INFO  : Launch script is exported to file 'C:\Users\maxgr\Projects\Classes\ECE4300\ECE4300-sha256-microblaze\Vitis\sha_256_test_app_system\_ide\scripts\debugger_sha_256_test_app-default.tcl'
20:34:08 INFO  : Checking for BSP changes to sync application flags for project 'sha_256_test_app'...
20:34:19 INFO  : Disconnected from the channel tcfchan#6.
20:34:20 INFO  : Connected to target on host '127.0.0.1' and port '3121'.
20:34:29 INFO  : ----------------XSDB Script----------------
connect -url tcp:127.0.0.1:3121
----------------End of Script----------------

20:34:29 ERROR : Could not find FPGA device on the board for connection 'Local'.


Troubleshooting hints:
1. Check whether board is connected to system properly.
2. In case of zynq board, check whether Digilent/Xilinx cable switch settings are correct.
3. If you are using Xilinx Platform Cable USB, ensure that status LED is green.
20:34:34 INFO  : Connected to target on host '127.0.0.1' and port '3121'.
20:34:34 INFO  : Jtag cable 'Digilent Nexys A7 -100T 210292BCFFDAA' is selected.
20:34:34 INFO  : 'jtag frequency' command is executed.
20:34:34 INFO  : 'targets -set -filter {jtag_cable_name =~ "Digilent Nexys A7 -100T 210292BCFFDAA" && level==0 && jtag_device_ctx=="jsn-Nexys A7 -100T-210292BCFFDAA-13631093-0"}' command is executed.
20:34:36 INFO  : Device configured successfully with "C:/Users/maxgr/Projects/Classes/ECE4300/ECE4300-sha256-microblaze/Vitis/sha_256_test_app/_ide/bitstream/sha256_test_wrapper.bit"
20:34:36 INFO  : Context for processor 'microblaze_0' is selected.
20:34:36 INFO  : Hardware design and registers information is loaded from 'C:/Users/maxgr/Projects/Classes/ECE4300/ECE4300-sha256-microblaze/Vitis/sha256_test_wrapper/export/sha256_test_wrapper/hw/sha256_test_wrapper.xsa'.
20:34:36 INFO  : 'configparams mdm-detect-bscan-mask 2' command is executed.
20:34:36 INFO  : Context for processor 'microblaze_0' is selected.
20:34:36 INFO  : System reset is completed.
20:34:39 INFO  : 'after 3000' command is executed.
20:34:39 INFO  : Context for processor 'microblaze_0' is selected.
20:34:39 INFO  : The application 'C:/Users/maxgr/Projects/Classes/ECE4300/ECE4300-sha256-microblaze/Vitis/sha_256_test_app/Debug/sha_256_test_app.elf' is downloaded to processor 'microblaze_0'.
20:34:39 INFO  : ----------------XSDB Script----------------
connect -url tcp:127.0.0.1:3121
targets -set -filter {jtag_cable_name =~ "Digilent Nexys A7 -100T 210292BCFFDAA" && level==0 && jtag_device_ctx=="jsn-Nexys A7 -100T-210292BCFFDAA-13631093-0"}
fpga -file C:/Users/maxgr/Projects/Classes/ECE4300/ECE4300-sha256-microblaze/Vitis/sha_256_test_app/_ide/bitstream/sha256_test_wrapper.bit
targets -set -nocase -filter {name =~ "*microblaze*#0" && bscan=="USER2" }
loadhw -hw C:/Users/maxgr/Projects/Classes/ECE4300/ECE4300-sha256-microblaze/Vitis/sha256_test_wrapper/export/sha256_test_wrapper/hw/sha256_test_wrapper.xsa -regs
configparams mdm-detect-bscan-mask 2
targets -set -nocase -filter {name =~ "*microblaze*#0" && bscan=="USER2" }
rst -system
after 3000
targets -set -nocase -filter {name =~ "*microblaze*#0" && bscan=="USER2" }
dow C:/Users/maxgr/Projects/Classes/ECE4300/ECE4300-sha256-microblaze/Vitis/sha_256_test_app/Debug/sha_256_test_app.elf
----------------End of Script----------------

20:34:39 INFO  : Context for processor 'microblaze_0' is selected.
20:34:39 INFO  : 'con' command is executed.
20:34:39 INFO  : ----------------XSDB Script (After Launch)----------------
targets -set -nocase -filter {name =~ "*microblaze*#0" && bscan=="USER2" }
con
----------------End of Script----------------

20:34:39 INFO  : Launch script is exported to file 'C:\Users\maxgr\Projects\Classes\ECE4300\ECE4300-sha256-microblaze\Vitis\sha_256_test_app_system\_ide\scripts\debugger_sha_256_test_app-default.tcl'
20:39:08 INFO  : Checking for BSP changes to sync application flags for project 'sha_256_test_app'...
20:39:20 INFO  : Disconnected from the channel tcfchan#7.
20:39:21 INFO  : Connected to target on host '127.0.0.1' and port '3121'.
20:39:30 INFO  : ----------------XSDB Script----------------
connect -url tcp:127.0.0.1:3121
----------------End of Script----------------

20:39:30 ERROR : Could not find FPGA device on the board for connection 'Local'.


Troubleshooting hints:
1. Check whether board is connected to system properly.
2. In case of zynq board, check whether Digilent/Xilinx cable switch settings are correct.
3. If you are using Xilinx Platform Cable USB, ensure that status LED is green.
20:39:48 INFO  : Connected to target on host '127.0.0.1' and port '3121'.
20:39:48 INFO  : Jtag cable 'Digilent Nexys A7 -100T 210292BCFFDAA' is selected.
20:39:48 INFO  : 'jtag frequency' command is executed.
20:39:48 INFO  : 'targets -set -filter {jtag_cable_name =~ "Digilent Nexys A7 -100T 210292BCFFDAA" && level==0 && jtag_device_ctx=="jsn-Nexys A7 -100T-210292BCFFDAA-13631093-0"}' command is executed.
20:39:50 INFO  : Device configured successfully with "C:/Users/maxgr/Projects/Classes/ECE4300/ECE4300-sha256-microblaze/Vitis/sha_256_test_app/_ide/bitstream/sha256_test_wrapper.bit"
20:39:50 INFO  : Context for processor 'microblaze_0' is selected.
20:39:50 INFO  : Hardware design and registers information is loaded from 'C:/Users/maxgr/Projects/Classes/ECE4300/ECE4300-sha256-microblaze/Vitis/sha256_test_wrapper/export/sha256_test_wrapper/hw/sha256_test_wrapper.xsa'.
20:39:50 INFO  : 'configparams mdm-detect-bscan-mask 2' command is executed.
20:39:50 INFO  : Context for processor 'microblaze_0' is selected.
20:39:50 INFO  : System reset is completed.
20:39:53 INFO  : 'after 3000' command is executed.
20:39:53 INFO  : Context for processor 'microblaze_0' is selected.
20:39:53 INFO  : The application 'C:/Users/maxgr/Projects/Classes/ECE4300/ECE4300-sha256-microblaze/Vitis/sha_256_test_app/Debug/sha_256_test_app.elf' is downloaded to processor 'microblaze_0'.
20:39:53 INFO  : ----------------XSDB Script----------------
connect -url tcp:127.0.0.1:3121
targets -set -filter {jtag_cable_name =~ "Digilent Nexys A7 -100T 210292BCFFDAA" && level==0 && jtag_device_ctx=="jsn-Nexys A7 -100T-210292BCFFDAA-13631093-0"}
fpga -file C:/Users/maxgr/Projects/Classes/ECE4300/ECE4300-sha256-microblaze/Vitis/sha_256_test_app/_ide/bitstream/sha256_test_wrapper.bit
targets -set -nocase -filter {name =~ "*microblaze*#0" && bscan=="USER2" }
loadhw -hw C:/Users/maxgr/Projects/Classes/ECE4300/ECE4300-sha256-microblaze/Vitis/sha256_test_wrapper/export/sha256_test_wrapper/hw/sha256_test_wrapper.xsa -regs
configparams mdm-detect-bscan-mask 2
targets -set -nocase -filter {name =~ "*microblaze*#0" && bscan=="USER2" }
rst -system
after 3000
targets -set -nocase -filter {name =~ "*microblaze*#0" && bscan=="USER2" }
dow C:/Users/maxgr/Projects/Classes/ECE4300/ECE4300-sha256-microblaze/Vitis/sha_256_test_app/Debug/sha_256_test_app.elf
----------------End of Script----------------

20:39:53 INFO  : Context for processor 'microblaze_0' is selected.
20:39:53 INFO  : 'con' command is executed.
20:39:53 INFO  : ----------------XSDB Script (After Launch)----------------
targets -set -nocase -filter {name =~ "*microblaze*#0" && bscan=="USER2" }
con
----------------End of Script----------------

20:39:53 INFO  : Launch script is exported to file 'C:\Users\maxgr\Projects\Classes\ECE4300\ECE4300-sha256-microblaze\Vitis\sha_256_test_app_system\_ide\scripts\debugger_sha_256_test_app-default.tcl'
20:43:09 INFO  : Result from executing command 'getProjects': sha256_test_wrapper
20:43:09 INFO  : Result from executing command 'getPlatforms': xilinx_zcu102_base_202320_1|C:/Xilinx/Vitis/2023.2/base_platforms/xilinx_zcu102_base_202320_1/xilinx_zcu102_base_202320_1.xpfm;xilinx_zcu102_base_dfx_202320_1|C:/Xilinx/Vitis/2023.2/base_platforms/xilinx_zcu102_base_dfx_202320_1/xilinx_zcu102_base_dfx_202320_1.xpfm;xilinx_zcu104_base_202320_1|C:/Xilinx/Vitis/2023.2/base_platforms/xilinx_zcu104_base_202320_1/xilinx_zcu104_base_202320_1.xpfm
20:43:36 INFO  : Disconnected from the channel tcfchan#8.
20:43:37 INFO  : Connected to target on host '127.0.0.1' and port '3121'.
20:43:37 INFO  : Jtag cable 'Digilent Nexys A7 -100T 210292BCFFDAA' is selected.
20:43:37 INFO  : 'jtag frequency' command is executed.
20:43:38 INFO  : 'targets -set -filter {jtag_cable_name =~ "Digilent Nexys A7 -100T 210292BCFFDAA" && level==0 && jtag_device_ctx=="jsn-Nexys A7 -100T-210292BCFFDAA-13631093-0"}' command is executed.
20:43:40 INFO  : Device configured successfully with "C:/Users/maxgr/Projects/Classes/ECE4300/ECE4300-sha256-microblaze/Vitis/sha_256_test_app/_ide/bitstream/sha256_test_wrapper.bit"
20:43:40 INFO  : Context for processor 'microblaze_0' is selected.
20:43:40 INFO  : Hardware design and registers information is loaded from 'C:/Users/maxgr/Projects/Classes/ECE4300/ECE4300-sha256-microblaze/Vitis/sha256_test_wrapper/export/sha256_test_wrapper/hw/sha256_test_wrapper.xsa'.
20:43:40 INFO  : 'configparams mdm-detect-bscan-mask 2' command is executed.
20:43:40 INFO  : Context for processor 'microblaze_0' is selected.
20:43:40 INFO  : System reset is completed.
20:43:43 INFO  : 'after 3000' command is executed.
20:43:43 INFO  : Context for processor 'microblaze_0' is selected.
20:43:43 INFO  : The application 'C:/Users/maxgr/Projects/Classes/ECE4300/ECE4300-sha256-microblaze/Vitis/sha_256_test_app/Debug/sha_256_test_app.elf' is downloaded to processor 'microblaze_0'.
20:43:43 INFO  : ----------------XSDB Script----------------
connect -url tcp:127.0.0.1:3121
targets -set -filter {jtag_cable_name =~ "Digilent Nexys A7 -100T 210292BCFFDAA" && level==0 && jtag_device_ctx=="jsn-Nexys A7 -100T-210292BCFFDAA-13631093-0"}
fpga -file C:/Users/maxgr/Projects/Classes/ECE4300/ECE4300-sha256-microblaze/Vitis/sha_256_test_app/_ide/bitstream/sha256_test_wrapper.bit
targets -set -nocase -filter {name =~ "*microblaze*#0" && bscan=="USER2" }
loadhw -hw C:/Users/maxgr/Projects/Classes/ECE4300/ECE4300-sha256-microblaze/Vitis/sha256_test_wrapper/export/sha256_test_wrapper/hw/sha256_test_wrapper.xsa -regs
configparams mdm-detect-bscan-mask 2
targets -set -nocase -filter {name =~ "*microblaze*#0" && bscan=="USER2" }
rst -system
after 3000
targets -set -nocase -filter {name =~ "*microblaze*#0" && bscan=="USER2" }
dow C:/Users/maxgr/Projects/Classes/ECE4300/ECE4300-sha256-microblaze/Vitis/sha_256_test_app/Debug/sha_256_test_app.elf
----------------End of Script----------------

20:43:43 INFO  : Context for processor 'microblaze_0' is selected.
20:43:43 INFO  : 'con' command is executed.
20:43:43 INFO  : ----------------XSDB Script (After Launch)----------------
targets -set -nocase -filter {name =~ "*microblaze*#0" && bscan=="USER2" }
con
----------------End of Script----------------

20:43:43 INFO  : Launch script is exported to file 'C:\Users\maxgr\Projects\Classes\ECE4300\ECE4300-sha256-microblaze\Vitis\sha_256_test_app_system\_ide\scripts\debugger_sha_256_test_app-default.tcl'
20:51:25 INFO  : Result from executing command 'getProjects': sha256_test_wrapper
20:51:25 INFO  : Result from executing command 'getPlatforms': xilinx_zcu102_base_202320_1|C:/Xilinx/Vitis/2023.2/base_platforms/xilinx_zcu102_base_202320_1/xilinx_zcu102_base_202320_1.xpfm;xilinx_zcu102_base_dfx_202320_1|C:/Xilinx/Vitis/2023.2/base_platforms/xilinx_zcu102_base_dfx_202320_1/xilinx_zcu102_base_dfx_202320_1.xpfm;xilinx_zcu104_base_202320_1|C:/Xilinx/Vitis/2023.2/base_platforms/xilinx_zcu104_base_202320_1/xilinx_zcu104_base_202320_1.xpfm
20:51:31 INFO  : Disconnected from the channel tcfchan#10.
20:51:32 INFO  : Connected to target on host '127.0.0.1' and port '3121'.
20:51:32 INFO  : Jtag cable 'Digilent Nexys A7 -100T 210292BCFFDAA' is selected.
20:51:32 INFO  : 'jtag frequency' command is executed.
20:51:33 INFO  : 'targets -set -filter {jtag_cable_name =~ "Digilent Nexys A7 -100T 210292BCFFDAA" && level==0 && jtag_device_ctx=="jsn-Nexys A7 -100T-210292BCFFDAA-13631093-0"}' command is executed.
20:51:35 INFO  : Device configured successfully with "C:/Users/maxgr/Projects/Classes/ECE4300/ECE4300-sha256-microblaze/Vitis/sha_256_test_app/_ide/bitstream/sha256_test_wrapper.bit"
20:51:35 INFO  : Context for processor 'microblaze_0' is selected.
20:51:35 INFO  : Hardware design and registers information is loaded from 'C:/Users/maxgr/Projects/Classes/ECE4300/ECE4300-sha256-microblaze/Vitis/sha256_test_wrapper/export/sha256_test_wrapper/hw/sha256_test_wrapper.xsa'.
20:51:35 INFO  : 'configparams mdm-detect-bscan-mask 2' command is executed.
20:51:35 INFO  : Context for processor 'microblaze_0' is selected.
20:51:35 INFO  : System reset is completed.
20:51:38 INFO  : 'after 3000' command is executed.
20:51:38 INFO  : Context for processor 'microblaze_0' is selected.
20:51:38 INFO  : The application 'C:/Users/maxgr/Projects/Classes/ECE4300/ECE4300-sha256-microblaze/Vitis/sha_256_test_app/Debug/sha_256_test_app.elf' is downloaded to processor 'microblaze_0'.
20:51:38 INFO  : ----------------XSDB Script----------------
connect -url tcp:127.0.0.1:3121
targets -set -filter {jtag_cable_name =~ "Digilent Nexys A7 -100T 210292BCFFDAA" && level==0 && jtag_device_ctx=="jsn-Nexys A7 -100T-210292BCFFDAA-13631093-0"}
fpga -file C:/Users/maxgr/Projects/Classes/ECE4300/ECE4300-sha256-microblaze/Vitis/sha_256_test_app/_ide/bitstream/sha256_test_wrapper.bit
targets -set -nocase -filter {name =~ "*microblaze*#0" && bscan=="USER2" }
loadhw -hw C:/Users/maxgr/Projects/Classes/ECE4300/ECE4300-sha256-microblaze/Vitis/sha256_test_wrapper/export/sha256_test_wrapper/hw/sha256_test_wrapper.xsa -regs
configparams mdm-detect-bscan-mask 2
targets -set -nocase -filter {name =~ "*microblaze*#0" && bscan=="USER2" }
rst -system
after 3000
targets -set -nocase -filter {name =~ "*microblaze*#0" && bscan=="USER2" }
dow C:/Users/maxgr/Projects/Classes/ECE4300/ECE4300-sha256-microblaze/Vitis/sha_256_test_app/Debug/sha_256_test_app.elf
----------------End of Script----------------

20:51:38 INFO  : Context for processor 'microblaze_0' is selected.
20:51:38 INFO  : 'con' command is executed.
20:51:38 INFO  : ----------------XSDB Script (After Launch)----------------
targets -set -nocase -filter {name =~ "*microblaze*#0" && bscan=="USER2" }
con
----------------End of Script----------------

20:51:38 INFO  : Launch script is exported to file 'C:\Users\maxgr\Projects\Classes\ECE4300\ECE4300-sha256-microblaze\Vitis\sha_256_test_app_system\_ide\scripts\debugger_sha_256_test_app-default.tcl'
20:51:49 INFO  : Disconnected from the channel tcfchan#12.
20:51:50 INFO  : Connected to target on host '127.0.0.1' and port '3121'.
20:51:50 INFO  : Jtag cable 'Digilent Nexys A7 -100T 210292BCFFDAA' is selected.
20:51:50 INFO  : 'jtag frequency' command is executed.
20:51:50 INFO  : 'targets -set -filter {jtag_cable_name =~ "Digilent Nexys A7 -100T 210292BCFFDAA" && level==0 && jtag_device_ctx=="jsn-Nexys A7 -100T-210292BCFFDAA-13631093-0"}' command is executed.
20:51:53 INFO  : Device configured successfully with "C:/Users/maxgr/Projects/Classes/ECE4300/ECE4300-sha256-microblaze/Vitis/sha_256_test_app/_ide/bitstream/sha256_test_wrapper.bit"
20:51:53 INFO  : Context for processor 'microblaze_0' is selected.
20:51:53 INFO  : Hardware design and registers information is loaded from 'C:/Users/maxgr/Projects/Classes/ECE4300/ECE4300-sha256-microblaze/Vitis/sha256_test_wrapper/export/sha256_test_wrapper/hw/sha256_test_wrapper.xsa'.
20:51:53 INFO  : 'configparams mdm-detect-bscan-mask 2' command is executed.
20:51:53 INFO  : Context for processor 'microblaze_0' is selected.
20:51:53 INFO  : System reset is completed.
20:51:56 INFO  : 'after 3000' command is executed.
20:51:56 INFO  : Context for processor 'microblaze_0' is selected.
20:51:56 INFO  : The application 'C:/Users/maxgr/Projects/Classes/ECE4300/ECE4300-sha256-microblaze/Vitis/sha_256_test_app/Debug/sha_256_test_app.elf' is downloaded to processor 'microblaze_0'.
20:51:56 INFO  : ----------------XSDB Script----------------
connect -url tcp:127.0.0.1:3121
targets -set -filter {jtag_cable_name =~ "Digilent Nexys A7 -100T 210292BCFFDAA" && level==0 && jtag_device_ctx=="jsn-Nexys A7 -100T-210292BCFFDAA-13631093-0"}
fpga -file C:/Users/maxgr/Projects/Classes/ECE4300/ECE4300-sha256-microblaze/Vitis/sha_256_test_app/_ide/bitstream/sha256_test_wrapper.bit
targets -set -nocase -filter {name =~ "*microblaze*#0" && bscan=="USER2" }
loadhw -hw C:/Users/maxgr/Projects/Classes/ECE4300/ECE4300-sha256-microblaze/Vitis/sha256_test_wrapper/export/sha256_test_wrapper/hw/sha256_test_wrapper.xsa -regs
configparams mdm-detect-bscan-mask 2
targets -set -nocase -filter {name =~ "*microblaze*#0" && bscan=="USER2" }
rst -system
after 3000
targets -set -nocase -filter {name =~ "*microblaze*#0" && bscan=="USER2" }
dow C:/Users/maxgr/Projects/Classes/ECE4300/ECE4300-sha256-microblaze/Vitis/sha_256_test_app/Debug/sha_256_test_app.elf
----------------End of Script----------------

20:51:56 INFO  : Context for processor 'microblaze_0' is selected.
20:51:56 INFO  : 'con' command is executed.
20:51:56 INFO  : ----------------XSDB Script (After Launch)----------------
targets -set -nocase -filter {name =~ "*microblaze*#0" && bscan=="USER2" }
con
----------------End of Script----------------

20:51:56 INFO  : Launch script is exported to file 'C:\Users\maxgr\Projects\Classes\ECE4300\ECE4300-sha256-microblaze\Vitis\sha_256_test_app_system\_ide\scripts\debugger_sha_256_test_app-default.tcl'
20:59:48 INFO  : Checking for BSP changes to sync application flags for project 'sha_256_test_app'...
20:59:52 INFO  : Disconnected from the channel tcfchan#13.
20:59:53 INFO  : Connected to target on host '127.0.0.1' and port '3121'.
21:00:02 INFO  : ----------------XSDB Script----------------
connect -url tcp:127.0.0.1:3121
----------------End of Script----------------

21:00:02 ERROR : Could not find FPGA device on the board for connection 'Local'.


Troubleshooting hints:
1. Check whether board is connected to system properly.
2. In case of zynq board, check whether Digilent/Xilinx cable switch settings are correct.
3. If you are using Xilinx Platform Cable USB, ensure that status LED is green.
21:00:05 INFO  : Connected to target on host '127.0.0.1' and port '3121'.
21:00:05 INFO  : Jtag cable 'Digilent Nexys A7 -100T 210292BCFFDAA' is selected.
21:00:05 INFO  : 'jtag frequency' command is executed.
21:00:05 INFO  : 'targets -set -filter {jtag_cable_name =~ "Digilent Nexys A7 -100T 210292BCFFDAA" && level==0 && jtag_device_ctx=="jsn-Nexys A7 -100T-210292BCFFDAA-13631093-0"}' command is executed.
21:00:07 INFO  : Device configured successfully with "C:/Users/maxgr/Projects/Classes/ECE4300/ECE4300-sha256-microblaze/Vitis/sha_256_test_app/_ide/bitstream/sha256_test_wrapper.bit"
21:00:08 INFO  : Context for processor 'microblaze_0' is selected.
21:00:08 INFO  : Hardware design and registers information is loaded from 'C:/Users/maxgr/Projects/Classes/ECE4300/ECE4300-sha256-microblaze/Vitis/sha256_test_wrapper/export/sha256_test_wrapper/hw/sha256_test_wrapper.xsa'.
21:00:08 INFO  : 'configparams mdm-detect-bscan-mask 2' command is executed.
21:00:08 INFO  : Context for processor 'microblaze_0' is selected.
21:00:08 INFO  : System reset is completed.
21:00:11 INFO  : 'after 3000' command is executed.
21:00:11 INFO  : Context for processor 'microblaze_0' is selected.
21:00:11 INFO  : The application 'C:/Users/maxgr/Projects/Classes/ECE4300/ECE4300-sha256-microblaze/Vitis/sha_256_test_app/Debug/sha_256_test_app.elf' is downloaded to processor 'microblaze_0'.
21:00:11 INFO  : ----------------XSDB Script----------------
connect -url tcp:127.0.0.1:3121
targets -set -filter {jtag_cable_name =~ "Digilent Nexys A7 -100T 210292BCFFDAA" && level==0 && jtag_device_ctx=="jsn-Nexys A7 -100T-210292BCFFDAA-13631093-0"}
fpga -file C:/Users/maxgr/Projects/Classes/ECE4300/ECE4300-sha256-microblaze/Vitis/sha_256_test_app/_ide/bitstream/sha256_test_wrapper.bit
targets -set -nocase -filter {name =~ "*microblaze*#0" && bscan=="USER2" }
loadhw -hw C:/Users/maxgr/Projects/Classes/ECE4300/ECE4300-sha256-microblaze/Vitis/sha256_test_wrapper/export/sha256_test_wrapper/hw/sha256_test_wrapper.xsa -regs
configparams mdm-detect-bscan-mask 2
targets -set -nocase -filter {name =~ "*microblaze*#0" && bscan=="USER2" }
rst -system
after 3000
targets -set -nocase -filter {name =~ "*microblaze*#0" && bscan=="USER2" }
dow C:/Users/maxgr/Projects/Classes/ECE4300/ECE4300-sha256-microblaze/Vitis/sha_256_test_app/Debug/sha_256_test_app.elf
----------------End of Script----------------

21:00:11 INFO  : Context for processor 'microblaze_0' is selected.
21:00:11 INFO  : 'con' command is executed.
21:00:11 INFO  : ----------------XSDB Script (After Launch)----------------
targets -set -nocase -filter {name =~ "*microblaze*#0" && bscan=="USER2" }
con
----------------End of Script----------------

21:00:11 INFO  : Launch script is exported to file 'C:\Users\maxgr\Projects\Classes\ECE4300\ECE4300-sha256-microblaze\Vitis\sha_256_test_app_system\_ide\scripts\debugger_sha_256_test_app-default.tcl'
21:23:31 INFO  : Checking for BSP changes to sync application flags for project 'sha_256_test_app'...
21:23:52 INFO  : Checking for BSP changes to sync application flags for project 'sha_256_test_app'...
21:24:08 INFO  : Checking for BSP changes to sync application flags for project 'sha_256_test_app'...
21:24:13 INFO  : Disconnected from the channel tcfchan#14.
21:24:14 INFO  : Connected to target on host '127.0.0.1' and port '3121'.
21:24:23 INFO  : ----------------XSDB Script----------------
connect -url tcp:127.0.0.1:3121
----------------End of Script----------------

21:24:23 ERROR : Could not find FPGA device on the board for connection 'Local'.


Troubleshooting hints:
1. Check whether board is connected to system properly.
2. In case of zynq board, check whether Digilent/Xilinx cable switch settings are correct.
3. If you are using Xilinx Platform Cable USB, ensure that status LED is green.
21:24:39 INFO  : Connected to target on host '127.0.0.1' and port '3121'.
21:24:40 INFO  : Jtag cable 'Digilent Nexys A7 -100T 210292BCFFDAA' is selected.
21:24:40 INFO  : 'jtag frequency' command is executed.
21:24:40 INFO  : 'targets -set -filter {jtag_cable_name =~ "Digilent Nexys A7 -100T 210292BCFFDAA" && level==0 && jtag_device_ctx=="jsn-Nexys A7 -100T-210292BCFFDAA-13631093-0"}' command is executed.
21:24:42 INFO  : Device configured successfully with "C:/Users/maxgr/Projects/Classes/ECE4300/ECE4300-sha256-microblaze/Vitis/sha_256_test_app/_ide/bitstream/sha256_test_wrapper.bit"
21:24:42 INFO  : Context for processor 'microblaze_0' is selected.
21:24:42 INFO  : Hardware design and registers information is loaded from 'C:/Users/maxgr/Projects/Classes/ECE4300/ECE4300-sha256-microblaze/Vitis/sha256_test_wrapper/export/sha256_test_wrapper/hw/sha256_test_wrapper.xsa'.
21:24:42 INFO  : 'configparams mdm-detect-bscan-mask 2' command is executed.
21:24:42 INFO  : Context for processor 'microblaze_0' is selected.
21:24:42 INFO  : System reset is completed.
21:24:45 INFO  : 'after 3000' command is executed.
21:24:45 INFO  : Context for processor 'microblaze_0' is selected.
21:24:45 INFO  : The application 'C:/Users/maxgr/Projects/Classes/ECE4300/ECE4300-sha256-microblaze/Vitis/sha_256_test_app/Debug/sha_256_test_app.elf' is downloaded to processor 'microblaze_0'.
21:24:45 INFO  : ----------------XSDB Script----------------
connect -url tcp:127.0.0.1:3121
targets -set -filter {jtag_cable_name =~ "Digilent Nexys A7 -100T 210292BCFFDAA" && level==0 && jtag_device_ctx=="jsn-Nexys A7 -100T-210292BCFFDAA-13631093-0"}
fpga -file C:/Users/maxgr/Projects/Classes/ECE4300/ECE4300-sha256-microblaze/Vitis/sha_256_test_app/_ide/bitstream/sha256_test_wrapper.bit
targets -set -nocase -filter {name =~ "*microblaze*#0" && bscan=="USER2" }
loadhw -hw C:/Users/maxgr/Projects/Classes/ECE4300/ECE4300-sha256-microblaze/Vitis/sha256_test_wrapper/export/sha256_test_wrapper/hw/sha256_test_wrapper.xsa -regs
configparams mdm-detect-bscan-mask 2
targets -set -nocase -filter {name =~ "*microblaze*#0" && bscan=="USER2" }
rst -system
after 3000
targets -set -nocase -filter {name =~ "*microblaze*#0" && bscan=="USER2" }
dow C:/Users/maxgr/Projects/Classes/ECE4300/ECE4300-sha256-microblaze/Vitis/sha_256_test_app/Debug/sha_256_test_app.elf
----------------End of Script----------------

21:24:45 INFO  : Context for processor 'microblaze_0' is selected.
21:24:45 INFO  : 'con' command is executed.
21:24:45 INFO  : ----------------XSDB Script (After Launch)----------------
targets -set -nocase -filter {name =~ "*microblaze*#0" && bscan=="USER2" }
con
----------------End of Script----------------

21:24:45 INFO  : Launch script is exported to file 'C:\Users\maxgr\Projects\Classes\ECE4300\ECE4300-sha256-microblaze\Vitis\sha_256_test_app_system\_ide\scripts\debugger_sha_256_test_app-default.tcl'
21:28:09 INFO  : Checking for BSP changes to sync application flags for project 'sha_256_test_app'...
21:28:15 INFO  : Disconnected from the channel tcfchan#15.
21:28:16 INFO  : Connected to target on host '127.0.0.1' and port '3121'.
21:28:25 INFO  : ----------------XSDB Script----------------
connect -url tcp:127.0.0.1:3121
----------------End of Script----------------

21:28:25 ERROR : Could not find FPGA device on the board for connection 'Local'.


Troubleshooting hints:
1. Check whether board is connected to system properly.
2. In case of zynq board, check whether Digilent/Xilinx cable switch settings are correct.
3. If you are using Xilinx Platform Cable USB, ensure that status LED is green.
21:28:42 INFO  : Connected to target on host '127.0.0.1' and port '3121'.
21:28:42 INFO  : Jtag cable 'Digilent Nexys A7 -100T 210292BCFFDAA' is selected.
21:28:42 INFO  : 'jtag frequency' command is executed.
21:28:42 INFO  : 'targets -set -filter {jtag_cable_name =~ "Digilent Nexys A7 -100T 210292BCFFDAA" && level==0 && jtag_device_ctx=="jsn-Nexys A7 -100T-210292BCFFDAA-13631093-0"}' command is executed.
21:28:44 INFO  : Device configured successfully with "C:/Users/maxgr/Projects/Classes/ECE4300/ECE4300-sha256-microblaze/Vitis/sha_256_test_app/_ide/bitstream/sha256_test_wrapper.bit"
21:28:44 INFO  : Context for processor 'microblaze_0' is selected.
21:28:44 INFO  : Hardware design and registers information is loaded from 'C:/Users/maxgr/Projects/Classes/ECE4300/ECE4300-sha256-microblaze/Vitis/sha256_test_wrapper/export/sha256_test_wrapper/hw/sha256_test_wrapper.xsa'.
21:28:44 INFO  : 'configparams mdm-detect-bscan-mask 2' command is executed.
21:28:44 INFO  : Context for processor 'microblaze_0' is selected.
21:28:44 INFO  : System reset is completed.
21:28:47 INFO  : 'after 3000' command is executed.
21:28:47 INFO  : Context for processor 'microblaze_0' is selected.
21:28:47 INFO  : The application 'C:/Users/maxgr/Projects/Classes/ECE4300/ECE4300-sha256-microblaze/Vitis/sha_256_test_app/Debug/sha_256_test_app.elf' is downloaded to processor 'microblaze_0'.
21:28:47 INFO  : ----------------XSDB Script----------------
connect -url tcp:127.0.0.1:3121
targets -set -filter {jtag_cable_name =~ "Digilent Nexys A7 -100T 210292BCFFDAA" && level==0 && jtag_device_ctx=="jsn-Nexys A7 -100T-210292BCFFDAA-13631093-0"}
fpga -file C:/Users/maxgr/Projects/Classes/ECE4300/ECE4300-sha256-microblaze/Vitis/sha_256_test_app/_ide/bitstream/sha256_test_wrapper.bit
targets -set -nocase -filter {name =~ "*microblaze*#0" && bscan=="USER2" }
loadhw -hw C:/Users/maxgr/Projects/Classes/ECE4300/ECE4300-sha256-microblaze/Vitis/sha256_test_wrapper/export/sha256_test_wrapper/hw/sha256_test_wrapper.xsa -regs
configparams mdm-detect-bscan-mask 2
targets -set -nocase -filter {name =~ "*microblaze*#0" && bscan=="USER2" }
rst -system
after 3000
targets -set -nocase -filter {name =~ "*microblaze*#0" && bscan=="USER2" }
dow C:/Users/maxgr/Projects/Classes/ECE4300/ECE4300-sha256-microblaze/Vitis/sha_256_test_app/Debug/sha_256_test_app.elf
----------------End of Script----------------

21:28:47 INFO  : Context for processor 'microblaze_0' is selected.
21:28:47 INFO  : 'con' command is executed.
21:28:47 INFO  : ----------------XSDB Script (After Launch)----------------
targets -set -nocase -filter {name =~ "*microblaze*#0" && bscan=="USER2" }
con
----------------End of Script----------------

21:28:47 INFO  : Launch script is exported to file 'C:\Users\maxgr\Projects\Classes\ECE4300\ECE4300-sha256-microblaze\Vitis\sha_256_test_app_system\_ide\scripts\debugger_sha_256_test_app-default.tcl'
21:30:17 INFO  : Result from executing command 'getProjects': sha256_test_wrapper
21:30:17 INFO  : Result from executing command 'getPlatforms': xilinx_zcu102_base_202320_1|C:/Xilinx/Vitis/2023.2/base_platforms/xilinx_zcu102_base_202320_1/xilinx_zcu102_base_202320_1.xpfm;xilinx_zcu102_base_dfx_202320_1|C:/Xilinx/Vitis/2023.2/base_platforms/xilinx_zcu102_base_dfx_202320_1/xilinx_zcu102_base_dfx_202320_1.xpfm;xilinx_zcu104_base_202320_1|C:/Xilinx/Vitis/2023.2/base_platforms/xilinx_zcu104_base_202320_1/xilinx_zcu104_base_202320_1.xpfm
21:30:20 INFO  : Checking for BSP changes to sync application flags for project 'sha_256_test_app'...
21:30:24 INFO  : Disconnected from the channel tcfchan#16.
21:30:25 INFO  : Connected to target on host '127.0.0.1' and port '3121'.
21:30:25 INFO  : Jtag cable 'Digilent Nexys A7 -100T 210292BCFFDAA' is selected.
21:30:25 INFO  : 'jtag frequency' command is executed.
21:30:26 INFO  : 'targets -set -filter {jtag_cable_name =~ "Digilent Nexys A7 -100T 210292BCFFDAA" && level==0 && jtag_device_ctx=="jsn-Nexys A7 -100T-210292BCFFDAA-13631093-0"}' command is executed.
21:30:28 INFO  : Device configured successfully with "C:/Users/maxgr/Projects/Classes/ECE4300/ECE4300-sha256-microblaze/Vitis/sha_256_test_app/_ide/bitstream/sha256_test_wrapper.bit"
21:30:28 INFO  : Context for processor 'microblaze_0' is selected.
21:30:28 INFO  : Hardware design and registers information is loaded from 'C:/Users/maxgr/Projects/Classes/ECE4300/ECE4300-sha256-microblaze/Vitis/sha256_test_wrapper/export/sha256_test_wrapper/hw/sha256_test_wrapper.xsa'.
21:30:28 INFO  : 'configparams mdm-detect-bscan-mask 2' command is executed.
21:30:28 INFO  : Context for processor 'microblaze_0' is selected.
21:30:28 INFO  : System reset is completed.
21:30:31 INFO  : 'after 3000' command is executed.
21:30:31 INFO  : Context for processor 'microblaze_0' is selected.
21:30:31 INFO  : The application 'C:/Users/maxgr/Projects/Classes/ECE4300/ECE4300-sha256-microblaze/Vitis/sha_256_test_app/Debug/sha_256_test_app.elf' is downloaded to processor 'microblaze_0'.
21:30:31 INFO  : ----------------XSDB Script----------------
connect -url tcp:127.0.0.1:3121
targets -set -filter {jtag_cable_name =~ "Digilent Nexys A7 -100T 210292BCFFDAA" && level==0 && jtag_device_ctx=="jsn-Nexys A7 -100T-210292BCFFDAA-13631093-0"}
fpga -file C:/Users/maxgr/Projects/Classes/ECE4300/ECE4300-sha256-microblaze/Vitis/sha_256_test_app/_ide/bitstream/sha256_test_wrapper.bit
targets -set -nocase -filter {name =~ "*microblaze*#0" && bscan=="USER2" }
loadhw -hw C:/Users/maxgr/Projects/Classes/ECE4300/ECE4300-sha256-microblaze/Vitis/sha256_test_wrapper/export/sha256_test_wrapper/hw/sha256_test_wrapper.xsa -regs
configparams mdm-detect-bscan-mask 2
targets -set -nocase -filter {name =~ "*microblaze*#0" && bscan=="USER2" }
rst -system
after 3000
targets -set -nocase -filter {name =~ "*microblaze*#0" && bscan=="USER2" }
dow C:/Users/maxgr/Projects/Classes/ECE4300/ECE4300-sha256-microblaze/Vitis/sha_256_test_app/Debug/sha_256_test_app.elf
----------------End of Script----------------

21:30:31 INFO  : Context for processor 'microblaze_0' is selected.
21:30:31 INFO  : 'con' command is executed.
21:30:31 INFO  : ----------------XSDB Script (After Launch)----------------
targets -set -nocase -filter {name =~ "*microblaze*#0" && bscan=="USER2" }
con
----------------End of Script----------------

21:30:31 INFO  : Launch script is exported to file 'C:\Users\maxgr\Projects\Classes\ECE4300\ECE4300-sha256-microblaze\Vitis\sha_256_test_app_system\_ide\scripts\debugger_sha_256_test_app-default.tcl'
21:41:15 INFO  : Disconnected from the channel tcfchan#18.
21:41:16 INFO  : Connected to target on host '127.0.0.1' and port '3121'.
21:41:25 INFO  : ----------------XSDB Script----------------
connect -url tcp:127.0.0.1:3121
----------------End of Script----------------

21:41:25 ERROR : Could not find FPGA device on the board for connection 'Local'.


Troubleshooting hints:
1. Check whether board is connected to system properly.
2. In case of zynq board, check whether Digilent/Xilinx cable switch settings are correct.
3. If you are using Xilinx Platform Cable USB, ensure that status LED is green.
21:41:28 INFO  : Connected to target on host '127.0.0.1' and port '3121'.
21:41:28 INFO  : Jtag cable 'Digilent Nexys A7 -100T 210292BCFFDAA' is selected.
21:41:28 INFO  : 'jtag frequency' command is executed.
21:41:28 INFO  : 'targets -set -filter {jtag_cable_name =~ "Digilent Nexys A7 -100T 210292BCFFDAA" && level==0 && jtag_device_ctx=="jsn-Nexys A7 -100T-210292BCFFDAA-13631093-0"}' command is executed.
21:41:30 INFO  : Device configured successfully with "C:/Users/maxgr/Projects/Classes/ECE4300/ECE4300-sha256-microblaze/Vitis/sha_256_test_app/_ide/bitstream/sha256_test_wrapper.bit"
21:41:30 INFO  : Context for processor 'microblaze_0' is selected.
21:41:30 INFO  : Hardware design and registers information is loaded from 'C:/Users/maxgr/Projects/Classes/ECE4300/ECE4300-sha256-microblaze/Vitis/sha256_test_wrapper/export/sha256_test_wrapper/hw/sha256_test_wrapper.xsa'.
21:41:30 INFO  : 'configparams mdm-detect-bscan-mask 2' command is executed.
21:41:30 INFO  : Context for processor 'microblaze_0' is selected.
21:41:30 INFO  : System reset is completed.
21:41:33 INFO  : 'after 3000' command is executed.
21:41:33 INFO  : Context for processor 'microblaze_0' is selected.
21:41:33 INFO  : The application 'C:/Users/maxgr/Projects/Classes/ECE4300/ECE4300-sha256-microblaze/Vitis/sha_256_test_app/Debug/sha_256_test_app.elf' is downloaded to processor 'microblaze_0'.
21:41:33 INFO  : ----------------XSDB Script----------------
connect -url tcp:127.0.0.1:3121
targets -set -filter {jtag_cable_name =~ "Digilent Nexys A7 -100T 210292BCFFDAA" && level==0 && jtag_device_ctx=="jsn-Nexys A7 -100T-210292BCFFDAA-13631093-0"}
fpga -file C:/Users/maxgr/Projects/Classes/ECE4300/ECE4300-sha256-microblaze/Vitis/sha_256_test_app/_ide/bitstream/sha256_test_wrapper.bit
targets -set -nocase -filter {name =~ "*microblaze*#0" && bscan=="USER2" }
loadhw -hw C:/Users/maxgr/Projects/Classes/ECE4300/ECE4300-sha256-microblaze/Vitis/sha256_test_wrapper/export/sha256_test_wrapper/hw/sha256_test_wrapper.xsa -regs
configparams mdm-detect-bscan-mask 2
targets -set -nocase -filter {name =~ "*microblaze*#0" && bscan=="USER2" }
rst -system
after 3000
targets -set -nocase -filter {name =~ "*microblaze*#0" && bscan=="USER2" }
dow C:/Users/maxgr/Projects/Classes/ECE4300/ECE4300-sha256-microblaze/Vitis/sha_256_test_app/Debug/sha_256_test_app.elf
----------------End of Script----------------

21:41:34 INFO  : Context for processor 'microblaze_0' is selected.
21:41:34 INFO  : 'con' command is executed.
21:41:34 INFO  : ----------------XSDB Script (After Launch)----------------
targets -set -nocase -filter {name =~ "*microblaze*#0" && bscan=="USER2" }
con
----------------End of Script----------------

21:41:34 INFO  : Launch script is exported to file 'C:\Users\maxgr\Projects\Classes\ECE4300\ECE4300-sha256-microblaze\Vitis\sha_256_test_app_system\_ide\scripts\debugger_sha_256_test_app-default.tcl'
22:14:39 INFO  : Disconnected from the channel tcfchan#19.
12:32:01 DEBUG : Logs will be stored at 'C:/Users/maxgr/Projects/Classes/ECE4300/ECE4300-sha256-microblaze/Vitis/IDE.log'.
12:32:01 INFO  : Launching XSCT server: xsct.bat -n  -interactive C:\Users\maxgr\Projects\Classes\ECE4300\ECE4300-sha256-microblaze\Vitis\temp_xsdb_launch_script.tcl
12:32:05 INFO  : Registering command handlers for Vitis TCF services
12:32:05 INFO  : XSCT server has started successfully.
12:32:05 INFO  : Successfully done setting XSCT server connection channel  
12:32:05 INFO  : Platform repository initialization has completed.
12:32:10 INFO  : plnx-install-location is set to ''
12:32:10 INFO  : Successfully done setting workspace for the tool. 
12:32:10 INFO  : Successfully done query RDI_DATADIR 
12:32:15 INFO  : Connected to target on host '127.0.0.1' and port '3121'.
12:32:15 INFO  : Jtag cable 'Digilent Nexys A7 -100T 210292BCFFDAA' is selected.
12:32:15 INFO  : 'jtag frequency' command is executed.
12:32:15 INFO  : 'targets -set -filter {jtag_cable_name =~ "Digilent Nexys A7 -100T 210292BCFFDAA" && level==0 && jtag_device_ctx=="jsn-Nexys A7 -100T-210292BCFFDAA-13631093-0"}' command is executed.
12:32:17 INFO  : Device configured successfully with "C:/Users/maxgr/Projects/Classes/ECE4300/ECE4300-sha256-microblaze/Vitis/sha_256_test_app/_ide/bitstream/sha256_test_wrapper.bit"
12:32:17 INFO  : Context for processor 'microblaze_0' is selected.
12:32:18 INFO  : Hardware design and registers information is loaded from 'C:/Users/maxgr/Projects/Classes/ECE4300/ECE4300-sha256-microblaze/Vitis/sha256_test_wrapper/export/sha256_test_wrapper/hw/sha256_test_wrapper.xsa'.
12:32:18 INFO  : 'configparams mdm-detect-bscan-mask 2' command is executed.
12:32:18 INFO  : Context for processor 'microblaze_0' is selected.
12:32:18 INFO  : System reset is completed.
12:32:21 INFO  : 'after 3000' command is executed.
12:32:21 INFO  : Context for processor 'microblaze_0' is selected.
12:32:21 INFO  : The application 'C:/Users/maxgr/Projects/Classes/ECE4300/ECE4300-sha256-microblaze/Vitis/sha_256_test_app/Debug/sha_256_test_app.elf' is downloaded to processor 'microblaze_0'.
12:32:21 INFO  : ----------------XSDB Script----------------
connect -url tcp:127.0.0.1:3121
targets -set -filter {jtag_cable_name =~ "Digilent Nexys A7 -100T 210292BCFFDAA" && level==0 && jtag_device_ctx=="jsn-Nexys A7 -100T-210292BCFFDAA-13631093-0"}
fpga -file C:/Users/maxgr/Projects/Classes/ECE4300/ECE4300-sha256-microblaze/Vitis/sha_256_test_app/_ide/bitstream/sha256_test_wrapper.bit
targets -set -nocase -filter {name =~ "*microblaze*#0" && bscan=="USER2" }
loadhw -hw C:/Users/maxgr/Projects/Classes/ECE4300/ECE4300-sha256-microblaze/Vitis/sha256_test_wrapper/export/sha256_test_wrapper/hw/sha256_test_wrapper.xsa -regs
configparams mdm-detect-bscan-mask 2
targets -set -nocase -filter {name =~ "*microblaze*#0" && bscan=="USER2" }
rst -system
after 3000
targets -set -nocase -filter {name =~ "*microblaze*#0" && bscan=="USER2" }
dow C:/Users/maxgr/Projects/Classes/ECE4300/ECE4300-sha256-microblaze/Vitis/sha_256_test_app/Debug/sha_256_test_app.elf
----------------End of Script----------------

12:32:21 INFO  : Context for processor 'microblaze_0' is selected.
12:32:21 INFO  : 'con' command is executed.
12:32:21 INFO  : ----------------XSDB Script (After Launch)----------------
targets -set -nocase -filter {name =~ "*microblaze*#0" && bscan=="USER2" }
con
----------------End of Script----------------

12:32:21 INFO  : Launch script is exported to file 'C:\Users\maxgr\Projects\Classes\ECE4300\ECE4300-sha256-microblaze\Vitis\sha_256_test_app_system\_ide\scripts\debugger_sha_256_test_app-default.tcl'
12:36:01 INFO  : Disconnected from the channel tcfchan#1.
12:36:02 INFO  : Connected to target on host '127.0.0.1' and port '3121'.
12:36:11 INFO  : ----------------XSDB Script----------------
connect -url tcp:127.0.0.1:3121
----------------End of Script----------------

12:36:11 ERROR : Could not find FPGA device on the board for connection 'Local'.


Troubleshooting hints:
1. Check whether board is connected to system properly.
2. In case of zynq board, check whether Digilent/Xilinx cable switch settings are correct.
3. If you are using Xilinx Platform Cable USB, ensure that status LED is green.
12:36:14 INFO  : Connected to target on host '127.0.0.1' and port '3121'.
12:36:14 INFO  : Jtag cable 'Digilent Nexys A7 -100T 210292BCFFDAA' is selected.
12:36:14 INFO  : 'jtag frequency' command is executed.
12:36:14 INFO  : 'targets -set -filter {jtag_cable_name =~ "Digilent Nexys A7 -100T 210292BCFFDAA" && level==0 && jtag_device_ctx=="jsn-Nexys A7 -100T-210292BCFFDAA-13631093-0"}' command is executed.
12:36:17 INFO  : Device configured successfully with "C:/Users/maxgr/Projects/Classes/ECE4300/ECE4300-sha256-microblaze/Vitis/sha_256_test_app/_ide/bitstream/sha256_test_wrapper.bit"
12:36:17 INFO  : Context for processor 'microblaze_0' is selected.
12:36:17 INFO  : Hardware design and registers information is loaded from 'C:/Users/maxgr/Projects/Classes/ECE4300/ECE4300-sha256-microblaze/Vitis/sha256_test_wrapper/export/sha256_test_wrapper/hw/sha256_test_wrapper.xsa'.
12:36:17 INFO  : 'configparams mdm-detect-bscan-mask 2' command is executed.
12:36:17 INFO  : Context for processor 'microblaze_0' is selected.
12:36:17 INFO  : System reset is completed.
12:36:20 INFO  : 'after 3000' command is executed.
12:36:20 INFO  : Context for processor 'microblaze_0' is selected.
12:36:20 INFO  : The application 'C:/Users/maxgr/Projects/Classes/ECE4300/ECE4300-sha256-microblaze/Vitis/sha_256_test_app/Debug/sha_256_test_app.elf' is downloaded to processor 'microblaze_0'.
12:36:20 INFO  : ----------------XSDB Script----------------
connect -url tcp:127.0.0.1:3121
targets -set -filter {jtag_cable_name =~ "Digilent Nexys A7 -100T 210292BCFFDAA" && level==0 && jtag_device_ctx=="jsn-Nexys A7 -100T-210292BCFFDAA-13631093-0"}
fpga -file C:/Users/maxgr/Projects/Classes/ECE4300/ECE4300-sha256-microblaze/Vitis/sha_256_test_app/_ide/bitstream/sha256_test_wrapper.bit
targets -set -nocase -filter {name =~ "*microblaze*#0" && bscan=="USER2" }
loadhw -hw C:/Users/maxgr/Projects/Classes/ECE4300/ECE4300-sha256-microblaze/Vitis/sha256_test_wrapper/export/sha256_test_wrapper/hw/sha256_test_wrapper.xsa -regs
configparams mdm-detect-bscan-mask 2
targets -set -nocase -filter {name =~ "*microblaze*#0" && bscan=="USER2" }
rst -system
after 3000
targets -set -nocase -filter {name =~ "*microblaze*#0" && bscan=="USER2" }
dow C:/Users/maxgr/Projects/Classes/ECE4300/ECE4300-sha256-microblaze/Vitis/sha_256_test_app/Debug/sha_256_test_app.elf
----------------End of Script----------------

12:36:20 INFO  : Context for processor 'microblaze_0' is selected.
12:36:20 INFO  : 'con' command is executed.
12:36:20 INFO  : ----------------XSDB Script (After Launch)----------------
targets -set -nocase -filter {name =~ "*microblaze*#0" && bscan=="USER2" }
con
----------------End of Script----------------

12:36:20 INFO  : Launch script is exported to file 'C:\Users\maxgr\Projects\Classes\ECE4300\ECE4300-sha256-microblaze\Vitis\sha_256_test_app_system\_ide\scripts\debugger_sha_256_test_app-default.tcl'
12:36:40 INFO  : Checking for BSP changes to sync application flags for project 'sha_256_test_app'...
12:37:07 INFO  : Checking for BSP changes to sync application flags for project 'sha_256_test_app'...
12:37:12 INFO  : Disconnected from the channel tcfchan#2.
12:37:13 INFO  : Connected to target on host '127.0.0.1' and port '3121'.
12:37:14 INFO  : Jtag cable 'Digilent Nexys A7 -100T 210292BCFFDAA' is selected.
12:37:14 INFO  : 'jtag frequency' command is executed.
12:37:14 INFO  : 'targets -set -filter {jtag_cable_name =~ "Digilent Nexys A7 -100T 210292BCFFDAA" && level==0 && jtag_device_ctx=="jsn-Nexys A7 -100T-210292BCFFDAA-13631093-0"}' command is executed.
12:37:16 INFO  : Device configured successfully with "C:/Users/maxgr/Projects/Classes/ECE4300/ECE4300-sha256-microblaze/Vitis/sha_256_test_app/_ide/bitstream/sha256_test_wrapper.bit"
12:37:16 INFO  : Context for processor 'microblaze_0' is selected.
12:37:16 INFO  : Hardware design and registers information is loaded from 'C:/Users/maxgr/Projects/Classes/ECE4300/ECE4300-sha256-microblaze/Vitis/sha256_test_wrapper/export/sha256_test_wrapper/hw/sha256_test_wrapper.xsa'.
12:37:16 INFO  : 'configparams mdm-detect-bscan-mask 2' command is executed.
12:37:16 INFO  : Context for processor 'microblaze_0' is selected.
12:37:16 INFO  : System reset is completed.
12:37:19 INFO  : 'after 3000' command is executed.
12:37:19 INFO  : Context for processor 'microblaze_0' is selected.
12:37:19 INFO  : The application 'C:/Users/maxgr/Projects/Classes/ECE4300/ECE4300-sha256-microblaze/Vitis/sha_256_test_app/Debug/sha_256_test_app.elf' is downloaded to processor 'microblaze_0'.
12:37:19 INFO  : ----------------XSDB Script----------------
connect -url tcp:127.0.0.1:3121
targets -set -filter {jtag_cable_name =~ "Digilent Nexys A7 -100T 210292BCFFDAA" && level==0 && jtag_device_ctx=="jsn-Nexys A7 -100T-210292BCFFDAA-13631093-0"}
fpga -file C:/Users/maxgr/Projects/Classes/ECE4300/ECE4300-sha256-microblaze/Vitis/sha_256_test_app/_ide/bitstream/sha256_test_wrapper.bit
targets -set -nocase -filter {name =~ "*microblaze*#0" && bscan=="USER2" }
loadhw -hw C:/Users/maxgr/Projects/Classes/ECE4300/ECE4300-sha256-microblaze/Vitis/sha256_test_wrapper/export/sha256_test_wrapper/hw/sha256_test_wrapper.xsa -regs
configparams mdm-detect-bscan-mask 2
targets -set -nocase -filter {name =~ "*microblaze*#0" && bscan=="USER2" }
rst -system
after 3000
targets -set -nocase -filter {name =~ "*microblaze*#0" && bscan=="USER2" }
dow C:/Users/maxgr/Projects/Classes/ECE4300/ECE4300-sha256-microblaze/Vitis/sha_256_test_app/Debug/sha_256_test_app.elf
----------------End of Script----------------

12:37:19 INFO  : Context for processor 'microblaze_0' is selected.
12:37:19 INFO  : 'con' command is executed.
12:37:19 INFO  : ----------------XSDB Script (After Launch)----------------
targets -set -nocase -filter {name =~ "*microblaze*#0" && bscan=="USER2" }
con
----------------End of Script----------------

12:37:19 INFO  : Launch script is exported to file 'C:\Users\maxgr\Projects\Classes\ECE4300\ECE4300-sha256-microblaze\Vitis\sha_256_test_app_system\_ide\scripts\debugger_sha_256_test_app-default.tcl'
13:08:49 INFO  : Checking for BSP changes to sync application flags for project 'sha_256_test_app'...
13:08:55 INFO  : Disconnected from the channel tcfchan#3.
13:08:56 INFO  : Connected to target on host '127.0.0.1' and port '3121'.
13:09:05 INFO  : ----------------XSDB Script----------------
connect -url tcp:127.0.0.1:3121
----------------End of Script----------------

13:09:05 ERROR : Could not find FPGA device on the board for connection 'Local'.


Troubleshooting hints:
1. Check whether board is connected to system properly.
2. In case of zynq board, check whether Digilent/Xilinx cable switch settings are correct.
3. If you are using Xilinx Platform Cable USB, ensure that status LED is green.
13:09:08 INFO  : Connected to target on host '127.0.0.1' and port '3121'.
13:09:08 INFO  : Jtag cable 'Digilent Nexys A7 -100T 210292BCFFDAA' is selected.
13:09:08 INFO  : 'jtag frequency' command is executed.
13:09:08 INFO  : 'targets -set -filter {jtag_cable_name =~ "Digilent Nexys A7 -100T 210292BCFFDAA" && level==0 && jtag_device_ctx=="jsn-Nexys A7 -100T-210292BCFFDAA-13631093-0"}' command is executed.
13:09:10 INFO  : Device configured successfully with "C:/Users/maxgr/Projects/Classes/ECE4300/ECE4300-sha256-microblaze/Vitis/sha_256_test_app/_ide/bitstream/sha256_test_wrapper.bit"
13:09:10 INFO  : Context for processor 'microblaze_0' is selected.
13:09:11 INFO  : Hardware design and registers information is loaded from 'C:/Users/maxgr/Projects/Classes/ECE4300/ECE4300-sha256-microblaze/Vitis/sha256_test_wrapper/export/sha256_test_wrapper/hw/sha256_test_wrapper.xsa'.
13:09:11 INFO  : 'configparams mdm-detect-bscan-mask 2' command is executed.
13:09:11 INFO  : Context for processor 'microblaze_0' is selected.
13:09:11 INFO  : System reset is completed.
13:09:14 INFO  : 'after 3000' command is executed.
13:09:14 INFO  : Context for processor 'microblaze_0' is selected.
13:09:14 INFO  : The application 'C:/Users/maxgr/Projects/Classes/ECE4300/ECE4300-sha256-microblaze/Vitis/sha_256_test_app/Debug/sha_256_test_app.elf' is downloaded to processor 'microblaze_0'.
13:09:14 INFO  : ----------------XSDB Script----------------
connect -url tcp:127.0.0.1:3121
targets -set -filter {jtag_cable_name =~ "Digilent Nexys A7 -100T 210292BCFFDAA" && level==0 && jtag_device_ctx=="jsn-Nexys A7 -100T-210292BCFFDAA-13631093-0"}
fpga -file C:/Users/maxgr/Projects/Classes/ECE4300/ECE4300-sha256-microblaze/Vitis/sha_256_test_app/_ide/bitstream/sha256_test_wrapper.bit
targets -set -nocase -filter {name =~ "*microblaze*#0" && bscan=="USER2" }
loadhw -hw C:/Users/maxgr/Projects/Classes/ECE4300/ECE4300-sha256-microblaze/Vitis/sha256_test_wrapper/export/sha256_test_wrapper/hw/sha256_test_wrapper.xsa -regs
configparams mdm-detect-bscan-mask 2
targets -set -nocase -filter {name =~ "*microblaze*#0" && bscan=="USER2" }
rst -system
after 3000
targets -set -nocase -filter {name =~ "*microblaze*#0" && bscan=="USER2" }
dow C:/Users/maxgr/Projects/Classes/ECE4300/ECE4300-sha256-microblaze/Vitis/sha_256_test_app/Debug/sha_256_test_app.elf
----------------End of Script----------------

13:09:14 INFO  : Context for processor 'microblaze_0' is selected.
13:09:14 INFO  : 'con' command is executed.
13:09:14 INFO  : ----------------XSDB Script (After Launch)----------------
targets -set -nocase -filter {name =~ "*microblaze*#0" && bscan=="USER2" }
con
----------------End of Script----------------

13:09:14 INFO  : Launch script is exported to file 'C:\Users\maxgr\Projects\Classes\ECE4300\ECE4300-sha256-microblaze\Vitis\sha_256_test_app_system\_ide\scripts\debugger_sha_256_test_app-default.tcl'
22:05:50 INFO  : Disconnected from the channel tcfchan#4.
00:21:08 DEBUG : Logs will be stored at 'C:/Users/maxgr/Projects/Classes/ECE4300/ECE4300-sha256-microblaze/Vitis/IDE.log'.
00:21:09 INFO  : Launching XSCT server: xsct.bat -n  -interactive C:\Users\maxgr\Projects\Classes\ECE4300\ECE4300-sha256-microblaze\Vitis\temp_xsdb_launch_script.tcl
00:21:13 INFO  : Registering command handlers for Vitis TCF services
00:21:13 INFO  : Platform repository initialization has completed.
00:21:14 INFO  : XSCT server has started successfully.
00:21:14 INFO  : plnx-install-location is set to ''
00:21:14 INFO  : Successfully done setting XSCT server connection channel  
00:21:19 INFO  : Successfully done setting workspace for the tool. 
00:21:19 INFO  : Successfully done query RDI_DATADIR 
00:30:04 INFO  : Connected to target on host '127.0.0.1' and port '3121'.
00:30:04 INFO  : Jtag cable 'Digilent Nexys A7 -100T 210292BCFFDAA' is selected.
00:30:04 INFO  : 'jtag frequency' command is executed.
00:30:04 INFO  : 'targets -set -filter {jtag_cable_name =~ "Digilent Nexys A7 -100T 210292BCFFDAA" && level==0 && jtag_device_ctx=="jsn-Nexys A7 -100T-210292BCFFDAA-13631093-0"}' command is executed.
00:30:07 INFO  : Device configured successfully with "C:/Users/maxgr/Projects/Classes/ECE4300/ECE4300-sha256-microblaze/Vitis/sha_256_test_app/_ide/bitstream/sha256_test_wrapper.bit"
00:30:07 INFO  : Context for processor 'microblaze_0' is selected.
00:30:07 INFO  : Hardware design and registers information is loaded from 'C:/Users/maxgr/Projects/Classes/ECE4300/ECE4300-sha256-microblaze/Vitis/sha256_test_wrapper/export/sha256_test_wrapper/hw/sha256_test_wrapper.xsa'.
00:30:07 INFO  : 'configparams mdm-detect-bscan-mask 2' command is executed.
00:30:07 INFO  : Context for processor 'microblaze_0' is selected.
00:30:07 INFO  : System reset is completed.
00:30:10 INFO  : 'after 3000' command is executed.
00:30:10 INFO  : Context for processor 'microblaze_0' is selected.
00:30:10 INFO  : The application 'C:/Users/maxgr/Projects/Classes/ECE4300/ECE4300-sha256-microblaze/Vitis/sha_256_test_app/Debug/sha_256_test_app.elf' is downloaded to processor 'microblaze_0'.
00:30:10 INFO  : ----------------XSDB Script----------------
connect -url tcp:127.0.0.1:3121
targets -set -filter {jtag_cable_name =~ "Digilent Nexys A7 -100T 210292BCFFDAA" && level==0 && jtag_device_ctx=="jsn-Nexys A7 -100T-210292BCFFDAA-13631093-0"}
fpga -file C:/Users/maxgr/Projects/Classes/ECE4300/ECE4300-sha256-microblaze/Vitis/sha_256_test_app/_ide/bitstream/sha256_test_wrapper.bit
targets -set -nocase -filter {name =~ "*microblaze*#0" && bscan=="USER2" }
loadhw -hw C:/Users/maxgr/Projects/Classes/ECE4300/ECE4300-sha256-microblaze/Vitis/sha256_test_wrapper/export/sha256_test_wrapper/hw/sha256_test_wrapper.xsa -regs
configparams mdm-detect-bscan-mask 2
targets -set -nocase -filter {name =~ "*microblaze*#0" && bscan=="USER2" }
rst -system
after 3000
targets -set -nocase -filter {name =~ "*microblaze*#0" && bscan=="USER2" }
dow C:/Users/maxgr/Projects/Classes/ECE4300/ECE4300-sha256-microblaze/Vitis/sha_256_test_app/Debug/sha_256_test_app.elf
----------------End of Script----------------

00:30:10 INFO  : Context for processor 'microblaze_0' is selected.
00:30:10 INFO  : 'con' command is executed.
00:30:10 INFO  : ----------------XSDB Script (After Launch)----------------
targets -set -nocase -filter {name =~ "*microblaze*#0" && bscan=="USER2" }
con
----------------End of Script----------------

00:30:10 INFO  : Launch script is exported to file 'C:\Users\maxgr\Projects\Classes\ECE4300\ECE4300-sha256-microblaze\Vitis\sha_256_test_app_system\_ide\scripts\debugger_sha_256_test_app-default.tcl'
00:31:01 INFO  : Disconnected from the channel tcfchan#1.
00:31:02 INFO  : Connected to target on host '127.0.0.1' and port '3121'.
00:31:02 INFO  : Jtag cable 'Digilent Nexys A7 -100T 210292BCFFDAA' is selected.
00:31:02 INFO  : 'jtag frequency' command is executed.
00:31:03 INFO  : 'targets -set -filter {jtag_cable_name =~ "Digilent Nexys A7 -100T 210292BCFFDAA" && level==0 && jtag_device_ctx=="jsn-Nexys A7 -100T-210292BCFFDAA-13631093-0"}' command is executed.
00:31:05 INFO  : Device configured successfully with "C:/Users/maxgr/Projects/Classes/ECE4300/ECE4300-sha256-microblaze/Vitis/sha_256_test_app/_ide/bitstream/sha256_test_wrapper.bit"
00:31:05 INFO  : Context for processor 'microblaze_0' is selected.
00:31:05 INFO  : Hardware design and registers information is loaded from 'C:/Users/maxgr/Projects/Classes/ECE4300/ECE4300-sha256-microblaze/Vitis/sha256_test_wrapper/export/sha256_test_wrapper/hw/sha256_test_wrapper.xsa'.
00:31:05 INFO  : 'configparams mdm-detect-bscan-mask 2' command is executed.
00:31:05 INFO  : Context for processor 'microblaze_0' is selected.
00:31:05 INFO  : System reset is completed.
00:31:08 INFO  : 'after 3000' command is executed.
00:31:08 INFO  : Context for processor 'microblaze_0' is selected.
00:31:08 INFO  : The application 'C:/Users/maxgr/Projects/Classes/ECE4300/ECE4300-sha256-microblaze/Vitis/sha_256_test_app/Debug/sha_256_test_app.elf' is downloaded to processor 'microblaze_0'.
00:31:08 INFO  : ----------------XSDB Script----------------
connect -url tcp:127.0.0.1:3121
targets -set -filter {jtag_cable_name =~ "Digilent Nexys A7 -100T 210292BCFFDAA" && level==0 && jtag_device_ctx=="jsn-Nexys A7 -100T-210292BCFFDAA-13631093-0"}
fpga -file C:/Users/maxgr/Projects/Classes/ECE4300/ECE4300-sha256-microblaze/Vitis/sha_256_test_app/_ide/bitstream/sha256_test_wrapper.bit
targets -set -nocase -filter {name =~ "*microblaze*#0" && bscan=="USER2" }
loadhw -hw C:/Users/maxgr/Projects/Classes/ECE4300/ECE4300-sha256-microblaze/Vitis/sha256_test_wrapper/export/sha256_test_wrapper/hw/sha256_test_wrapper.xsa -regs
configparams mdm-detect-bscan-mask 2
targets -set -nocase -filter {name =~ "*microblaze*#0" && bscan=="USER2" }
rst -system
after 3000
targets -set -nocase -filter {name =~ "*microblaze*#0" && bscan=="USER2" }
dow C:/Users/maxgr/Projects/Classes/ECE4300/ECE4300-sha256-microblaze/Vitis/sha_256_test_app/Debug/sha_256_test_app.elf
----------------End of Script----------------

00:31:08 INFO  : Context for processor 'microblaze_0' is selected.
00:31:08 INFO  : 'con' command is executed.
00:31:08 INFO  : ----------------XSDB Script (After Launch)----------------
targets -set -nocase -filter {name =~ "*microblaze*#0" && bscan=="USER2" }
con
----------------End of Script----------------

00:31:08 INFO  : Launch script is exported to file 'C:\Users\maxgr\Projects\Classes\ECE4300\ECE4300-sha256-microblaze\Vitis\sha_256_test_app_system\_ide\scripts\debugger_sha_256_test_app-default.tcl'
00:31:58 INFO  : Disconnected from the channel tcfchan#2.
00:31:59 INFO  : Connected to target on host '127.0.0.1' and port '3121'.
00:32:08 INFO  : ----------------XSDB Script----------------
connect -url tcp:127.0.0.1:3121
----------------End of Script----------------

00:32:08 ERROR : Could not find FPGA device on the board for connection 'Local'.


Troubleshooting hints:
1. Check whether board is connected to system properly.
2. In case of zynq board, check whether Digilent/Xilinx cable switch settings are correct.
3. If you are using Xilinx Platform Cable USB, ensure that status LED is green.
00:32:15 INFO  : Connected to target on host '127.0.0.1' and port '3121'.
00:32:15 INFO  : Jtag cable 'Digilent Nexys A7 -100T 210292BCFFDAA' is selected.
00:32:15 INFO  : 'jtag frequency' command is executed.
00:32:15 INFO  : 'targets -set -filter {jtag_cable_name =~ "Digilent Nexys A7 -100T 210292BCFFDAA" && level==0 && jtag_device_ctx=="jsn-Nexys A7 -100T-210292BCFFDAA-13631093-0"}' command is executed.
00:32:17 INFO  : Device configured successfully with "C:/Users/maxgr/Projects/Classes/ECE4300/ECE4300-sha256-microblaze/Vitis/sha_256_test_app/_ide/bitstream/sha256_test_wrapper.bit"
00:32:17 INFO  : Context for processor 'microblaze_0' is selected.
00:32:18 INFO  : Hardware design and registers information is loaded from 'C:/Users/maxgr/Projects/Classes/ECE4300/ECE4300-sha256-microblaze/Vitis/sha256_test_wrapper/export/sha256_test_wrapper/hw/sha256_test_wrapper.xsa'.
00:32:18 INFO  : 'configparams mdm-detect-bscan-mask 2' command is executed.
00:32:18 INFO  : Context for processor 'microblaze_0' is selected.
00:32:18 INFO  : System reset is completed.
00:32:21 INFO  : 'after 3000' command is executed.
00:32:21 INFO  : Context for processor 'microblaze_0' is selected.
00:32:21 INFO  : The application 'C:/Users/maxgr/Projects/Classes/ECE4300/ECE4300-sha256-microblaze/Vitis/sha_256_test_app/Debug/sha_256_test_app.elf' is downloaded to processor 'microblaze_0'.
00:32:21 INFO  : ----------------XSDB Script----------------
connect -url tcp:127.0.0.1:3121
targets -set -filter {jtag_cable_name =~ "Digilent Nexys A7 -100T 210292BCFFDAA" && level==0 && jtag_device_ctx=="jsn-Nexys A7 -100T-210292BCFFDAA-13631093-0"}
fpga -file C:/Users/maxgr/Projects/Classes/ECE4300/ECE4300-sha256-microblaze/Vitis/sha_256_test_app/_ide/bitstream/sha256_test_wrapper.bit
targets -set -nocase -filter {name =~ "*microblaze*#0" && bscan=="USER2" }
loadhw -hw C:/Users/maxgr/Projects/Classes/ECE4300/ECE4300-sha256-microblaze/Vitis/sha256_test_wrapper/export/sha256_test_wrapper/hw/sha256_test_wrapper.xsa -regs
configparams mdm-detect-bscan-mask 2
targets -set -nocase -filter {name =~ "*microblaze*#0" && bscan=="USER2" }
rst -system
after 3000
targets -set -nocase -filter {name =~ "*microblaze*#0" && bscan=="USER2" }
dow C:/Users/maxgr/Projects/Classes/ECE4300/ECE4300-sha256-microblaze/Vitis/sha_256_test_app/Debug/sha_256_test_app.elf
----------------End of Script----------------

00:32:21 INFO  : Context for processor 'microblaze_0' is selected.
00:32:21 INFO  : 'con' command is executed.
00:32:21 INFO  : ----------------XSDB Script (After Launch)----------------
targets -set -nocase -filter {name =~ "*microblaze*#0" && bscan=="USER2" }
con
----------------End of Script----------------

00:32:21 INFO  : Launch script is exported to file 'C:\Users\maxgr\Projects\Classes\ECE4300\ECE4300-sha256-microblaze\Vitis\sha_256_test_app_system\_ide\scripts\debugger_sha_256_test_app-default.tcl'
00:32:59 INFO  : Disconnected from the channel tcfchan#3.
00:33:00 INFO  : Connected to target on host '127.0.0.1' and port '3121'.
00:33:09 INFO  : ----------------XSDB Script----------------
connect -url tcp:127.0.0.1:3121
----------------End of Script----------------

00:33:09 ERROR : Could not find FPGA device on the board for connection 'Local'.


Troubleshooting hints:
1. Check whether board is connected to system properly.
2. In case of zynq board, check whether Digilent/Xilinx cable switch settings are correct.
3. If you are using Xilinx Platform Cable USB, ensure that status LED is green.
00:33:10 INFO  : Connected to target on host '127.0.0.1' and port '3121'.
00:33:10 INFO  : Jtag cable 'Digilent Nexys A7 -100T 210292BCFFDAA' is selected.
00:33:10 INFO  : 'jtag frequency' command is executed.
00:33:10 INFO  : 'targets -set -filter {jtag_cable_name =~ "Digilent Nexys A7 -100T 210292BCFFDAA" && level==0 && jtag_device_ctx=="jsn-Nexys A7 -100T-210292BCFFDAA-13631093-0"}' command is executed.
00:33:12 INFO  : Device configured successfully with "C:/Users/maxgr/Projects/Classes/ECE4300/ECE4300-sha256-microblaze/Vitis/sha_256_test_app/_ide/bitstream/sha256_test_wrapper.bit"
00:33:12 INFO  : Context for processor 'microblaze_0' is selected.
00:33:13 INFO  : Hardware design and registers information is loaded from 'C:/Users/maxgr/Projects/Classes/ECE4300/ECE4300-sha256-microblaze/Vitis/sha256_test_wrapper/export/sha256_test_wrapper/hw/sha256_test_wrapper.xsa'.
00:33:13 INFO  : 'configparams mdm-detect-bscan-mask 2' command is executed.
00:33:13 INFO  : Context for processor 'microblaze_0' is selected.
00:33:13 INFO  : System reset is completed.
00:33:16 INFO  : 'after 3000' command is executed.
00:33:16 INFO  : Context for processor 'microblaze_0' is selected.
00:33:16 INFO  : The application 'C:/Users/maxgr/Projects/Classes/ECE4300/ECE4300-sha256-microblaze/Vitis/sha_256_test_app/Debug/sha_256_test_app.elf' is downloaded to processor 'microblaze_0'.
00:33:16 INFO  : ----------------XSDB Script----------------
connect -url tcp:127.0.0.1:3121
targets -set -filter {jtag_cable_name =~ "Digilent Nexys A7 -100T 210292BCFFDAA" && level==0 && jtag_device_ctx=="jsn-Nexys A7 -100T-210292BCFFDAA-13631093-0"}
fpga -file C:/Users/maxgr/Projects/Classes/ECE4300/ECE4300-sha256-microblaze/Vitis/sha_256_test_app/_ide/bitstream/sha256_test_wrapper.bit
targets -set -nocase -filter {name =~ "*microblaze*#0" && bscan=="USER2" }
loadhw -hw C:/Users/maxgr/Projects/Classes/ECE4300/ECE4300-sha256-microblaze/Vitis/sha256_test_wrapper/export/sha256_test_wrapper/hw/sha256_test_wrapper.xsa -regs
configparams mdm-detect-bscan-mask 2
targets -set -nocase -filter {name =~ "*microblaze*#0" && bscan=="USER2" }
rst -system
after 3000
targets -set -nocase -filter {name =~ "*microblaze*#0" && bscan=="USER2" }
dow C:/Users/maxgr/Projects/Classes/ECE4300/ECE4300-sha256-microblaze/Vitis/sha_256_test_app/Debug/sha_256_test_app.elf
----------------End of Script----------------

00:33:16 INFO  : Context for processor 'microblaze_0' is selected.
00:33:16 INFO  : 'con' command is executed.
00:33:16 INFO  : ----------------XSDB Script (After Launch)----------------
targets -set -nocase -filter {name =~ "*microblaze*#0" && bscan=="USER2" }
con
----------------End of Script----------------

00:33:16 INFO  : Launch script is exported to file 'C:\Users\maxgr\Projects\Classes\ECE4300\ECE4300-sha256-microblaze\Vitis\sha_256_test_app_system\_ide\scripts\debugger_sha_256_test_app-default.tcl'
00:35:53 INFO  : Disconnected from the channel tcfchan#4.
00:35:54 INFO  : Connected to target on host '127.0.0.1' and port '3121'.
00:36:03 INFO  : ----------------XSDB Script----------------
connect -url tcp:127.0.0.1:3121
----------------End of Script----------------

00:36:03 ERROR : Could not find FPGA device on the board for connection 'Local'.


Troubleshooting hints:
1. Check whether board is connected to system properly.
2. In case of zynq board, check whether Digilent/Xilinx cable switch settings are correct.
3. If you are using Xilinx Platform Cable USB, ensure that status LED is green.
00:36:39 INFO  : Connected to target on host '127.0.0.1' and port '3121'.
00:36:39 INFO  : Jtag cable 'Digilent Nexys A7 -100T 210292BCFFDAA' is selected.
00:36:39 INFO  : 'jtag frequency' command is executed.
00:36:39 INFO  : 'targets -set -filter {jtag_cable_name =~ "Digilent Nexys A7 -100T 210292BCFFDAA" && level==0 && jtag_device_ctx=="jsn-Nexys A7 -100T-210292BCFFDAA-13631093-0"}' command is executed.
00:36:42 INFO  : Device configured successfully with "C:/Users/maxgr/Projects/Classes/ECE4300/ECE4300-sha256-microblaze/Vitis/sha_256_test_app/_ide/bitstream/sha256_test_wrapper.bit"
00:36:42 INFO  : Context for processor 'microblaze_0' is selected.
00:36:42 INFO  : Hardware design and registers information is loaded from 'C:/Users/maxgr/Projects/Classes/ECE4300/ECE4300-sha256-microblaze/Vitis/sha256_test_wrapper/export/sha256_test_wrapper/hw/sha256_test_wrapper.xsa'.
00:36:42 INFO  : 'configparams mdm-detect-bscan-mask 2' command is executed.
00:36:42 INFO  : Context for processor 'microblaze_0' is selected.
00:36:42 INFO  : System reset is completed.
00:36:45 INFO  : 'after 3000' command is executed.
00:36:45 INFO  : Context for processor 'microblaze_0' is selected.
00:36:45 INFO  : The application 'C:/Users/maxgr/Projects/Classes/ECE4300/ECE4300-sha256-microblaze/Vitis/sha_256_test_app/Debug/sha_256_test_app.elf' is downloaded to processor 'microblaze_0'.
00:36:45 INFO  : ----------------XSDB Script----------------
connect -url tcp:127.0.0.1:3121
targets -set -filter {jtag_cable_name =~ "Digilent Nexys A7 -100T 210292BCFFDAA" && level==0 && jtag_device_ctx=="jsn-Nexys A7 -100T-210292BCFFDAA-13631093-0"}
fpga -file C:/Users/maxgr/Projects/Classes/ECE4300/ECE4300-sha256-microblaze/Vitis/sha_256_test_app/_ide/bitstream/sha256_test_wrapper.bit
targets -set -nocase -filter {name =~ "*microblaze*#0" && bscan=="USER2" }
loadhw -hw C:/Users/maxgr/Projects/Classes/ECE4300/ECE4300-sha256-microblaze/Vitis/sha256_test_wrapper/export/sha256_test_wrapper/hw/sha256_test_wrapper.xsa -regs
configparams mdm-detect-bscan-mask 2
targets -set -nocase -filter {name =~ "*microblaze*#0" && bscan=="USER2" }
rst -system
after 3000
targets -set -nocase -filter {name =~ "*microblaze*#0" && bscan=="USER2" }
dow C:/Users/maxgr/Projects/Classes/ECE4300/ECE4300-sha256-microblaze/Vitis/sha_256_test_app/Debug/sha_256_test_app.elf
----------------End of Script----------------

00:36:45 INFO  : Context for processor 'microblaze_0' is selected.
00:36:45 INFO  : 'con' command is executed.
00:36:45 INFO  : ----------------XSDB Script (After Launch)----------------
targets -set -nocase -filter {name =~ "*microblaze*#0" && bscan=="USER2" }
con
----------------End of Script----------------

00:36:45 INFO  : Launch script is exported to file 'C:\Users\maxgr\Projects\Classes\ECE4300\ECE4300-sha256-microblaze\Vitis\sha_256_test_app_system\_ide\scripts\debugger_sha_256_test_app-default.tcl'
00:37:53 INFO  : Disconnected from the channel tcfchan#5.
00:38:18 INFO  : Connected to target on host '127.0.0.1' and port '3121'.
00:38:18 INFO  : Jtag cable 'Digilent Nexys A7 -100T 210292BCFFDAA' is selected.
00:38:18 INFO  : 'jtag frequency' command is executed.
00:38:18 INFO  : 'targets -set -filter {jtag_cable_name =~ "Digilent Nexys A7 -100T 210292BCFFDAA" && level==0 && jtag_device_ctx=="jsn-Nexys A7 -100T-210292BCFFDAA-13631093-0"}' command is executed.
00:38:20 INFO  : Device configured successfully with "C:/Users/maxgr/Projects/Classes/ECE4300/ECE4300-sha256-microblaze/Vitis/sha_256_test_app/_ide/bitstream/sha256_test_wrapper.bit"
00:38:20 INFO  : Context for processor 'microblaze_0' is selected.
00:38:20 INFO  : Hardware design and registers information is loaded from 'C:/Users/maxgr/Projects/Classes/ECE4300/ECE4300-sha256-microblaze/Vitis/sha256_test_wrapper/export/sha256_test_wrapper/hw/sha256_test_wrapper.xsa'.
00:38:20 INFO  : 'configparams mdm-detect-bscan-mask 2' command is executed.
00:38:20 INFO  : Context for processor 'microblaze_0' is selected.
00:38:20 INFO  : System reset is completed.
00:38:23 INFO  : 'after 3000' command is executed.
00:38:24 INFO  : Context for processor 'microblaze_0' is selected.
00:38:24 INFO  : The application 'C:/Users/maxgr/Projects/Classes/ECE4300/ECE4300-sha256-microblaze/Vitis/sha_256_test_app/Debug/sha_256_test_app.elf' is downloaded to processor 'microblaze_0'.
00:38:24 INFO  : ----------------XSDB Script----------------
connect -url tcp:127.0.0.1:3121
targets -set -filter {jtag_cable_name =~ "Digilent Nexys A7 -100T 210292BCFFDAA" && level==0 && jtag_device_ctx=="jsn-Nexys A7 -100T-210292BCFFDAA-13631093-0"}
fpga -file C:/Users/maxgr/Projects/Classes/ECE4300/ECE4300-sha256-microblaze/Vitis/sha_256_test_app/_ide/bitstream/sha256_test_wrapper.bit
targets -set -nocase -filter {name =~ "*microblaze*#0" && bscan=="USER2" }
loadhw -hw C:/Users/maxgr/Projects/Classes/ECE4300/ECE4300-sha256-microblaze/Vitis/sha256_test_wrapper/export/sha256_test_wrapper/hw/sha256_test_wrapper.xsa -regs
configparams mdm-detect-bscan-mask 2
targets -set -nocase -filter {name =~ "*microblaze*#0" && bscan=="USER2" }
rst -system
after 3000
targets -set -nocase -filter {name =~ "*microblaze*#0" && bscan=="USER2" }
dow C:/Users/maxgr/Projects/Classes/ECE4300/ECE4300-sha256-microblaze/Vitis/sha_256_test_app/Debug/sha_256_test_app.elf
----------------End of Script----------------

00:38:24 INFO  : Context for processor 'microblaze_0' is selected.
00:38:24 INFO  : 'con' command is executed.
00:38:24 INFO  : ----------------XSDB Script (After Launch)----------------
targets -set -nocase -filter {name =~ "*microblaze*#0" && bscan=="USER2" }
con
----------------End of Script----------------

00:38:24 INFO  : Launch script is exported to file 'C:\Users\maxgr\Projects\Classes\ECE4300\ECE4300-sha256-microblaze\Vitis\sha_256_test_app_system\_ide\scripts\debugger_sha_256_test_app-default.tcl'
00:41:24 INFO  : Disconnected from the channel tcfchan#6.
00:41:25 INFO  : Connected to target on host '127.0.0.1' and port '3121'.
00:41:34 INFO  : ----------------XSDB Script----------------
connect -url tcp:127.0.0.1:3121
----------------End of Script----------------

00:41:34 ERROR : Could not find FPGA device on the board for connection 'Local'.


Troubleshooting hints:
1. Check whether board is connected to system properly.
2. In case of zynq board, check whether Digilent/Xilinx cable switch settings are correct.
3. If you are using Xilinx Platform Cable USB, ensure that status LED is green.
00:41:36 INFO  : Connected to target on host '127.0.0.1' and port '3121'.
00:41:37 INFO  : Jtag cable 'Digilent Nexys A7 -100T 210292BCFFDAA' is selected.
00:41:37 INFO  : 'jtag frequency' command is executed.
00:41:37 INFO  : 'targets -set -filter {jtag_cable_name =~ "Digilent Nexys A7 -100T 210292BCFFDAA" && level==0 && jtag_device_ctx=="jsn-Nexys A7 -100T-210292BCFFDAA-13631093-0"}' command is executed.
00:41:39 INFO  : Device configured successfully with "C:/Users/maxgr/Projects/Classes/ECE4300/ECE4300-sha256-microblaze/Vitis/sha_256_test_app/_ide/bitstream/sha256_test_wrapper.bit"
00:41:39 INFO  : Context for processor 'microblaze_0' is selected.
00:41:39 INFO  : Hardware design and registers information is loaded from 'C:/Users/maxgr/Projects/Classes/ECE4300/ECE4300-sha256-microblaze/Vitis/sha256_test_wrapper/export/sha256_test_wrapper/hw/sha256_test_wrapper.xsa'.
00:41:39 INFO  : 'configparams mdm-detect-bscan-mask 2' command is executed.
00:41:39 INFO  : Context for processor 'microblaze_0' is selected.
00:41:39 INFO  : System reset is completed.
00:41:42 INFO  : 'after 3000' command is executed.
00:41:42 INFO  : Context for processor 'microblaze_0' is selected.
00:41:42 INFO  : The application 'C:/Users/maxgr/Projects/Classes/ECE4300/ECE4300-sha256-microblaze/Vitis/sha_256_test_app/Debug/sha_256_test_app.elf' is downloaded to processor 'microblaze_0'.
00:41:42 INFO  : ----------------XSDB Script----------------
connect -url tcp:127.0.0.1:3121
targets -set -filter {jtag_cable_name =~ "Digilent Nexys A7 -100T 210292BCFFDAA" && level==0 && jtag_device_ctx=="jsn-Nexys A7 -100T-210292BCFFDAA-13631093-0"}
fpga -file C:/Users/maxgr/Projects/Classes/ECE4300/ECE4300-sha256-microblaze/Vitis/sha_256_test_app/_ide/bitstream/sha256_test_wrapper.bit
targets -set -nocase -filter {name =~ "*microblaze*#0" && bscan=="USER2" }
loadhw -hw C:/Users/maxgr/Projects/Classes/ECE4300/ECE4300-sha256-microblaze/Vitis/sha256_test_wrapper/export/sha256_test_wrapper/hw/sha256_test_wrapper.xsa -regs
configparams mdm-detect-bscan-mask 2
targets -set -nocase -filter {name =~ "*microblaze*#0" && bscan=="USER2" }
rst -system
after 3000
targets -set -nocase -filter {name =~ "*microblaze*#0" && bscan=="USER2" }
dow C:/Users/maxgr/Projects/Classes/ECE4300/ECE4300-sha256-microblaze/Vitis/sha_256_test_app/Debug/sha_256_test_app.elf
----------------End of Script----------------

00:41:42 INFO  : Context for processor 'microblaze_0' is selected.
00:41:42 INFO  : 'con' command is executed.
00:41:42 INFO  : ----------------XSDB Script (After Launch)----------------
targets -set -nocase -filter {name =~ "*microblaze*#0" && bscan=="USER2" }
con
----------------End of Script----------------

00:41:42 INFO  : Launch script is exported to file 'C:\Users\maxgr\Projects\Classes\ECE4300\ECE4300-sha256-microblaze\Vitis\sha_256_test_app_system\_ide\scripts\debugger_sha_256_test_app-default.tcl'
00:41:49 INFO  : Disconnected from the channel tcfchan#7.
00:41:50 INFO  : Connected to target on host '127.0.0.1' and port '3121'.
00:41:59 INFO  : ----------------XSDB Script----------------
connect -url tcp:127.0.0.1:3121
----------------End of Script----------------

00:41:59 ERROR : Could not find FPGA device on the board for connection 'Local'.


Troubleshooting hints:
1. Check whether board is connected to system properly.
2. In case of zynq board, check whether Digilent/Xilinx cable switch settings are correct.
3. If you are using Xilinx Platform Cable USB, ensure that status LED is green.
00:42:01 INFO  : Connected to target on host '127.0.0.1' and port '3121'.
00:42:01 INFO  : Jtag cable 'Digilent Nexys A7 -100T 210292BCFFDAA' is selected.
00:42:01 INFO  : 'jtag frequency' command is executed.
00:42:01 INFO  : 'targets -set -filter {jtag_cable_name =~ "Digilent Nexys A7 -100T 210292BCFFDAA" && level==0 && jtag_device_ctx=="jsn-Nexys A7 -100T-210292BCFFDAA-13631093-0"}' command is executed.
00:42:04 INFO  : Device configured successfully with "C:/Users/maxgr/Projects/Classes/ECE4300/ECE4300-sha256-microblaze/Vitis/sha_256_test_app/_ide/bitstream/sha256_test_wrapper.bit"
00:42:04 INFO  : Context for processor 'microblaze_0' is selected.
00:42:04 INFO  : Hardware design and registers information is loaded from 'C:/Users/maxgr/Projects/Classes/ECE4300/ECE4300-sha256-microblaze/Vitis/sha256_test_wrapper/export/sha256_test_wrapper/hw/sha256_test_wrapper.xsa'.
00:42:04 INFO  : 'configparams mdm-detect-bscan-mask 2' command is executed.
00:42:04 INFO  : Context for processor 'microblaze_0' is selected.
00:42:04 INFO  : System reset is completed.
00:42:07 INFO  : 'after 3000' command is executed.
00:42:07 INFO  : Context for processor 'microblaze_0' is selected.
00:42:07 INFO  : The application 'C:/Users/maxgr/Projects/Classes/ECE4300/ECE4300-sha256-microblaze/Vitis/sha_256_test_app/Debug/sha_256_test_app.elf' is downloaded to processor 'microblaze_0'.
00:42:07 INFO  : ----------------XSDB Script----------------
connect -url tcp:127.0.0.1:3121
targets -set -filter {jtag_cable_name =~ "Digilent Nexys A7 -100T 210292BCFFDAA" && level==0 && jtag_device_ctx=="jsn-Nexys A7 -100T-210292BCFFDAA-13631093-0"}
fpga -file C:/Users/maxgr/Projects/Classes/ECE4300/ECE4300-sha256-microblaze/Vitis/sha_256_test_app/_ide/bitstream/sha256_test_wrapper.bit
targets -set -nocase -filter {name =~ "*microblaze*#0" && bscan=="USER2" }
loadhw -hw C:/Users/maxgr/Projects/Classes/ECE4300/ECE4300-sha256-microblaze/Vitis/sha256_test_wrapper/export/sha256_test_wrapper/hw/sha256_test_wrapper.xsa -regs
configparams mdm-detect-bscan-mask 2
targets -set -nocase -filter {name =~ "*microblaze*#0" && bscan=="USER2" }
rst -system
after 3000
targets -set -nocase -filter {name =~ "*microblaze*#0" && bscan=="USER2" }
dow C:/Users/maxgr/Projects/Classes/ECE4300/ECE4300-sha256-microblaze/Vitis/sha_256_test_app/Debug/sha_256_test_app.elf
----------------End of Script----------------

00:42:07 INFO  : Context for processor 'microblaze_0' is selected.
00:42:07 INFO  : 'con' command is executed.
00:42:07 INFO  : ----------------XSDB Script (After Launch)----------------
targets -set -nocase -filter {name =~ "*microblaze*#0" && bscan=="USER2" }
con
----------------End of Script----------------

00:42:07 INFO  : Launch script is exported to file 'C:\Users\maxgr\Projects\Classes\ECE4300\ECE4300-sha256-microblaze\Vitis\sha_256_test_app_system\_ide\scripts\debugger_sha_256_test_app-default.tcl'
12:47:54 DEBUG : Logs will be stored at 'C:/Users/maxgr/Projects/Classes/ECE4300/ECE4300-sha256-microblaze/Vitis/IDE.log'.
12:47:55 INFO  : Launching XSCT server: xsct.bat -n  -interactive C:\Users\maxgr\Projects\Classes\ECE4300\ECE4300-sha256-microblaze\Vitis\temp_xsdb_launch_script.tcl
12:47:58 INFO  : Platform repository initialization has completed.
12:48:00 INFO  : XSCT server has started successfully.
12:48:00 INFO  : Successfully done setting XSCT server connection channel  
12:48:00 INFO  : plnx-install-location is set to ''
12:48:00 INFO  : Successfully done setting workspace for the tool. 
12:48:07 INFO  : Registering command handlers for Vitis TCF services
12:48:12 INFO  : Successfully done query RDI_DATADIR 
12:49:36 INFO  : Successfully generated migration script at C:/Users/maxgr/Projects/Classes/ECE4300/ECE4300-sha256-microblaze/Vitis_Uni/migrate.py
12:56:28 INFO  : Result from executing command 'getProjects': sha256_test_wrapper
12:56:28 INFO  : Result from executing command 'getPlatforms': sha256_test_wrapper|C:/Users/maxgr/Projects/Classes/ECE4300/ECE4300-sha256-microblaze/Vitis/sha256_test_wrapper/export/sha256_test_wrapper/sha256_test_wrapper.xpfm;xilinx_zcu102_base_202320_1|C:/Xilinx/Vitis/2023.2/base_platforms/xilinx_zcu102_base_202320_1/xilinx_zcu102_base_202320_1.xpfm;xilinx_zcu102_base_dfx_202320_1|C:/Xilinx/Vitis/2023.2/base_platforms/xilinx_zcu102_base_dfx_202320_1/xilinx_zcu102_base_dfx_202320_1.xpfm;xilinx_zcu104_base_202320_1|C:/Xilinx/Vitis/2023.2/base_platforms/xilinx_zcu104_base_202320_1/xilinx_zcu104_base_202320_1.xpfm
12:56:29 INFO  : Checking for BSP changes to sync application flags for project 'sha_256_test_app'...
12:56:39 INFO  : Checking for BSP changes to sync application flags for project 'sha_256_test_app'...
12:56:49 INFO  : Connected to target on host '127.0.0.1' and port '3121'.
12:56:50 INFO  : Jtag cable 'Digilent Nexys A7 -100T 210292BCFFDAA' is selected.
12:56:50 INFO  : 'jtag frequency' command is executed.
12:56:50 INFO  : 'targets -set -filter {jtag_cable_name =~ "Digilent Nexys A7 -100T 210292BCFFDAA" && level==0 && jtag_device_ctx=="jsn-Nexys A7 -100T-210292BCFFDAA-13631093-0"}' command is executed.
12:56:52 INFO  : Device configured successfully with "C:/Users/maxgr/Projects/Classes/ECE4300/ECE4300-sha256-microblaze/Vitis/sha_256_test_app/_ide/bitstream/sha256_test_wrapper.bit"
12:56:52 INFO  : Context for processor 'microblaze_0' is selected.
12:56:52 INFO  : Hardware design and registers information is loaded from 'C:/Users/maxgr/Projects/Classes/ECE4300/ECE4300-sha256-microblaze/Vitis/sha256_test_wrapper/export/sha256_test_wrapper/hw/sha256_test_wrapper.xsa'.
12:56:52 INFO  : 'configparams mdm-detect-bscan-mask 2' command is executed.
12:56:52 INFO  : Context for processor 'microblaze_0' is selected.
12:56:52 INFO  : System reset is completed.
12:56:55 INFO  : 'after 3000' command is executed.
12:56:56 INFO  : Context for processor 'microblaze_0' is selected.
12:56:56 INFO  : The application 'C:/Users/maxgr/Projects/Classes/ECE4300/ECE4300-sha256-microblaze/Vitis/sha_256_test_app/Debug/sha_256_test_app.elf' is downloaded to processor 'microblaze_0'.
12:56:56 INFO  : ----------------XSDB Script----------------
connect -url tcp:127.0.0.1:3121
targets -set -filter {jtag_cable_name =~ "Digilent Nexys A7 -100T 210292BCFFDAA" && level==0 && jtag_device_ctx=="jsn-Nexys A7 -100T-210292BCFFDAA-13631093-0"}
fpga -file C:/Users/maxgr/Projects/Classes/ECE4300/ECE4300-sha256-microblaze/Vitis/sha_256_test_app/_ide/bitstream/sha256_test_wrapper.bit
targets -set -nocase -filter {name =~ "*microblaze*#0" && bscan=="USER2" }
loadhw -hw C:/Users/maxgr/Projects/Classes/ECE4300/ECE4300-sha256-microblaze/Vitis/sha256_test_wrapper/export/sha256_test_wrapper/hw/sha256_test_wrapper.xsa -regs
configparams mdm-detect-bscan-mask 2
targets -set -nocase -filter {name =~ "*microblaze*#0" && bscan=="USER2" }
rst -system
after 3000
targets -set -nocase -filter {name =~ "*microblaze*#0" && bscan=="USER2" }
dow C:/Users/maxgr/Projects/Classes/ECE4300/ECE4300-sha256-microblaze/Vitis/sha_256_test_app/Debug/sha_256_test_app.elf
----------------End of Script----------------

12:56:56 INFO  : Context for processor 'microblaze_0' is selected.
12:56:56 INFO  : 'con' command is executed.
12:56:56 INFO  : ----------------XSDB Script (After Launch)----------------
targets -set -nocase -filter {name =~ "*microblaze*#0" && bscan=="USER2" }
con
----------------End of Script----------------

12:56:56 INFO  : Launch script is exported to file 'C:\Users\maxgr\Projects\Classes\ECE4300\ECE4300-sha256-microblaze\Vitis\sha_256_test_app_system\_ide\scripts\debugger_sha_256_test_app-default.tcl'
12:57:17 INFO  : Disconnected from the channel tcfchan#2.
12:57:18 INFO  : Connected to target on host '127.0.0.1' and port '3121'.
12:57:28 INFO  : ----------------XSDB Script----------------
connect -url tcp:127.0.0.1:3121
----------------End of Script----------------

12:57:28 ERROR : Could not find FPGA device on the board for connection 'Local'.


Troubleshooting hints:
1. Check whether board is connected to system properly.
2. In case of zynq board, check whether Digilent/Xilinx cable switch settings are correct.
3. If you are using Xilinx Platform Cable USB, ensure that status LED is green.
12:57:30 INFO  : Connected to target on host '127.0.0.1' and port '3121'.
12:57:30 INFO  : Jtag cable 'Digilent Nexys A7 -100T 210292BCFFDAA' is selected.
12:57:30 INFO  : 'jtag frequency' command is executed.
12:57:30 INFO  : 'targets -set -filter {jtag_cable_name =~ "Digilent Nexys A7 -100T 210292BCFFDAA" && level==0 && jtag_device_ctx=="jsn-Nexys A7 -100T-210292BCFFDAA-13631093-0"}' command is executed.
12:57:32 INFO  : Device configured successfully with "C:/Users/maxgr/Projects/Classes/ECE4300/ECE4300-sha256-microblaze/Vitis/sha_256_test_app/_ide/bitstream/sha256_test_wrapper.bit"
12:57:32 INFO  : Context for processor 'microblaze_0' is selected.
12:57:32 INFO  : Hardware design and registers information is loaded from 'C:/Users/maxgr/Projects/Classes/ECE4300/ECE4300-sha256-microblaze/Vitis/sha256_test_wrapper/export/sha256_test_wrapper/hw/sha256_test_wrapper.xsa'.
12:57:32 INFO  : 'configparams mdm-detect-bscan-mask 2' command is executed.
12:57:32 INFO  : Context for processor 'microblaze_0' is selected.
12:57:32 INFO  : System reset is completed.
12:57:35 INFO  : 'after 3000' command is executed.
12:57:35 INFO  : Context for processor 'microblaze_0' is selected.
12:57:35 INFO  : The application 'C:/Users/maxgr/Projects/Classes/ECE4300/ECE4300-sha256-microblaze/Vitis/sha_256_test_app/Debug/sha_256_test_app.elf' is downloaded to processor 'microblaze_0'.
12:57:35 INFO  : ----------------XSDB Script----------------
connect -url tcp:127.0.0.1:3121
targets -set -filter {jtag_cable_name =~ "Digilent Nexys A7 -100T 210292BCFFDAA" && level==0 && jtag_device_ctx=="jsn-Nexys A7 -100T-210292BCFFDAA-13631093-0"}
fpga -file C:/Users/maxgr/Projects/Classes/ECE4300/ECE4300-sha256-microblaze/Vitis/sha_256_test_app/_ide/bitstream/sha256_test_wrapper.bit
targets -set -nocase -filter {name =~ "*microblaze*#0" && bscan=="USER2" }
loadhw -hw C:/Users/maxgr/Projects/Classes/ECE4300/ECE4300-sha256-microblaze/Vitis/sha256_test_wrapper/export/sha256_test_wrapper/hw/sha256_test_wrapper.xsa -regs
configparams mdm-detect-bscan-mask 2
targets -set -nocase -filter {name =~ "*microblaze*#0" && bscan=="USER2" }
rst -system
after 3000
targets -set -nocase -filter {name =~ "*microblaze*#0" && bscan=="USER2" }
dow C:/Users/maxgr/Projects/Classes/ECE4300/ECE4300-sha256-microblaze/Vitis/sha_256_test_app/Debug/sha_256_test_app.elf
----------------End of Script----------------

12:57:35 INFO  : Context for processor 'microblaze_0' is selected.
12:57:35 INFO  : 'con' command is executed.
12:57:35 INFO  : ----------------XSDB Script (After Launch)----------------
targets -set -nocase -filter {name =~ "*microblaze*#0" && bscan=="USER2" }
con
----------------End of Script----------------

12:57:35 INFO  : Launch script is exported to file 'C:\Users\maxgr\Projects\Classes\ECE4300\ECE4300-sha256-microblaze\Vitis\sha_256_test_app_system\_ide\scripts\debugger_sha_256_test_app-default.tcl'
12:57:58 INFO  : Disconnected from the channel tcfchan#3.
12:57:59 INFO  : Connected to target on host '127.0.0.1' and port '3121'.
12:58:08 INFO  : ----------------XSDB Script----------------
connect -url tcp:127.0.0.1:3121
----------------End of Script----------------

12:58:08 ERROR : Could not find FPGA device on the board for connection 'Local'.


Troubleshooting hints:
1. Check whether board is connected to system properly.
2. In case of zynq board, check whether Digilent/Xilinx cable switch settings are correct.
3. If you are using Xilinx Platform Cable USB, ensure that status LED is green.
12:58:11 INFO  : Connected to target on host '127.0.0.1' and port '3121'.
12:58:11 INFO  : Jtag cable 'Digilent Nexys A7 -100T 210292BCFFDAA' is selected.
12:58:11 INFO  : 'jtag frequency' command is executed.
12:58:11 INFO  : 'targets -set -filter {jtag_cable_name =~ "Digilent Nexys A7 -100T 210292BCFFDAA" && level==0 && jtag_device_ctx=="jsn-Nexys A7 -100T-210292BCFFDAA-13631093-0"}' command is executed.
12:58:14 INFO  : Device configured successfully with "C:/Users/maxgr/Projects/Classes/ECE4300/ECE4300-sha256-microblaze/Vitis/sha_256_test_app/_ide/bitstream/sha256_test_wrapper.bit"
12:58:14 INFO  : Context for processor 'microblaze_0' is selected.
12:58:14 INFO  : Hardware design and registers information is loaded from 'C:/Users/maxgr/Projects/Classes/ECE4300/ECE4300-sha256-microblaze/Vitis/sha256_test_wrapper/export/sha256_test_wrapper/hw/sha256_test_wrapper.xsa'.
12:58:14 INFO  : 'configparams mdm-detect-bscan-mask 2' command is executed.
12:58:14 INFO  : Context for processor 'microblaze_0' is selected.
12:58:14 INFO  : System reset is completed.
12:58:17 INFO  : 'after 3000' command is executed.
12:58:17 INFO  : Context for processor 'microblaze_0' is selected.
12:58:17 INFO  : The application 'C:/Users/maxgr/Projects/Classes/ECE4300/ECE4300-sha256-microblaze/Vitis/sha_256_test_app/Debug/sha_256_test_app.elf' is downloaded to processor 'microblaze_0'.
12:58:17 INFO  : ----------------XSDB Script----------------
connect -url tcp:127.0.0.1:3121
targets -set -filter {jtag_cable_name =~ "Digilent Nexys A7 -100T 210292BCFFDAA" && level==0 && jtag_device_ctx=="jsn-Nexys A7 -100T-210292BCFFDAA-13631093-0"}
fpga -file C:/Users/maxgr/Projects/Classes/ECE4300/ECE4300-sha256-microblaze/Vitis/sha_256_test_app/_ide/bitstream/sha256_test_wrapper.bit
targets -set -nocase -filter {name =~ "*microblaze*#0" && bscan=="USER2" }
loadhw -hw C:/Users/maxgr/Projects/Classes/ECE4300/ECE4300-sha256-microblaze/Vitis/sha256_test_wrapper/export/sha256_test_wrapper/hw/sha256_test_wrapper.xsa -regs
configparams mdm-detect-bscan-mask 2
targets -set -nocase -filter {name =~ "*microblaze*#0" && bscan=="USER2" }
rst -system
after 3000
targets -set -nocase -filter {name =~ "*microblaze*#0" && bscan=="USER2" }
dow C:/Users/maxgr/Projects/Classes/ECE4300/ECE4300-sha256-microblaze/Vitis/sha_256_test_app/Debug/sha_256_test_app.elf
----------------End of Script----------------

12:58:17 INFO  : Context for processor 'microblaze_0' is selected.
12:58:17 INFO  : 'con' command is executed.
12:58:17 INFO  : ----------------XSDB Script (After Launch)----------------
targets -set -nocase -filter {name =~ "*microblaze*#0" && bscan=="USER2" }
con
----------------End of Script----------------

12:58:17 INFO  : Launch script is exported to file 'C:\Users\maxgr\Projects\Classes\ECE4300\ECE4300-sha256-microblaze\Vitis\sha_256_test_app_system\_ide\scripts\debugger_sha_256_test_app-default.tcl'
13:05:53 INFO  : Checking for BSP changes to sync application flags for project 'sha_256_test_app'...
13:05:59 INFO  : Disconnected from the channel tcfchan#4.
13:06:00 INFO  : Connected to target on host '127.0.0.1' and port '3121'.
13:06:00 INFO  : Jtag cable 'Digilent Nexys A7 -100T 210292BCFFDAA' is selected.
13:06:00 INFO  : 'jtag frequency' command is executed.
13:06:01 INFO  : 'targets -set -filter {jtag_cable_name =~ "Digilent Nexys A7 -100T 210292BCFFDAA" && level==0 && jtag_device_ctx=="jsn-Nexys A7 -100T-210292BCFFDAA-13631093-0"}' command is executed.
13:06:03 INFO  : Device configured successfully with "C:/Users/maxgr/Projects/Classes/ECE4300/ECE4300-sha256-microblaze/Vitis/sha_256_test_app/_ide/bitstream/sha256_test_wrapper.bit"
13:06:03 INFO  : Context for processor 'microblaze_0' is selected.
13:06:03 INFO  : Hardware design and registers information is loaded from 'C:/Users/maxgr/Projects/Classes/ECE4300/ECE4300-sha256-microblaze/Vitis/sha256_test_wrapper/export/sha256_test_wrapper/hw/sha256_test_wrapper.xsa'.
13:06:03 INFO  : 'configparams mdm-detect-bscan-mask 2' command is executed.
13:06:03 INFO  : Context for processor 'microblaze_0' is selected.
13:06:03 INFO  : System reset is completed.
13:06:06 INFO  : 'after 3000' command is executed.
13:06:06 INFO  : Context for processor 'microblaze_0' is selected.
13:06:06 INFO  : The application 'C:/Users/maxgr/Projects/Classes/ECE4300/ECE4300-sha256-microblaze/Vitis/sha_256_test_app/Debug/sha_256_test_app.elf' is downloaded to processor 'microblaze_0'.
13:06:06 INFO  : ----------------XSDB Script----------------
connect -url tcp:127.0.0.1:3121
targets -set -filter {jtag_cable_name =~ "Digilent Nexys A7 -100T 210292BCFFDAA" && level==0 && jtag_device_ctx=="jsn-Nexys A7 -100T-210292BCFFDAA-13631093-0"}
fpga -file C:/Users/maxgr/Projects/Classes/ECE4300/ECE4300-sha256-microblaze/Vitis/sha_256_test_app/_ide/bitstream/sha256_test_wrapper.bit
targets -set -nocase -filter {name =~ "*microblaze*#0" && bscan=="USER2" }
loadhw -hw C:/Users/maxgr/Projects/Classes/ECE4300/ECE4300-sha256-microblaze/Vitis/sha256_test_wrapper/export/sha256_test_wrapper/hw/sha256_test_wrapper.xsa -regs
configparams mdm-detect-bscan-mask 2
targets -set -nocase -filter {name =~ "*microblaze*#0" && bscan=="USER2" }
rst -system
after 3000
targets -set -nocase -filter {name =~ "*microblaze*#0" && bscan=="USER2" }
dow C:/Users/maxgr/Projects/Classes/ECE4300/ECE4300-sha256-microblaze/Vitis/sha_256_test_app/Debug/sha_256_test_app.elf
----------------End of Script----------------

13:06:06 INFO  : Context for processor 'microblaze_0' is selected.
13:06:06 INFO  : 'con' command is executed.
13:06:06 INFO  : ----------------XSDB Script (After Launch)----------------
targets -set -nocase -filter {name =~ "*microblaze*#0" && bscan=="USER2" }
con
----------------End of Script----------------

13:06:06 INFO  : Launch script is exported to file 'C:\Users\maxgr\Projects\Classes\ECE4300\ECE4300-sha256-microblaze\Vitis\sha_256_test_app_system\_ide\scripts\debugger_sha_256_test_app-default.tcl'
13:07:04 INFO  : Disconnected from the channel tcfchan#5.
13:07:05 INFO  : Connected to target on host '127.0.0.1' and port '3121'.
13:07:14 INFO  : ----------------XSDB Script----------------
connect -url tcp:127.0.0.1:3121
----------------End of Script----------------

13:07:14 ERROR : Could not find FPGA device on the board for connection 'Local'.


Troubleshooting hints:
1. Check whether board is connected to system properly.
2. In case of zynq board, check whether Digilent/Xilinx cable switch settings are correct.
3. If you are using Xilinx Platform Cable USB, ensure that status LED is green.
13:07:17 INFO  : Connected to target on host '127.0.0.1' and port '3121'.
13:07:17 INFO  : Jtag cable 'Digilent Nexys A7 -100T 210292BCFFDAA' is selected.
13:07:17 INFO  : 'jtag frequency' command is executed.
13:07:17 INFO  : 'targets -set -filter {jtag_cable_name =~ "Digilent Nexys A7 -100T 210292BCFFDAA" && level==0 && jtag_device_ctx=="jsn-Nexys A7 -100T-210292BCFFDAA-13631093-0"}' command is executed.
13:07:19 INFO  : Device configured successfully with "C:/Users/maxgr/Projects/Classes/ECE4300/ECE4300-sha256-microblaze/Vitis/sha_256_test_app/_ide/bitstream/sha256_test_wrapper.bit"
13:07:19 INFO  : Context for processor 'microblaze_0' is selected.
13:07:19 INFO  : Hardware design and registers information is loaded from 'C:/Users/maxgr/Projects/Classes/ECE4300/ECE4300-sha256-microblaze/Vitis/sha256_test_wrapper/export/sha256_test_wrapper/hw/sha256_test_wrapper.xsa'.
13:07:19 INFO  : 'configparams mdm-detect-bscan-mask 2' command is executed.
13:07:19 INFO  : Context for processor 'microblaze_0' is selected.
13:07:19 INFO  : System reset is completed.
13:07:22 INFO  : 'after 3000' command is executed.
13:07:22 INFO  : Context for processor 'microblaze_0' is selected.
13:07:22 INFO  : The application 'C:/Users/maxgr/Projects/Classes/ECE4300/ECE4300-sha256-microblaze/Vitis/sha_256_test_app/Debug/sha_256_test_app.elf' is downloaded to processor 'microblaze_0'.
13:07:22 INFO  : ----------------XSDB Script----------------
connect -url tcp:127.0.0.1:3121
targets -set -filter {jtag_cable_name =~ "Digilent Nexys A7 -100T 210292BCFFDAA" && level==0 && jtag_device_ctx=="jsn-Nexys A7 -100T-210292BCFFDAA-13631093-0"}
fpga -file C:/Users/maxgr/Projects/Classes/ECE4300/ECE4300-sha256-microblaze/Vitis/sha_256_test_app/_ide/bitstream/sha256_test_wrapper.bit
targets -set -nocase -filter {name =~ "*microblaze*#0" && bscan=="USER2" }
loadhw -hw C:/Users/maxgr/Projects/Classes/ECE4300/ECE4300-sha256-microblaze/Vitis/sha256_test_wrapper/export/sha256_test_wrapper/hw/sha256_test_wrapper.xsa -regs
configparams mdm-detect-bscan-mask 2
targets -set -nocase -filter {name =~ "*microblaze*#0" && bscan=="USER2" }
rst -system
after 3000
targets -set -nocase -filter {name =~ "*microblaze*#0" && bscan=="USER2" }
dow C:/Users/maxgr/Projects/Classes/ECE4300/ECE4300-sha256-microblaze/Vitis/sha_256_test_app/Debug/sha_256_test_app.elf
----------------End of Script----------------

13:07:22 INFO  : Context for processor 'microblaze_0' is selected.
13:07:22 INFO  : 'con' command is executed.
13:07:22 INFO  : ----------------XSDB Script (After Launch)----------------
targets -set -nocase -filter {name =~ "*microblaze*#0" && bscan=="USER2" }
con
----------------End of Script----------------

13:07:22 INFO  : Launch script is exported to file 'C:\Users\maxgr\Projects\Classes\ECE4300\ECE4300-sha256-microblaze\Vitis\sha_256_test_app_system\_ide\scripts\debugger_sha_256_test_app-default.tcl'
13:08:31 INFO  : Disconnected from the channel tcfchan#6.
13:08:32 INFO  : Connected to target on host '127.0.0.1' and port '3121'.
13:08:41 INFO  : ----------------XSDB Script----------------
connect -url tcp:127.0.0.1:3121
----------------End of Script----------------

13:08:41 ERROR : Could not find FPGA device on the board for connection 'Local'.


Troubleshooting hints:
1. Check whether board is connected to system properly.
2. In case of zynq board, check whether Digilent/Xilinx cable switch settings are correct.
3. If you are using Xilinx Platform Cable USB, ensure that status LED is green.
13:08:43 INFO  : Connected to target on host '127.0.0.1' and port '3121'.
13:08:43 INFO  : Jtag cable 'Digilent Nexys A7 -100T 210292BCFFDAA' is selected.
13:08:43 INFO  : 'jtag frequency' command is executed.
13:08:43 INFO  : 'targets -set -filter {jtag_cable_name =~ "Digilent Nexys A7 -100T 210292BCFFDAA" && level==0 && jtag_device_ctx=="jsn-Nexys A7 -100T-210292BCFFDAA-13631093-0"}' command is executed.
13:08:45 INFO  : Device configured successfully with "C:/Users/maxgr/Projects/Classes/ECE4300/ECE4300-sha256-microblaze/Vitis/sha_256_test_app/_ide/bitstream/sha256_test_wrapper.bit"
13:08:45 INFO  : Context for processor 'microblaze_0' is selected.
13:08:45 INFO  : Hardware design and registers information is loaded from 'C:/Users/maxgr/Projects/Classes/ECE4300/ECE4300-sha256-microblaze/Vitis/sha256_test_wrapper/export/sha256_test_wrapper/hw/sha256_test_wrapper.xsa'.
13:08:45 INFO  : 'configparams mdm-detect-bscan-mask 2' command is executed.
13:08:45 INFO  : Context for processor 'microblaze_0' is selected.
13:08:45 INFO  : System reset is completed.
13:08:48 INFO  : 'after 3000' command is executed.
13:08:48 INFO  : Context for processor 'microblaze_0' is selected.
13:08:48 INFO  : The application 'C:/Users/maxgr/Projects/Classes/ECE4300/ECE4300-sha256-microblaze/Vitis/sha_256_test_app/Debug/sha_256_test_app.elf' is downloaded to processor 'microblaze_0'.
13:08:48 INFO  : ----------------XSDB Script----------------
connect -url tcp:127.0.0.1:3121
targets -set -filter {jtag_cable_name =~ "Digilent Nexys A7 -100T 210292BCFFDAA" && level==0 && jtag_device_ctx=="jsn-Nexys A7 -100T-210292BCFFDAA-13631093-0"}
fpga -file C:/Users/maxgr/Projects/Classes/ECE4300/ECE4300-sha256-microblaze/Vitis/sha_256_test_app/_ide/bitstream/sha256_test_wrapper.bit
targets -set -nocase -filter {name =~ "*microblaze*#0" && bscan=="USER2" }
loadhw -hw C:/Users/maxgr/Projects/Classes/ECE4300/ECE4300-sha256-microblaze/Vitis/sha256_test_wrapper/export/sha256_test_wrapper/hw/sha256_test_wrapper.xsa -regs
configparams mdm-detect-bscan-mask 2
targets -set -nocase -filter {name =~ "*microblaze*#0" && bscan=="USER2" }
rst -system
after 3000
targets -set -nocase -filter {name =~ "*microblaze*#0" && bscan=="USER2" }
dow C:/Users/maxgr/Projects/Classes/ECE4300/ECE4300-sha256-microblaze/Vitis/sha_256_test_app/Debug/sha_256_test_app.elf
----------------End of Script----------------

13:08:48 INFO  : Context for processor 'microblaze_0' is selected.
13:08:48 INFO  : 'con' command is executed.
13:08:48 INFO  : ----------------XSDB Script (After Launch)----------------
targets -set -nocase -filter {name =~ "*microblaze*#0" && bscan=="USER2" }
con
----------------End of Script----------------

13:08:48 INFO  : Launch script is exported to file 'C:\Users\maxgr\Projects\Classes\ECE4300\ECE4300-sha256-microblaze\Vitis\sha_256_test_app_system\_ide\scripts\debugger_sha_256_test_app-default.tcl'
13:10:30 INFO  : Disconnected from the channel tcfchan#7.
13:10:31 INFO  : Connected to target on host '127.0.0.1' and port '3121'.
13:10:41 INFO  : ----------------XSDB Script----------------
connect -url tcp:127.0.0.1:3121
----------------End of Script----------------

13:10:41 ERROR : Could not find FPGA device on the board for connection 'Local'.


Troubleshooting hints:
1. Check whether board is connected to system properly.
2. In case of zynq board, check whether Digilent/Xilinx cable switch settings are correct.
3. If you are using Xilinx Platform Cable USB, ensure that status LED is green.
13:10:44 INFO  : Connected to target on host '127.0.0.1' and port '3121'.
13:10:44 INFO  : Jtag cable 'Digilent Nexys A7 -100T 210292BCFFDAA' is selected.
13:10:44 INFO  : 'jtag frequency' command is executed.
13:10:44 INFO  : 'targets -set -filter {jtag_cable_name =~ "Digilent Nexys A7 -100T 210292BCFFDAA" && level==0 && jtag_device_ctx=="jsn-Nexys A7 -100T-210292BCFFDAA-13631093-0"}' command is executed.
13:10:46 INFO  : Device configured successfully with "C:/Users/maxgr/Projects/Classes/ECE4300/ECE4300-sha256-microblaze/Vitis/sha_256_test_app/_ide/bitstream/sha256_test_wrapper.bit"
13:10:46 INFO  : Context for processor 'microblaze_0' is selected.
13:10:46 INFO  : Hardware design and registers information is loaded from 'C:/Users/maxgr/Projects/Classes/ECE4300/ECE4300-sha256-microblaze/Vitis/sha256_test_wrapper/export/sha256_test_wrapper/hw/sha256_test_wrapper.xsa'.
13:10:46 INFO  : 'configparams mdm-detect-bscan-mask 2' command is executed.
13:10:46 INFO  : Context for processor 'microblaze_0' is selected.
13:10:46 INFO  : System reset is completed.
13:10:49 INFO  : 'after 3000' command is executed.
13:10:49 INFO  : Context for processor 'microblaze_0' is selected.
13:10:49 INFO  : The application 'C:/Users/maxgr/Projects/Classes/ECE4300/ECE4300-sha256-microblaze/Vitis/sha_256_test_app/Debug/sha_256_test_app.elf' is downloaded to processor 'microblaze_0'.
13:10:49 INFO  : ----------------XSDB Script----------------
connect -url tcp:127.0.0.1:3121
targets -set -filter {jtag_cable_name =~ "Digilent Nexys A7 -100T 210292BCFFDAA" && level==0 && jtag_device_ctx=="jsn-Nexys A7 -100T-210292BCFFDAA-13631093-0"}
fpga -file C:/Users/maxgr/Projects/Classes/ECE4300/ECE4300-sha256-microblaze/Vitis/sha_256_test_app/_ide/bitstream/sha256_test_wrapper.bit
targets -set -nocase -filter {name =~ "*microblaze*#0" && bscan=="USER2" }
loadhw -hw C:/Users/maxgr/Projects/Classes/ECE4300/ECE4300-sha256-microblaze/Vitis/sha256_test_wrapper/export/sha256_test_wrapper/hw/sha256_test_wrapper.xsa -regs
configparams mdm-detect-bscan-mask 2
targets -set -nocase -filter {name =~ "*microblaze*#0" && bscan=="USER2" }
rst -system
after 3000
targets -set -nocase -filter {name =~ "*microblaze*#0" && bscan=="USER2" }
dow C:/Users/maxgr/Projects/Classes/ECE4300/ECE4300-sha256-microblaze/Vitis/sha_256_test_app/Debug/sha_256_test_app.elf
----------------End of Script----------------

13:10:50 INFO  : Context for processor 'microblaze_0' is selected.
13:10:50 INFO  : 'con' command is executed.
13:10:50 INFO  : ----------------XSDB Script (After Launch)----------------
targets -set -nocase -filter {name =~ "*microblaze*#0" && bscan=="USER2" }
con
----------------End of Script----------------

13:10:50 INFO  : Launch script is exported to file 'C:\Users\maxgr\Projects\Classes\ECE4300\ECE4300-sha256-microblaze\Vitis\sha_256_test_app_system\_ide\scripts\debugger_sha_256_test_app-default.tcl'
13:12:04 INFO  : Disconnected from the channel tcfchan#8.
13:12:05 INFO  : Connected to target on host '127.0.0.1' and port '3121'.
13:12:05 INFO  : Jtag cable 'Digilent Nexys A7 -100T 210292BCFFDAA' is selected.
13:12:05 INFO  : 'jtag frequency' command is executed.
13:12:05 INFO  : 'targets -set -filter {jtag_cable_name =~ "Digilent Nexys A7 -100T 210292BCFFDAA" && level==0 && jtag_device_ctx=="jsn-Nexys A7 -100T-210292BCFFDAA-13631093-0"}' command is executed.
13:12:07 INFO  : Device configured successfully with "C:/Users/maxgr/Projects/Classes/ECE4300/ECE4300-sha256-microblaze/Vitis/sha_256_test_app/_ide/bitstream/sha256_test_wrapper.bit"
13:12:07 INFO  : Context for processor 'microblaze_0' is selected.
13:12:07 INFO  : Hardware design and registers information is loaded from 'C:/Users/maxgr/Projects/Classes/ECE4300/ECE4300-sha256-microblaze/Vitis/sha256_test_wrapper/export/sha256_test_wrapper/hw/sha256_test_wrapper.xsa'.
13:12:07 INFO  : 'configparams mdm-detect-bscan-mask 2' command is executed.
13:12:07 INFO  : Context for processor 'microblaze_0' is selected.
13:12:07 INFO  : System reset is completed.
13:12:10 INFO  : 'after 3000' command is executed.
13:12:10 INFO  : Context for processor 'microblaze_0' is selected.
13:12:10 INFO  : The application 'C:/Users/maxgr/Projects/Classes/ECE4300/ECE4300-sha256-microblaze/Vitis/sha_256_test_app/Debug/sha_256_test_app.elf' is downloaded to processor 'microblaze_0'.
13:12:10 INFO  : ----------------XSDB Script----------------
connect -url tcp:127.0.0.1:3121
targets -set -filter {jtag_cable_name =~ "Digilent Nexys A7 -100T 210292BCFFDAA" && level==0 && jtag_device_ctx=="jsn-Nexys A7 -100T-210292BCFFDAA-13631093-0"}
fpga -file C:/Users/maxgr/Projects/Classes/ECE4300/ECE4300-sha256-microblaze/Vitis/sha_256_test_app/_ide/bitstream/sha256_test_wrapper.bit
targets -set -nocase -filter {name =~ "*microblaze*#0" && bscan=="USER2" }
loadhw -hw C:/Users/maxgr/Projects/Classes/ECE4300/ECE4300-sha256-microblaze/Vitis/sha256_test_wrapper/export/sha256_test_wrapper/hw/sha256_test_wrapper.xsa -regs
configparams mdm-detect-bscan-mask 2
targets -set -nocase -filter {name =~ "*microblaze*#0" && bscan=="USER2" }
rst -system
after 3000
targets -set -nocase -filter {name =~ "*microblaze*#0" && bscan=="USER2" }
dow C:/Users/maxgr/Projects/Classes/ECE4300/ECE4300-sha256-microblaze/Vitis/sha_256_test_app/Debug/sha_256_test_app.elf
----------------End of Script----------------

13:12:10 INFO  : Context for processor 'microblaze_0' is selected.
13:12:10 INFO  : 'con' command is executed.
13:12:10 INFO  : ----------------XSDB Script (After Launch)----------------
targets -set -nocase -filter {name =~ "*microblaze*#0" && bscan=="USER2" }
con
----------------End of Script----------------

13:12:10 INFO  : Launch script is exported to file 'C:\Users\maxgr\Projects\Classes\ECE4300\ECE4300-sha256-microblaze\Vitis\sha_256_test_app_system\_ide\scripts\debugger_sha_256_test_app-default.tcl'
13:13:22 INFO  : Disconnected from the channel tcfchan#9.
13:13:23 INFO  : Connected to target on host '127.0.0.1' and port '3121'.
13:13:32 INFO  : ----------------XSDB Script----------------
connect -url tcp:127.0.0.1:3121
----------------End of Script----------------

13:13:32 ERROR : Could not find FPGA device on the board for connection 'Local'.


Troubleshooting hints:
1. Check whether board is connected to system properly.
2. In case of zynq board, check whether Digilent/Xilinx cable switch settings are correct.
3. If you are using Xilinx Platform Cable USB, ensure that status LED is green.
13:13:34 INFO  : Connected to target on host '127.0.0.1' and port '3121'.
13:13:34 INFO  : Jtag cable 'Digilent Nexys A7 -100T 210292BCFFDAA' is selected.
13:13:34 INFO  : 'jtag frequency' command is executed.
13:13:34 INFO  : 'targets -set -filter {jtag_cable_name =~ "Digilent Nexys A7 -100T 210292BCFFDAA" && level==0 && jtag_device_ctx=="jsn-Nexys A7 -100T-210292BCFFDAA-13631093-0"}' command is executed.
13:13:37 INFO  : Device configured successfully with "C:/Users/maxgr/Projects/Classes/ECE4300/ECE4300-sha256-microblaze/Vitis/sha_256_test_app/_ide/bitstream/sha256_test_wrapper.bit"
13:13:37 INFO  : Context for processor 'microblaze_0' is selected.
13:13:37 INFO  : Hardware design and registers information is loaded from 'C:/Users/maxgr/Projects/Classes/ECE4300/ECE4300-sha256-microblaze/Vitis/sha256_test_wrapper/export/sha256_test_wrapper/hw/sha256_test_wrapper.xsa'.
13:13:37 INFO  : 'configparams mdm-detect-bscan-mask 2' command is executed.
13:13:37 INFO  : Context for processor 'microblaze_0' is selected.
13:13:37 INFO  : System reset is completed.
13:13:40 INFO  : 'after 3000' command is executed.
13:13:40 INFO  : Context for processor 'microblaze_0' is selected.
13:13:40 INFO  : The application 'C:/Users/maxgr/Projects/Classes/ECE4300/ECE4300-sha256-microblaze/Vitis/sha_256_test_app/Debug/sha_256_test_app.elf' is downloaded to processor 'microblaze_0'.
13:13:40 INFO  : ----------------XSDB Script----------------
connect -url tcp:127.0.0.1:3121
targets -set -filter {jtag_cable_name =~ "Digilent Nexys A7 -100T 210292BCFFDAA" && level==0 && jtag_device_ctx=="jsn-Nexys A7 -100T-210292BCFFDAA-13631093-0"}
fpga -file C:/Users/maxgr/Projects/Classes/ECE4300/ECE4300-sha256-microblaze/Vitis/sha_256_test_app/_ide/bitstream/sha256_test_wrapper.bit
targets -set -nocase -filter {name =~ "*microblaze*#0" && bscan=="USER2" }
loadhw -hw C:/Users/maxgr/Projects/Classes/ECE4300/ECE4300-sha256-microblaze/Vitis/sha256_test_wrapper/export/sha256_test_wrapper/hw/sha256_test_wrapper.xsa -regs
configparams mdm-detect-bscan-mask 2
targets -set -nocase -filter {name =~ "*microblaze*#0" && bscan=="USER2" }
rst -system
after 3000
targets -set -nocase -filter {name =~ "*microblaze*#0" && bscan=="USER2" }
dow C:/Users/maxgr/Projects/Classes/ECE4300/ECE4300-sha256-microblaze/Vitis/sha_256_test_app/Debug/sha_256_test_app.elf
----------------End of Script----------------

13:13:40 INFO  : Context for processor 'microblaze_0' is selected.
13:13:40 INFO  : 'con' command is executed.
13:13:40 INFO  : ----------------XSDB Script (After Launch)----------------
targets -set -nocase -filter {name =~ "*microblaze*#0" && bscan=="USER2" }
con
----------------End of Script----------------

13:13:40 INFO  : Launch script is exported to file 'C:\Users\maxgr\Projects\Classes\ECE4300\ECE4300-sha256-microblaze\Vitis\sha_256_test_app_system\_ide\scripts\debugger_sha_256_test_app-default.tcl'
13:15:25 INFO  : Disconnected from the channel tcfchan#10.
13:15:26 INFO  : Connected to target on host '127.0.0.1' and port '3121'.
13:15:35 INFO  : ----------------XSDB Script----------------
connect -url tcp:127.0.0.1:3121
----------------End of Script----------------

13:15:35 ERROR : Could not find FPGA device on the board for connection 'Local'.


Troubleshooting hints:
1. Check whether board is connected to system properly.
2. In case of zynq board, check whether Digilent/Xilinx cable switch settings are correct.
3. If you are using Xilinx Platform Cable USB, ensure that status LED is green.
13:15:38 INFO  : Connected to target on host '127.0.0.1' and port '3121'.
13:15:38 INFO  : Jtag cable 'Digilent Nexys A7 -100T 210292BCFFDAA' is selected.
13:15:38 INFO  : 'jtag frequency' command is executed.
13:15:38 INFO  : 'targets -set -filter {jtag_cable_name =~ "Digilent Nexys A7 -100T 210292BCFFDAA" && level==0 && jtag_device_ctx=="jsn-Nexys A7 -100T-210292BCFFDAA-13631093-0"}' command is executed.
13:15:40 INFO  : Device configured successfully with "C:/Users/maxgr/Projects/Classes/ECE4300/ECE4300-sha256-microblaze/Vitis/sha_256_test_app/_ide/bitstream/sha256_test_wrapper.bit"
13:15:40 INFO  : Context for processor 'microblaze_0' is selected.
13:15:40 INFO  : Hardware design and registers information is loaded from 'C:/Users/maxgr/Projects/Classes/ECE4300/ECE4300-sha256-microblaze/Vitis/sha256_test_wrapper/export/sha256_test_wrapper/hw/sha256_test_wrapper.xsa'.
13:15:40 INFO  : 'configparams mdm-detect-bscan-mask 2' command is executed.
13:15:40 INFO  : Context for processor 'microblaze_0' is selected.
13:15:40 INFO  : System reset is completed.
13:15:43 INFO  : 'after 3000' command is executed.
13:15:43 INFO  : Context for processor 'microblaze_0' is selected.
13:15:44 INFO  : The application 'C:/Users/maxgr/Projects/Classes/ECE4300/ECE4300-sha256-microblaze/Vitis/sha_256_test_app/Debug/sha_256_test_app.elf' is downloaded to processor 'microblaze_0'.
13:15:44 INFO  : ----------------XSDB Script----------------
connect -url tcp:127.0.0.1:3121
targets -set -filter {jtag_cable_name =~ "Digilent Nexys A7 -100T 210292BCFFDAA" && level==0 && jtag_device_ctx=="jsn-Nexys A7 -100T-210292BCFFDAA-13631093-0"}
fpga -file C:/Users/maxgr/Projects/Classes/ECE4300/ECE4300-sha256-microblaze/Vitis/sha_256_test_app/_ide/bitstream/sha256_test_wrapper.bit
targets -set -nocase -filter {name =~ "*microblaze*#0" && bscan=="USER2" }
loadhw -hw C:/Users/maxgr/Projects/Classes/ECE4300/ECE4300-sha256-microblaze/Vitis/sha256_test_wrapper/export/sha256_test_wrapper/hw/sha256_test_wrapper.xsa -regs
configparams mdm-detect-bscan-mask 2
targets -set -nocase -filter {name =~ "*microblaze*#0" && bscan=="USER2" }
rst -system
after 3000
targets -set -nocase -filter {name =~ "*microblaze*#0" && bscan=="USER2" }
dow C:/Users/maxgr/Projects/Classes/ECE4300/ECE4300-sha256-microblaze/Vitis/sha_256_test_app/Debug/sha_256_test_app.elf
----------------End of Script----------------

13:15:44 INFO  : Context for processor 'microblaze_0' is selected.
13:15:44 INFO  : 'con' command is executed.
13:15:44 INFO  : ----------------XSDB Script (After Launch)----------------
targets -set -nocase -filter {name =~ "*microblaze*#0" && bscan=="USER2" }
con
----------------End of Script----------------

13:15:44 INFO  : Launch script is exported to file 'C:\Users\maxgr\Projects\Classes\ECE4300\ECE4300-sha256-microblaze\Vitis\sha_256_test_app_system\_ide\scripts\debugger_sha_256_test_app-default.tcl'
13:18:54 INFO  : Disconnected from the channel tcfchan#11.
13:18:55 INFO  : Connected to target on host '127.0.0.1' and port '3121'.
13:19:04 INFO  : ----------------XSDB Script----------------
connect -url tcp:127.0.0.1:3121
----------------End of Script----------------

13:19:04 ERROR : Could not find FPGA device on the board for connection 'Local'.


Troubleshooting hints:
1. Check whether board is connected to system properly.
2. In case of zynq board, check whether Digilent/Xilinx cable switch settings are correct.
3. If you are using Xilinx Platform Cable USB, ensure that status LED is green.
13:19:08 INFO  : Connected to target on host '127.0.0.1' and port '3121'.
13:19:08 INFO  : Jtag cable 'Digilent Nexys A7 -100T 210292BCFFDAA' is selected.
13:19:08 INFO  : 'jtag frequency' command is executed.
13:19:08 INFO  : 'targets -set -filter {jtag_cable_name =~ "Digilent Nexys A7 -100T 210292BCFFDAA" && level==0 && jtag_device_ctx=="jsn-Nexys A7 -100T-210292BCFFDAA-13631093-0"}' command is executed.
13:19:10 INFO  : Device configured successfully with "C:/Users/maxgr/Projects/Classes/ECE4300/ECE4300-sha256-microblaze/Vitis/sha_256_test_app/_ide/bitstream/sha256_test_wrapper.bit"
13:19:10 INFO  : Context for processor 'microblaze_0' is selected.
13:19:10 INFO  : Hardware design and registers information is loaded from 'C:/Users/maxgr/Projects/Classes/ECE4300/ECE4300-sha256-microblaze/Vitis/sha256_test_wrapper/export/sha256_test_wrapper/hw/sha256_test_wrapper.xsa'.
13:19:10 INFO  : 'configparams mdm-detect-bscan-mask 2' command is executed.
13:19:10 INFO  : Context for processor 'microblaze_0' is selected.
13:19:10 INFO  : System reset is completed.
13:19:13 INFO  : 'after 3000' command is executed.
13:19:13 INFO  : Context for processor 'microblaze_0' is selected.
13:19:13 INFO  : The application 'C:/Users/maxgr/Projects/Classes/ECE4300/ECE4300-sha256-microblaze/Vitis/sha_256_test_app/Debug/sha_256_test_app.elf' is downloaded to processor 'microblaze_0'.
13:19:13 INFO  : ----------------XSDB Script----------------
connect -url tcp:127.0.0.1:3121
targets -set -filter {jtag_cable_name =~ "Digilent Nexys A7 -100T 210292BCFFDAA" && level==0 && jtag_device_ctx=="jsn-Nexys A7 -100T-210292BCFFDAA-13631093-0"}
fpga -file C:/Users/maxgr/Projects/Classes/ECE4300/ECE4300-sha256-microblaze/Vitis/sha_256_test_app/_ide/bitstream/sha256_test_wrapper.bit
targets -set -nocase -filter {name =~ "*microblaze*#0" && bscan=="USER2" }
loadhw -hw C:/Users/maxgr/Projects/Classes/ECE4300/ECE4300-sha256-microblaze/Vitis/sha256_test_wrapper/export/sha256_test_wrapper/hw/sha256_test_wrapper.xsa -regs
configparams mdm-detect-bscan-mask 2
targets -set -nocase -filter {name =~ "*microblaze*#0" && bscan=="USER2" }
rst -system
after 3000
targets -set -nocase -filter {name =~ "*microblaze*#0" && bscan=="USER2" }
dow C:/Users/maxgr/Projects/Classes/ECE4300/ECE4300-sha256-microblaze/Vitis/sha_256_test_app/Debug/sha_256_test_app.elf
----------------End of Script----------------

13:19:13 INFO  : Context for processor 'microblaze_0' is selected.
13:19:13 INFO  : 'con' command is executed.
13:19:13 INFO  : ----------------XSDB Script (After Launch)----------------
targets -set -nocase -filter {name =~ "*microblaze*#0" && bscan=="USER2" }
con
----------------End of Script----------------

13:19:13 INFO  : Launch script is exported to file 'C:\Users\maxgr\Projects\Classes\ECE4300\ECE4300-sha256-microblaze\Vitis\sha_256_test_app_system\_ide\scripts\debugger_sha_256_test_app-default.tcl'
13:20:44 INFO  : Checking for BSP changes to sync application flags for project 'sha_256_test_app'...
13:20:56 INFO  : Disconnected from the channel tcfchan#12.
13:20:57 INFO  : Connected to target on host '127.0.0.1' and port '3121'.
13:21:06 INFO  : ----------------XSDB Script----------------
connect -url tcp:127.0.0.1:3121
----------------End of Script----------------

13:21:06 ERROR : Could not find FPGA device on the board for connection 'Local'.


Troubleshooting hints:
1. Check whether board is connected to system properly.
2. In case of zynq board, check whether Digilent/Xilinx cable switch settings are correct.
3. If you are using Xilinx Platform Cable USB, ensure that status LED is green.
13:21:09 INFO  : Connected to target on host '127.0.0.1' and port '3121'.
13:21:09 INFO  : Jtag cable 'Digilent Nexys A7 -100T 210292BCFFDAA' is selected.
13:21:09 INFO  : 'jtag frequency' command is executed.
13:21:09 INFO  : 'targets -set -filter {jtag_cable_name =~ "Digilent Nexys A7 -100T 210292BCFFDAA" && level==0 && jtag_device_ctx=="jsn-Nexys A7 -100T-210292BCFFDAA-13631093-0"}' command is executed.
13:21:11 INFO  : Device configured successfully with "C:/Users/maxgr/Projects/Classes/ECE4300/ECE4300-sha256-microblaze/Vitis/sha_256_test_app/_ide/bitstream/sha256_test_wrapper.bit"
13:21:11 INFO  : Context for processor 'microblaze_0' is selected.
13:21:11 INFO  : Hardware design and registers information is loaded from 'C:/Users/maxgr/Projects/Classes/ECE4300/ECE4300-sha256-microblaze/Vitis/sha256_test_wrapper/export/sha256_test_wrapper/hw/sha256_test_wrapper.xsa'.
13:21:11 INFO  : 'configparams mdm-detect-bscan-mask 2' command is executed.
13:21:11 INFO  : Context for processor 'microblaze_0' is selected.
13:21:11 INFO  : System reset is completed.
13:21:14 INFO  : 'after 3000' command is executed.
13:21:14 INFO  : Context for processor 'microblaze_0' is selected.
13:21:14 INFO  : The application 'C:/Users/maxgr/Projects/Classes/ECE4300/ECE4300-sha256-microblaze/Vitis/sha_256_test_app/Debug/sha_256_test_app.elf' is downloaded to processor 'microblaze_0'.
13:21:14 INFO  : ----------------XSDB Script----------------
connect -url tcp:127.0.0.1:3121
targets -set -filter {jtag_cable_name =~ "Digilent Nexys A7 -100T 210292BCFFDAA" && level==0 && jtag_device_ctx=="jsn-Nexys A7 -100T-210292BCFFDAA-13631093-0"}
fpga -file C:/Users/maxgr/Projects/Classes/ECE4300/ECE4300-sha256-microblaze/Vitis/sha_256_test_app/_ide/bitstream/sha256_test_wrapper.bit
targets -set -nocase -filter {name =~ "*microblaze*#0" && bscan=="USER2" }
loadhw -hw C:/Users/maxgr/Projects/Classes/ECE4300/ECE4300-sha256-microblaze/Vitis/sha256_test_wrapper/export/sha256_test_wrapper/hw/sha256_test_wrapper.xsa -regs
configparams mdm-detect-bscan-mask 2
targets -set -nocase -filter {name =~ "*microblaze*#0" && bscan=="USER2" }
rst -system
after 3000
targets -set -nocase -filter {name =~ "*microblaze*#0" && bscan=="USER2" }
dow C:/Users/maxgr/Projects/Classes/ECE4300/ECE4300-sha256-microblaze/Vitis/sha_256_test_app/Debug/sha_256_test_app.elf
----------------End of Script----------------

13:21:14 INFO  : Context for processor 'microblaze_0' is selected.
13:21:14 INFO  : 'con' command is executed.
13:21:14 INFO  : ----------------XSDB Script (After Launch)----------------
targets -set -nocase -filter {name =~ "*microblaze*#0" && bscan=="USER2" }
con
----------------End of Script----------------

13:21:14 INFO  : Launch script is exported to file 'C:\Users\maxgr\Projects\Classes\ECE4300\ECE4300-sha256-microblaze\Vitis\sha_256_test_app_system\_ide\scripts\debugger_sha_256_test_app-default.tcl'
13:22:09 INFO  : Checking for BSP changes to sync application flags for project 'sha_256_test_app'...
13:22:20 INFO  : Disconnected from the channel tcfchan#13.
13:22:21 INFO  : Connected to target on host '127.0.0.1' and port '3121'.
13:22:30 INFO  : ----------------XSDB Script----------------
connect -url tcp:127.0.0.1:3121
----------------End of Script----------------

13:22:30 ERROR : Could not find FPGA device on the board for connection 'Local'.


Troubleshooting hints:
1. Check whether board is connected to system properly.
2. In case of zynq board, check whether Digilent/Xilinx cable switch settings are correct.
3. If you are using Xilinx Platform Cable USB, ensure that status LED is green.
13:22:34 INFO  : Connected to target on host '127.0.0.1' and port '3121'.
13:22:35 INFO  : Jtag cable 'Digilent Nexys A7 -100T 210292BCFFDAA' is selected.
13:22:35 INFO  : 'jtag frequency' command is executed.
13:22:35 INFO  : 'targets -set -filter {jtag_cable_name =~ "Digilent Nexys A7 -100T 210292BCFFDAA" && level==0 && jtag_device_ctx=="jsn-Nexys A7 -100T-210292BCFFDAA-13631093-0"}' command is executed.
13:22:37 INFO  : Device configured successfully with "C:/Users/maxgr/Projects/Classes/ECE4300/ECE4300-sha256-microblaze/Vitis/sha_256_test_app/_ide/bitstream/sha256_test_wrapper.bit"
13:22:37 INFO  : Context for processor 'microblaze_0' is selected.
13:22:37 INFO  : Hardware design and registers information is loaded from 'C:/Users/maxgr/Projects/Classes/ECE4300/ECE4300-sha256-microblaze/Vitis/sha256_test_wrapper/export/sha256_test_wrapper/hw/sha256_test_wrapper.xsa'.
13:22:37 INFO  : 'configparams mdm-detect-bscan-mask 2' command is executed.
13:22:37 INFO  : Context for processor 'microblaze_0' is selected.
13:22:37 INFO  : System reset is completed.
13:22:40 INFO  : 'after 3000' command is executed.
13:22:40 INFO  : Context for processor 'microblaze_0' is selected.
13:22:40 INFO  : The application 'C:/Users/maxgr/Projects/Classes/ECE4300/ECE4300-sha256-microblaze/Vitis/sha_256_test_app/Debug/sha_256_test_app.elf' is downloaded to processor 'microblaze_0'.
13:22:40 INFO  : ----------------XSDB Script----------------
connect -url tcp:127.0.0.1:3121
targets -set -filter {jtag_cable_name =~ "Digilent Nexys A7 -100T 210292BCFFDAA" && level==0 && jtag_device_ctx=="jsn-Nexys A7 -100T-210292BCFFDAA-13631093-0"}
fpga -file C:/Users/maxgr/Projects/Classes/ECE4300/ECE4300-sha256-microblaze/Vitis/sha_256_test_app/_ide/bitstream/sha256_test_wrapper.bit
targets -set -nocase -filter {name =~ "*microblaze*#0" && bscan=="USER2" }
loadhw -hw C:/Users/maxgr/Projects/Classes/ECE4300/ECE4300-sha256-microblaze/Vitis/sha256_test_wrapper/export/sha256_test_wrapper/hw/sha256_test_wrapper.xsa -regs
configparams mdm-detect-bscan-mask 2
targets -set -nocase -filter {name =~ "*microblaze*#0" && bscan=="USER2" }
rst -system
after 3000
targets -set -nocase -filter {name =~ "*microblaze*#0" && bscan=="USER2" }
dow C:/Users/maxgr/Projects/Classes/ECE4300/ECE4300-sha256-microblaze/Vitis/sha_256_test_app/Debug/sha_256_test_app.elf
----------------End of Script----------------

13:22:40 INFO  : Context for processor 'microblaze_0' is selected.
13:22:40 INFO  : 'con' command is executed.
13:22:40 INFO  : ----------------XSDB Script (After Launch)----------------
targets -set -nocase -filter {name =~ "*microblaze*#0" && bscan=="USER2" }
con
----------------End of Script----------------

13:22:40 INFO  : Launch script is exported to file 'C:\Users\maxgr\Projects\Classes\ECE4300\ECE4300-sha256-microblaze\Vitis\sha_256_test_app_system\_ide\scripts\debugger_sha_256_test_app-default.tcl'
13:24:03 INFO  : Disconnected from the channel tcfchan#14.
13:24:04 INFO  : Connected to target on host '127.0.0.1' and port '3121'.
13:24:13 INFO  : ----------------XSDB Script----------------
connect -url tcp:127.0.0.1:3121
----------------End of Script----------------

13:24:13 ERROR : Could not find FPGA device on the board for connection 'Local'.


Troubleshooting hints:
1. Check whether board is connected to system properly.
2. In case of zynq board, check whether Digilent/Xilinx cable switch settings are correct.
3. If you are using Xilinx Platform Cable USB, ensure that status LED is green.
13:24:29 INFO  : Checking for BSP changes to sync application flags for project 'sha_256_test_app'...
13:24:39 INFO  : Checking for BSP changes to sync application flags for project 'sha_256_test_app'...
13:24:43 INFO  : Connected to target on host '127.0.0.1' and port '3121'.
13:24:43 INFO  : Jtag cable 'Digilent Nexys A7 -100T 210292BCFFDAA' is selected.
13:24:43 INFO  : 'jtag frequency' command is executed.
13:24:43 INFO  : 'targets -set -filter {jtag_cable_name =~ "Digilent Nexys A7 -100T 210292BCFFDAA" && level==0 && jtag_device_ctx=="jsn-Nexys A7 -100T-210292BCFFDAA-13631093-0"}' command is executed.
13:24:45 INFO  : Device configured successfully with "C:/Users/maxgr/Projects/Classes/ECE4300/ECE4300-sha256-microblaze/Vitis/sha_256_test_app/_ide/bitstream/sha256_test_wrapper.bit"
13:24:45 INFO  : Context for processor 'microblaze_0' is selected.
13:24:45 INFO  : Hardware design and registers information is loaded from 'C:/Users/maxgr/Projects/Classes/ECE4300/ECE4300-sha256-microblaze/Vitis/sha256_test_wrapper/export/sha256_test_wrapper/hw/sha256_test_wrapper.xsa'.
13:24:45 INFO  : 'configparams mdm-detect-bscan-mask 2' command is executed.
13:24:45 INFO  : Context for processor 'microblaze_0' is selected.
13:24:45 INFO  : System reset is completed.
13:24:49 INFO  : 'after 3000' command is executed.
13:24:49 INFO  : Context for processor 'microblaze_0' is selected.
13:24:49 INFO  : The application 'C:/Users/maxgr/Projects/Classes/ECE4300/ECE4300-sha256-microblaze/Vitis/sha_256_test_app/Debug/sha_256_test_app.elf' is downloaded to processor 'microblaze_0'.
13:24:49 INFO  : ----------------XSDB Script----------------
connect -url tcp:127.0.0.1:3121
targets -set -filter {jtag_cable_name =~ "Digilent Nexys A7 -100T 210292BCFFDAA" && level==0 && jtag_device_ctx=="jsn-Nexys A7 -100T-210292BCFFDAA-13631093-0"}
fpga -file C:/Users/maxgr/Projects/Classes/ECE4300/ECE4300-sha256-microblaze/Vitis/sha_256_test_app/_ide/bitstream/sha256_test_wrapper.bit
targets -set -nocase -filter {name =~ "*microblaze*#0" && bscan=="USER2" }
loadhw -hw C:/Users/maxgr/Projects/Classes/ECE4300/ECE4300-sha256-microblaze/Vitis/sha256_test_wrapper/export/sha256_test_wrapper/hw/sha256_test_wrapper.xsa -regs
configparams mdm-detect-bscan-mask 2
targets -set -nocase -filter {name =~ "*microblaze*#0" && bscan=="USER2" }
rst -system
after 3000
targets -set -nocase -filter {name =~ "*microblaze*#0" && bscan=="USER2" }
dow C:/Users/maxgr/Projects/Classes/ECE4300/ECE4300-sha256-microblaze/Vitis/sha_256_test_app/Debug/sha_256_test_app.elf
----------------End of Script----------------

13:24:49 INFO  : Context for processor 'microblaze_0' is selected.
13:24:49 INFO  : 'con' command is executed.
13:24:49 INFO  : ----------------XSDB Script (After Launch)----------------
targets -set -nocase -filter {name =~ "*microblaze*#0" && bscan=="USER2" }
con
----------------End of Script----------------

13:24:49 INFO  : Launch script is exported to file 'C:\Users\maxgr\Projects\Classes\ECE4300\ECE4300-sha256-microblaze\Vitis\sha_256_test_app_system\_ide\scripts\debugger_sha_256_test_app-default.tcl'
13:26:51 INFO  : Disconnected from the channel tcfchan#15.
13:26:52 INFO  : Connected to target on host '127.0.0.1' and port '3121'.
13:27:02 INFO  : ----------------XSDB Script----------------
connect -url tcp:127.0.0.1:3121
----------------End of Script----------------

13:27:02 ERROR : Could not find FPGA device on the board for connection 'Local'.


Troubleshooting hints:
1. Check whether board is connected to system properly.
2. In case of zynq board, check whether Digilent/Xilinx cable switch settings are correct.
3. If you are using Xilinx Platform Cable USB, ensure that status LED is green.
13:27:55 INFO  : Checking for BSP changes to sync application flags for project 'sha_256_test_app'...
13:28:02 INFO  : Connected to target on host '127.0.0.1' and port '3121'.
13:28:02 INFO  : Jtag cable 'Digilent Nexys A7 -100T 210292BCFFDAA' is selected.
13:28:02 INFO  : 'jtag frequency' command is executed.
13:28:02 INFO  : 'targets -set -filter {jtag_cable_name =~ "Digilent Nexys A7 -100T 210292BCFFDAA" && level==0 && jtag_device_ctx=="jsn-Nexys A7 -100T-210292BCFFDAA-13631093-0"}' command is executed.
13:28:04 INFO  : Device configured successfully with "C:/Users/maxgr/Projects/Classes/ECE4300/ECE4300-sha256-microblaze/Vitis/sha_256_test_app/_ide/bitstream/sha256_test_wrapper.bit"
13:28:04 INFO  : Context for processor 'microblaze_0' is selected.
13:28:04 INFO  : Hardware design and registers information is loaded from 'C:/Users/maxgr/Projects/Classes/ECE4300/ECE4300-sha256-microblaze/Vitis/sha256_test_wrapper/export/sha256_test_wrapper/hw/sha256_test_wrapper.xsa'.
13:28:04 INFO  : 'configparams mdm-detect-bscan-mask 2' command is executed.
13:28:04 INFO  : Context for processor 'microblaze_0' is selected.
13:28:04 INFO  : System reset is completed.
13:28:07 INFO  : 'after 3000' command is executed.
13:28:07 INFO  : Context for processor 'microblaze_0' is selected.
13:28:07 INFO  : The application 'C:/Users/maxgr/Projects/Classes/ECE4300/ECE4300-sha256-microblaze/Vitis/sha_256_test_app/Debug/sha_256_test_app.elf' is downloaded to processor 'microblaze_0'.
13:28:07 INFO  : ----------------XSDB Script----------------
connect -url tcp:127.0.0.1:3121
targets -set -filter {jtag_cable_name =~ "Digilent Nexys A7 -100T 210292BCFFDAA" && level==0 && jtag_device_ctx=="jsn-Nexys A7 -100T-210292BCFFDAA-13631093-0"}
fpga -file C:/Users/maxgr/Projects/Classes/ECE4300/ECE4300-sha256-microblaze/Vitis/sha_256_test_app/_ide/bitstream/sha256_test_wrapper.bit
targets -set -nocase -filter {name =~ "*microblaze*#0" && bscan=="USER2" }
loadhw -hw C:/Users/maxgr/Projects/Classes/ECE4300/ECE4300-sha256-microblaze/Vitis/sha256_test_wrapper/export/sha256_test_wrapper/hw/sha256_test_wrapper.xsa -regs
configparams mdm-detect-bscan-mask 2
targets -set -nocase -filter {name =~ "*microblaze*#0" && bscan=="USER2" }
rst -system
after 3000
targets -set -nocase -filter {name =~ "*microblaze*#0" && bscan=="USER2" }
dow C:/Users/maxgr/Projects/Classes/ECE4300/ECE4300-sha256-microblaze/Vitis/sha_256_test_app/Debug/sha_256_test_app.elf
----------------End of Script----------------

13:28:07 INFO  : Context for processor 'microblaze_0' is selected.
13:28:07 INFO  : 'con' command is executed.
13:28:07 INFO  : ----------------XSDB Script (After Launch)----------------
targets -set -nocase -filter {name =~ "*microblaze*#0" && bscan=="USER2" }
con
----------------End of Script----------------

13:28:07 INFO  : Launch script is exported to file 'C:\Users\maxgr\Projects\Classes\ECE4300\ECE4300-sha256-microblaze\Vitis\sha_256_test_app_system\_ide\scripts\debugger_sha_256_test_app-default.tcl'
13:31:25 INFO  : Checking for BSP changes to sync application flags for project 'sha_256_test_app'...
13:31:37 INFO  : Disconnected from the channel tcfchan#16.
13:31:38 INFO  : Connected to target on host '127.0.0.1' and port '3121'.
13:31:47 INFO  : ----------------XSDB Script----------------
connect -url tcp:127.0.0.1:3121
----------------End of Script----------------

13:31:47 ERROR : Could not find FPGA device on the board for connection 'Local'.


Troubleshooting hints:
1. Check whether board is connected to system properly.
2. In case of zynq board, check whether Digilent/Xilinx cable switch settings are correct.
3. If you are using Xilinx Platform Cable USB, ensure that status LED is green.
13:32:29 INFO  : Connected to target on host '127.0.0.1' and port '3121'.
13:32:29 INFO  : Jtag cable 'Digilent Nexys A7 -100T 210292BCFFDAA' is selected.
13:32:29 INFO  : 'jtag frequency' command is executed.
13:32:29 INFO  : 'targets -set -filter {jtag_cable_name =~ "Digilent Nexys A7 -100T 210292BCFFDAA" && level==0 && jtag_device_ctx=="jsn-Nexys A7 -100T-210292BCFFDAA-13631093-0"}' command is executed.
13:32:32 INFO  : Device configured successfully with "C:/Users/maxgr/Projects/Classes/ECE4300/ECE4300-sha256-microblaze/Vitis/sha_256_test_app/_ide/bitstream/sha256_test_wrapper.bit"
13:32:32 INFO  : Context for processor 'microblaze_0' is selected.
13:32:32 INFO  : Hardware design and registers information is loaded from 'C:/Users/maxgr/Projects/Classes/ECE4300/ECE4300-sha256-microblaze/Vitis/sha256_test_wrapper/export/sha256_test_wrapper/hw/sha256_test_wrapper.xsa'.
13:32:32 INFO  : 'configparams mdm-detect-bscan-mask 2' command is executed.
13:32:32 INFO  : Context for processor 'microblaze_0' is selected.
13:32:32 INFO  : System reset is completed.
13:32:35 INFO  : 'after 3000' command is executed.
13:32:35 INFO  : Context for processor 'microblaze_0' is selected.
13:32:35 INFO  : The application 'C:/Users/maxgr/Projects/Classes/ECE4300/ECE4300-sha256-microblaze/Vitis/sha_256_test_app/Debug/sha_256_test_app.elf' is downloaded to processor 'microblaze_0'.
13:32:35 INFO  : ----------------XSDB Script----------------
connect -url tcp:127.0.0.1:3121
targets -set -filter {jtag_cable_name =~ "Digilent Nexys A7 -100T 210292BCFFDAA" && level==0 && jtag_device_ctx=="jsn-Nexys A7 -100T-210292BCFFDAA-13631093-0"}
fpga -file C:/Users/maxgr/Projects/Classes/ECE4300/ECE4300-sha256-microblaze/Vitis/sha_256_test_app/_ide/bitstream/sha256_test_wrapper.bit
targets -set -nocase -filter {name =~ "*microblaze*#0" && bscan=="USER2" }
loadhw -hw C:/Users/maxgr/Projects/Classes/ECE4300/ECE4300-sha256-microblaze/Vitis/sha256_test_wrapper/export/sha256_test_wrapper/hw/sha256_test_wrapper.xsa -regs
configparams mdm-detect-bscan-mask 2
targets -set -nocase -filter {name =~ "*microblaze*#0" && bscan=="USER2" }
rst -system
after 3000
targets -set -nocase -filter {name =~ "*microblaze*#0" && bscan=="USER2" }
dow C:/Users/maxgr/Projects/Classes/ECE4300/ECE4300-sha256-microblaze/Vitis/sha_256_test_app/Debug/sha_256_test_app.elf
----------------End of Script----------------

13:32:35 INFO  : Context for processor 'microblaze_0' is selected.
13:32:35 INFO  : 'con' command is executed.
13:32:35 INFO  : ----------------XSDB Script (After Launch)----------------
targets -set -nocase -filter {name =~ "*microblaze*#0" && bscan=="USER2" }
con
----------------End of Script----------------

13:32:35 INFO  : Launch script is exported to file 'C:\Users\maxgr\Projects\Classes\ECE4300\ECE4300-sha256-microblaze\Vitis\sha_256_test_app_system\_ide\scripts\debugger_sha_256_test_app-default.tcl'
13:33:50 INFO  : Result from executing command 'getProjects': sha256_test_wrapper
13:33:50 INFO  : Result from executing command 'getPlatforms': sha256_test_wrapper|C:/Users/maxgr/Projects/Classes/ECE4300/ECE4300-sha256-microblaze/Vitis/sha256_test_wrapper/export/sha256_test_wrapper/sha256_test_wrapper.xpfm;xilinx_zcu102_base_202320_1|C:/Xilinx/Vitis/2023.2/base_platforms/xilinx_zcu102_base_202320_1/xilinx_zcu102_base_202320_1.xpfm;xilinx_zcu102_base_dfx_202320_1|C:/Xilinx/Vitis/2023.2/base_platforms/xilinx_zcu102_base_dfx_202320_1/xilinx_zcu102_base_dfx_202320_1.xpfm;xilinx_zcu104_base_202320_1|C:/Xilinx/Vitis/2023.2/base_platforms/xilinx_zcu104_base_202320_1/xilinx_zcu104_base_202320_1.xpfm
13:35:44 INFO  : Disconnected from the channel tcfchan#17.
13:35:45 INFO  : Connected to target on host '127.0.0.1' and port '3121'.
13:35:54 INFO  : ----------------XSDB Script----------------
connect -url tcp:127.0.0.1:3121
----------------End of Script----------------

13:35:54 ERROR : Could not find FPGA device on the board for connection 'Local'.


Troubleshooting hints:
1. Check whether board is connected to system properly.
2. In case of zynq board, check whether Digilent/Xilinx cable switch settings are correct.
3. If you are using Xilinx Platform Cable USB, ensure that status LED is green.
13:35:56 INFO  : Connected to target on host '127.0.0.1' and port '3121'.
13:35:57 INFO  : Jtag cable 'Digilent Nexys A7 -100T 210292BCFFDAA' is selected.
13:35:57 INFO  : 'jtag frequency' command is executed.
13:35:57 INFO  : 'targets -set -filter {jtag_cable_name =~ "Digilent Nexys A7 -100T 210292BCFFDAA" && level==0 && jtag_device_ctx=="jsn-Nexys A7 -100T-210292BCFFDAA-13631093-0"}' command is executed.
13:35:59 INFO  : Device configured successfully with "C:/Users/maxgr/Projects/Classes/ECE4300/ECE4300-sha256-microblaze/Vitis/sha_256_test_app/_ide/bitstream/sha256_test_wrapper.bit"
13:35:59 INFO  : Context for processor 'microblaze_0' is selected.
13:35:59 INFO  : Hardware design and registers information is loaded from 'C:/Users/maxgr/Projects/Classes/ECE4300/ECE4300-sha256-microblaze/Vitis/sha256_test_wrapper/export/sha256_test_wrapper/hw/sha256_test_wrapper.xsa'.
13:35:59 INFO  : 'configparams mdm-detect-bscan-mask 2' command is executed.
13:35:59 INFO  : Context for processor 'microblaze_0' is selected.
13:35:59 INFO  : System reset is completed.
13:36:02 INFO  : 'after 3000' command is executed.
13:36:02 INFO  : Context for processor 'microblaze_0' is selected.
13:36:02 INFO  : The application 'C:/Users/maxgr/Projects/Classes/ECE4300/ECE4300-sha256-microblaze/Vitis/sha_256_test_app/Debug/sha_256_test_app.elf' is downloaded to processor 'microblaze_0'.
13:36:02 INFO  : ----------------XSDB Script----------------
connect -url tcp:127.0.0.1:3121
targets -set -filter {jtag_cable_name =~ "Digilent Nexys A7 -100T 210292BCFFDAA" && level==0 && jtag_device_ctx=="jsn-Nexys A7 -100T-210292BCFFDAA-13631093-0"}
fpga -file C:/Users/maxgr/Projects/Classes/ECE4300/ECE4300-sha256-microblaze/Vitis/sha_256_test_app/_ide/bitstream/sha256_test_wrapper.bit
targets -set -nocase -filter {name =~ "*microblaze*#0" && bscan=="USER2" }
loadhw -hw C:/Users/maxgr/Projects/Classes/ECE4300/ECE4300-sha256-microblaze/Vitis/sha256_test_wrapper/export/sha256_test_wrapper/hw/sha256_test_wrapper.xsa -regs
configparams mdm-detect-bscan-mask 2
targets -set -nocase -filter {name =~ "*microblaze*#0" && bscan=="USER2" }
rst -system
after 3000
targets -set -nocase -filter {name =~ "*microblaze*#0" && bscan=="USER2" }
dow C:/Users/maxgr/Projects/Classes/ECE4300/ECE4300-sha256-microblaze/Vitis/sha_256_test_app/Debug/sha_256_test_app.elf
----------------End of Script----------------

13:36:02 INFO  : Context for processor 'microblaze_0' is selected.
13:36:02 INFO  : 'con' command is executed.
13:36:02 INFO  : ----------------XSDB Script (After Launch)----------------
targets -set -nocase -filter {name =~ "*microblaze*#0" && bscan=="USER2" }
con
----------------End of Script----------------

13:36:02 INFO  : Launch script is exported to file 'C:\Users\maxgr\Projects\Classes\ECE4300\ECE4300-sha256-microblaze\Vitis\sha_256_test_app_system\_ide\scripts\debugger_sha_256_test_app-default.tcl'
13:36:18 INFO  : Disconnected from the channel tcfchan#19.
13:36:19 INFO  : Connected to target on host '127.0.0.1' and port '3121'.
13:36:28 INFO  : ----------------XSDB Script----------------
connect -url tcp:127.0.0.1:3121
----------------End of Script----------------

13:36:28 ERROR : Could not find FPGA device on the board for connection 'Local'.


Troubleshooting hints:
1. Check whether board is connected to system properly.
2. In case of zynq board, check whether Digilent/Xilinx cable switch settings are correct.
3. If you are using Xilinx Platform Cable USB, ensure that status LED is green.
13:36:30 INFO  : Connected to target on host '127.0.0.1' and port '3121'.
13:36:30 INFO  : Jtag cable 'Digilent Nexys A7 -100T 210292BCFFDAA' is selected.
13:36:30 INFO  : 'jtag frequency' command is executed.
13:36:31 INFO  : 'targets -set -filter {jtag_cable_name =~ "Digilent Nexys A7 -100T 210292BCFFDAA" && level==0 && jtag_device_ctx=="jsn-Nexys A7 -100T-210292BCFFDAA-13631093-0"}' command is executed.
13:36:33 INFO  : Device configured successfully with "C:/Users/maxgr/Projects/Classes/ECE4300/ECE4300-sha256-microblaze/Vitis/sha_256_test_app/_ide/bitstream/sha256_test_wrapper.bit"
13:36:33 INFO  : Context for processor 'microblaze_0' is selected.
13:36:33 INFO  : Hardware design and registers information is loaded from 'C:/Users/maxgr/Projects/Classes/ECE4300/ECE4300-sha256-microblaze/Vitis/sha256_test_wrapper/export/sha256_test_wrapper/hw/sha256_test_wrapper.xsa'.
13:36:33 INFO  : 'configparams mdm-detect-bscan-mask 2' command is executed.
13:36:33 INFO  : Context for processor 'microblaze_0' is selected.
13:36:33 INFO  : System reset is completed.
13:36:36 INFO  : 'after 3000' command is executed.
13:36:36 INFO  : Context for processor 'microblaze_0' is selected.
13:36:36 INFO  : The application 'C:/Users/maxgr/Projects/Classes/ECE4300/ECE4300-sha256-microblaze/Vitis/sha_256_test_app/Debug/sha_256_test_app.elf' is downloaded to processor 'microblaze_0'.
13:36:36 INFO  : ----------------XSDB Script----------------
connect -url tcp:127.0.0.1:3121
targets -set -filter {jtag_cable_name =~ "Digilent Nexys A7 -100T 210292BCFFDAA" && level==0 && jtag_device_ctx=="jsn-Nexys A7 -100T-210292BCFFDAA-13631093-0"}
fpga -file C:/Users/maxgr/Projects/Classes/ECE4300/ECE4300-sha256-microblaze/Vitis/sha_256_test_app/_ide/bitstream/sha256_test_wrapper.bit
targets -set -nocase -filter {name =~ "*microblaze*#0" && bscan=="USER2" }
loadhw -hw C:/Users/maxgr/Projects/Classes/ECE4300/ECE4300-sha256-microblaze/Vitis/sha256_test_wrapper/export/sha256_test_wrapper/hw/sha256_test_wrapper.xsa -regs
configparams mdm-detect-bscan-mask 2
targets -set -nocase -filter {name =~ "*microblaze*#0" && bscan=="USER2" }
rst -system
after 3000
targets -set -nocase -filter {name =~ "*microblaze*#0" && bscan=="USER2" }
dow C:/Users/maxgr/Projects/Classes/ECE4300/ECE4300-sha256-microblaze/Vitis/sha_256_test_app/Debug/sha_256_test_app.elf
----------------End of Script----------------

13:36:36 INFO  : Context for processor 'microblaze_0' is selected.
13:36:36 INFO  : 'con' command is executed.
13:36:36 INFO  : ----------------XSDB Script (After Launch)----------------
targets -set -nocase -filter {name =~ "*microblaze*#0" && bscan=="USER2" }
con
----------------End of Script----------------

13:36:36 INFO  : Launch script is exported to file 'C:\Users\maxgr\Projects\Classes\ECE4300\ECE4300-sha256-microblaze\Vitis\sha_256_test_app_system\_ide\scripts\debugger_sha_256_test_app-default.tcl'
13:39:17 INFO  : Disconnected from the channel tcfchan#20.
13:41:19 ERROR : Hardaware specification file used in the launch configuration 'Debugger_sha_256_test_app-Default' doesn't exist at the location 'C:/Users/maxgr/Projects/Classes/ECE4300/ECE4300-sha256-microblaze/Vitis/sha256_test_wrapper/export/sha256_test_wrapper/hw/sha256_test_wrapper.xsa'.
13:41:25 ERROR : Hardaware specification file used in the launch configuration 'Debugger_sha_256_test_app-Default' doesn't exist at the location 'C:/Users/maxgr/Projects/Classes/ECE4300/ECE4300-sha256-microblaze/Vitis/sha256_test_wrapper/export/sha256_test_wrapper/hw/sha256_test_wrapper.xsa'.
13:41:35 ERROR : Hardaware specification file used in the launch configuration 'Debugger_sha_256_test_app-Default' doesn't exist at the location 'C:/Users/maxgr/Projects/Classes/ECE4300/ECE4300-sha256-microblaze/Vitis/sha256_test_wrapper/export/sha256_test_wrapper/hw/sha256_test_wrapper.xsa'.
13:41:40 INFO  : Checking for BSP changes to sync application flags for project 'sha_256_test_app'...
13:41:40 ERROR : Failed to get platform details for the project 'sha_256_test_app'. Cannot sync application flags.
13:41:51 INFO  : Checking for BSP changes to sync application flags for project 'sha_256_test_app'...
13:41:51 ERROR : Failed to get platform details for the project 'sha_256_test_app'. Cannot sync application flags.
13:42:13 INFO  : Result from executing command 'getProjects': sha256_test_wrapper
13:42:13 INFO  : Result from executing command 'getPlatforms': xilinx_zcu102_base_202320_1|C:/Xilinx/Vitis/2023.2/base_platforms/xilinx_zcu102_base_202320_1/xilinx_zcu102_base_202320_1.xpfm;xilinx_zcu102_base_dfx_202320_1|C:/Xilinx/Vitis/2023.2/base_platforms/xilinx_zcu102_base_dfx_202320_1/xilinx_zcu102_base_dfx_202320_1.xpfm;xilinx_zcu104_base_202320_1|C:/Xilinx/Vitis/2023.2/base_platforms/xilinx_zcu104_base_202320_1/xilinx_zcu104_base_202320_1.xpfm
13:42:14 INFO  : Checking for BSP changes to sync application flags for project 'sha_256_test_app'...
13:42:18 INFO  : Connected to target on host '127.0.0.1' and port '3121'.
13:42:19 INFO  : Jtag cable 'Digilent Nexys A7 -100T 210292BCFFDAA' is selected.
13:42:19 INFO  : 'jtag frequency' command is executed.
13:42:19 INFO  : 'targets -set -filter {jtag_cable_name =~ "Digilent Nexys A7 -100T 210292BCFFDAA" && level==0 && jtag_device_ctx=="jsn-Nexys A7 -100T-210292BCFFDAA-13631093-0"}' command is executed.
13:42:21 INFO  : Device configured successfully with "C:/Users/maxgr/Projects/Classes/ECE4300/ECE4300-sha256-microblaze/Vitis/sha_256_test_app/_ide/bitstream/sha256_test_wrapper.bit"
13:42:21 INFO  : Context for processor 'microblaze_0' is selected.
13:42:21 INFO  : Hardware design and registers information is loaded from 'C:/Users/maxgr/Projects/Classes/ECE4300/ECE4300-sha256-microblaze/Vitis/sha256_test_wrapper/export/sha256_test_wrapper/hw/sha256_test_wrapper.xsa'.
13:42:21 INFO  : 'configparams mdm-detect-bscan-mask 2' command is executed.
13:42:21 INFO  : Context for processor 'microblaze_0' is selected.
13:42:21 INFO  : System reset is completed.
13:42:24 INFO  : 'after 3000' command is executed.
13:42:24 INFO  : Context for processor 'microblaze_0' is selected.
13:42:24 INFO  : The application 'C:/Users/maxgr/Projects/Classes/ECE4300/ECE4300-sha256-microblaze/Vitis/sha_256_test_app/Debug/sha_256_test_app.elf' is downloaded to processor 'microblaze_0'.
13:42:24 INFO  : ----------------XSDB Script----------------
connect -url tcp:127.0.0.1:3121
targets -set -filter {jtag_cable_name =~ "Digilent Nexys A7 -100T 210292BCFFDAA" && level==0 && jtag_device_ctx=="jsn-Nexys A7 -100T-210292BCFFDAA-13631093-0"}
fpga -file C:/Users/maxgr/Projects/Classes/ECE4300/ECE4300-sha256-microblaze/Vitis/sha_256_test_app/_ide/bitstream/sha256_test_wrapper.bit
targets -set -nocase -filter {name =~ "*microblaze*#0" && bscan=="USER2" }
loadhw -hw C:/Users/maxgr/Projects/Classes/ECE4300/ECE4300-sha256-microblaze/Vitis/sha256_test_wrapper/export/sha256_test_wrapper/hw/sha256_test_wrapper.xsa -regs
configparams mdm-detect-bscan-mask 2
targets -set -nocase -filter {name =~ "*microblaze*#0" && bscan=="USER2" }
rst -system
after 3000
targets -set -nocase -filter {name =~ "*microblaze*#0" && bscan=="USER2" }
dow C:/Users/maxgr/Projects/Classes/ECE4300/ECE4300-sha256-microblaze/Vitis/sha_256_test_app/Debug/sha_256_test_app.elf
----------------End of Script----------------

13:42:24 INFO  : Context for processor 'microblaze_0' is selected.
13:42:24 INFO  : 'con' command is executed.
13:42:24 INFO  : ----------------XSDB Script (After Launch)----------------
targets -set -nocase -filter {name =~ "*microblaze*#0" && bscan=="USER2" }
con
----------------End of Script----------------

13:42:24 INFO  : Launch script is exported to file 'C:\Users\maxgr\Projects\Classes\ECE4300\ECE4300-sha256-microblaze\Vitis\sha_256_test_app_system\_ide\scripts\debugger_sha_256_test_app-default.tcl'
13:43:29 INFO  : Disconnected from the channel tcfchan#26.
13:43:30 INFO  : Connected to target on host '127.0.0.1' and port '3121'.
13:43:39 INFO  : ----------------XSDB Script----------------
connect -url tcp:127.0.0.1:3121
----------------End of Script----------------

13:43:39 ERROR : Could not find FPGA device on the board for connection 'Local'.


Troubleshooting hints:
1. Check whether board is connected to system properly.
2. In case of zynq board, check whether Digilent/Xilinx cable switch settings are correct.
3. If you are using Xilinx Platform Cable USB, ensure that status LED is green.
13:43:44 INFO  : Connected to target on host '127.0.0.1' and port '3121'.
13:43:45 INFO  : Jtag cable 'Digilent Nexys A7 -100T 210292BCFFDAA' is selected.
13:43:45 INFO  : 'jtag frequency' command is executed.
13:43:45 INFO  : 'targets -set -filter {jtag_cable_name =~ "Digilent Nexys A7 -100T 210292BCFFDAA" && level==0 && jtag_device_ctx=="jsn-Nexys A7 -100T-210292BCFFDAA-13631093-0"}' command is executed.
13:43:47 INFO  : Device configured successfully with "C:/Users/maxgr/Projects/Classes/ECE4300/ECE4300-sha256-microblaze/Vitis/sha_256_test_app/_ide/bitstream/sha256_test_wrapper.bit"
13:43:47 INFO  : Context for processor 'microblaze_0' is selected.
13:43:47 INFO  : Hardware design and registers information is loaded from 'C:/Users/maxgr/Projects/Classes/ECE4300/ECE4300-sha256-microblaze/Vitis/sha256_test_wrapper/export/sha256_test_wrapper/hw/sha256_test_wrapper.xsa'.
13:43:47 INFO  : 'configparams mdm-detect-bscan-mask 2' command is executed.
13:43:47 INFO  : Context for processor 'microblaze_0' is selected.
13:43:47 INFO  : System reset is completed.
13:43:50 INFO  : 'after 3000' command is executed.
13:43:50 INFO  : Context for processor 'microblaze_0' is selected.
13:43:50 INFO  : The application 'C:/Users/maxgr/Projects/Classes/ECE4300/ECE4300-sha256-microblaze/Vitis/sha_256_test_app/Debug/sha_256_test_app.elf' is downloaded to processor 'microblaze_0'.
13:43:50 INFO  : ----------------XSDB Script----------------
connect -url tcp:127.0.0.1:3121
targets -set -filter {jtag_cable_name =~ "Digilent Nexys A7 -100T 210292BCFFDAA" && level==0 && jtag_device_ctx=="jsn-Nexys A7 -100T-210292BCFFDAA-13631093-0"}
fpga -file C:/Users/maxgr/Projects/Classes/ECE4300/ECE4300-sha256-microblaze/Vitis/sha_256_test_app/_ide/bitstream/sha256_test_wrapper.bit
targets -set -nocase -filter {name =~ "*microblaze*#0" && bscan=="USER2" }
loadhw -hw C:/Users/maxgr/Projects/Classes/ECE4300/ECE4300-sha256-microblaze/Vitis/sha256_test_wrapper/export/sha256_test_wrapper/hw/sha256_test_wrapper.xsa -regs
configparams mdm-detect-bscan-mask 2
targets -set -nocase -filter {name =~ "*microblaze*#0" && bscan=="USER2" }
rst -system
after 3000
targets -set -nocase -filter {name =~ "*microblaze*#0" && bscan=="USER2" }
dow C:/Users/maxgr/Projects/Classes/ECE4300/ECE4300-sha256-microblaze/Vitis/sha_256_test_app/Debug/sha_256_test_app.elf
----------------End of Script----------------

13:43:50 INFO  : Context for processor 'microblaze_0' is selected.
13:43:50 INFO  : 'con' command is executed.
13:43:50 INFO  : ----------------XSDB Script (After Launch)----------------
targets -set -nocase -filter {name =~ "*microblaze*#0" && bscan=="USER2" }
con
----------------End of Script----------------

13:43:50 INFO  : Launch script is exported to file 'C:\Users\maxgr\Projects\Classes\ECE4300\ECE4300-sha256-microblaze\Vitis\sha_256_test_app_system\_ide\scripts\debugger_sha_256_test_app-default.tcl'
13:44:18 INFO  : Disconnected from the channel tcfchan#27.
13:44:20 INFO  : Connected to target on host '127.0.0.1' and port '3121'.
13:44:20 INFO  : Jtag cable 'Digilent Nexys A7 -100T 210292BCFFDAA' is selected.
13:44:20 INFO  : 'jtag frequency' command is executed.
13:44:20 INFO  : 'targets -set -filter {jtag_cable_name =~ "Digilent Nexys A7 -100T 210292BCFFDAA" && level==0 && jtag_device_ctx=="jsn-Nexys A7 -100T-210292BCFFDAA-13631093-0"}' command is executed.
13:44:22 INFO  : Device configured successfully with "C:/Users/maxgr/Projects/Classes/ECE4300/ECE4300-sha256-microblaze/Vitis/sha_256_test_app/_ide/bitstream/sha256_test_wrapper.bit"
13:44:22 INFO  : Context for processor 'microblaze_0' is selected.
13:44:22 INFO  : Hardware design and registers information is loaded from 'C:/Users/maxgr/Projects/Classes/ECE4300/ECE4300-sha256-microblaze/Vitis/sha256_test_wrapper/export/sha256_test_wrapper/hw/sha256_test_wrapper.xsa'.
13:44:22 INFO  : 'configparams mdm-detect-bscan-mask 2' command is executed.
13:44:23 INFO  : Context for processor 'microblaze_0' is selected.
13:44:23 INFO  : System reset is completed.
13:44:26 INFO  : 'after 3000' command is executed.
13:44:26 INFO  : Context for processor 'microblaze_0' is selected.
13:44:26 INFO  : The application 'C:/Users/maxgr/Projects/Classes/ECE4300/ECE4300-sha256-microblaze/Vitis/sha_256_test_app/Debug/sha_256_test_app.elf' is downloaded to processor 'microblaze_0'.
13:44:26 INFO  : ----------------XSDB Script----------------
connect -url tcp:127.0.0.1:3121
targets -set -filter {jtag_cable_name =~ "Digilent Nexys A7 -100T 210292BCFFDAA" && level==0 && jtag_device_ctx=="jsn-Nexys A7 -100T-210292BCFFDAA-13631093-0"}
fpga -file C:/Users/maxgr/Projects/Classes/ECE4300/ECE4300-sha256-microblaze/Vitis/sha_256_test_app/_ide/bitstream/sha256_test_wrapper.bit
targets -set -nocase -filter {name =~ "*microblaze*#0" && bscan=="USER2" }
loadhw -hw C:/Users/maxgr/Projects/Classes/ECE4300/ECE4300-sha256-microblaze/Vitis/sha256_test_wrapper/export/sha256_test_wrapper/hw/sha256_test_wrapper.xsa -regs
configparams mdm-detect-bscan-mask 2
targets -set -nocase -filter {name =~ "*microblaze*#0" && bscan=="USER2" }
rst -system
after 3000
targets -set -nocase -filter {name =~ "*microblaze*#0" && bscan=="USER2" }
dow C:/Users/maxgr/Projects/Classes/ECE4300/ECE4300-sha256-microblaze/Vitis/sha_256_test_app/Debug/sha_256_test_app.elf
----------------End of Script----------------

13:44:26 INFO  : Context for processor 'microblaze_0' is selected.
13:44:26 INFO  : 'con' command is executed.
13:44:26 INFO  : ----------------XSDB Script (After Launch)----------------
targets -set -nocase -filter {name =~ "*microblaze*#0" && bscan=="USER2" }
con
----------------End of Script----------------

13:44:26 INFO  : Launch script is exported to file 'C:\Users\maxgr\Projects\Classes\ECE4300\ECE4300-sha256-microblaze\Vitis\sha_256_test_app_system\_ide\scripts\debugger_sha_256_test_app-default.tcl'
14:20:10 INFO  : Disconnected from the channel tcfchan#28.
19:30:14 DEBUG : Logs will be stored at 'C:/Users/maxgr/Projects/Classes/ECE4300/ECE4300-sha256-microblaze/Vitis/IDE.log'.
19:30:15 INFO  : Launching XSCT server: xsct.bat -n  -interactive C:\Users\maxgr\Projects\Classes\ECE4300\ECE4300-sha256-microblaze\Vitis\temp_xsdb_launch_script.tcl
19:30:18 INFO  : Registering command handlers for Vitis TCF services
19:30:19 INFO  : Platform repository initialization has completed.
19:30:20 INFO  : XSCT server has started successfully.
19:30:25 INFO  : plnx-install-location is set to ''
19:30:25 INFO  : Successfully done setting XSCT server connection channel  
19:30:25 INFO  : Successfully done query RDI_DATADIR 
19:30:25 INFO  : Successfully done setting workspace for the tool. 
19:35:02 INFO  : Connected to target on host '127.0.0.1' and port '3121'.
19:35:02 INFO  : Jtag cable 'Digilent Nexys A7 -100T 210292BCFFDAA' is selected.
19:35:02 INFO  : 'jtag frequency' command is executed.
19:35:02 INFO  : 'targets -set -filter {jtag_cable_name =~ "Digilent Nexys A7 -100T 210292BCFFDAA" && level==0 && jtag_device_ctx=="jsn-Nexys A7 -100T-210292BCFFDAA-13631093-0"}' command is executed.
19:35:05 INFO  : Device configured successfully with "C:/Users/maxgr/Projects/Classes/ECE4300/ECE4300-sha256-microblaze/Vitis/sha_256_test_app/_ide/bitstream/sha256_test_wrapper.bit"
19:35:05 INFO  : Context for processor 'microblaze_0' is selected.
19:35:05 INFO  : Hardware design and registers information is loaded from 'C:/Users/maxgr/Projects/Classes/ECE4300/ECE4300-sha256-microblaze/Vitis/sha256_test_wrapper/export/sha256_test_wrapper/hw/sha256_test_wrapper.xsa'.
19:35:05 INFO  : 'configparams mdm-detect-bscan-mask 2' command is executed.
19:35:05 INFO  : Context for processor 'microblaze_0' is selected.
19:35:05 INFO  : System reset is completed.
19:35:08 INFO  : 'after 3000' command is executed.
19:35:08 INFO  : Context for processor 'microblaze_0' is selected.
19:35:08 INFO  : The application 'C:/Users/maxgr/Projects/Classes/ECE4300/ECE4300-sha256-microblaze/Vitis/sha_256_test_app/Debug/sha_256_test_app.elf' is downloaded to processor 'microblaze_0'.
19:35:08 INFO  : ----------------XSDB Script----------------
connect -url tcp:127.0.0.1:3121
targets -set -filter {jtag_cable_name =~ "Digilent Nexys A7 -100T 210292BCFFDAA" && level==0 && jtag_device_ctx=="jsn-Nexys A7 -100T-210292BCFFDAA-13631093-0"}
fpga -file C:/Users/maxgr/Projects/Classes/ECE4300/ECE4300-sha256-microblaze/Vitis/sha_256_test_app/_ide/bitstream/sha256_test_wrapper.bit
targets -set -nocase -filter {name =~ "*microblaze*#0" && bscan=="USER2" }
loadhw -hw C:/Users/maxgr/Projects/Classes/ECE4300/ECE4300-sha256-microblaze/Vitis/sha256_test_wrapper/export/sha256_test_wrapper/hw/sha256_test_wrapper.xsa -regs
configparams mdm-detect-bscan-mask 2
targets -set -nocase -filter {name =~ "*microblaze*#0" && bscan=="USER2" }
rst -system
after 3000
targets -set -nocase -filter {name =~ "*microblaze*#0" && bscan=="USER2" }
dow C:/Users/maxgr/Projects/Classes/ECE4300/ECE4300-sha256-microblaze/Vitis/sha_256_test_app/Debug/sha_256_test_app.elf
----------------End of Script----------------

19:35:08 INFO  : Context for processor 'microblaze_0' is selected.
19:35:08 INFO  : 'con' command is executed.
19:35:08 INFO  : ----------------XSDB Script (After Launch)----------------
targets -set -nocase -filter {name =~ "*microblaze*#0" && bscan=="USER2" }
con
----------------End of Script----------------

19:35:08 INFO  : Launch script is exported to file 'C:\Users\maxgr\Projects\Classes\ECE4300\ECE4300-sha256-microblaze\Vitis\sha_256_test_app_system\_ide\scripts\debugger_sha_256_test_app-default.tcl'
19:55:03 INFO  : Disconnected from the channel tcfchan#1.
19:55:11 INFO  : Connected to target on host '127.0.0.1' and port '3121'.
19:55:11 INFO  : Jtag cable 'Digilent Nexys A7 -100T 210292BCFFDAA' is selected.
19:55:11 INFO  : 'jtag frequency' command is executed.
19:55:11 INFO  : 'targets -set -filter {jtag_cable_name =~ "Digilent Nexys A7 -100T 210292BCFFDAA" && level==0 && jtag_device_ctx=="jsn-Nexys A7 -100T-210292BCFFDAA-13631093-0"}' command is executed.
19:55:13 INFO  : Device configured successfully with "C:/Users/maxgr/Projects/Classes/ECE4300/ECE4300-sha256-microblaze/Vitis/sha_256_test_app/_ide/bitstream/sha256_test_wrapper.bit"
19:55:13 INFO  : Context for processor 'microblaze_0' is selected.
19:55:13 INFO  : Hardware design and registers information is loaded from 'C:/Users/maxgr/Projects/Classes/ECE4300/ECE4300-sha256-microblaze/Vitis/sha256_test_wrapper/export/sha256_test_wrapper/hw/sha256_test_wrapper.xsa'.
19:55:13 INFO  : 'configparams mdm-detect-bscan-mask 2' command is executed.
19:55:13 INFO  : Context for processor 'microblaze_0' is selected.
19:55:13 INFO  : System reset is completed.
19:55:17 INFO  : 'after 3000' command is executed.
19:55:17 INFO  : Context for processor 'microblaze_0' is selected.
19:55:17 INFO  : The application 'C:/Users/maxgr/Projects/Classes/ECE4300/ECE4300-sha256-microblaze/Vitis/sha_256_test_app/Debug/sha_256_test_app.elf' is downloaded to processor 'microblaze_0'.
19:55:17 INFO  : ----------------XSDB Script----------------
connect -url tcp:127.0.0.1:3121
targets -set -filter {jtag_cable_name =~ "Digilent Nexys A7 -100T 210292BCFFDAA" && level==0 && jtag_device_ctx=="jsn-Nexys A7 -100T-210292BCFFDAA-13631093-0"}
fpga -file C:/Users/maxgr/Projects/Classes/ECE4300/ECE4300-sha256-microblaze/Vitis/sha_256_test_app/_ide/bitstream/sha256_test_wrapper.bit
targets -set -nocase -filter {name =~ "*microblaze*#0" && bscan=="USER2" }
loadhw -hw C:/Users/maxgr/Projects/Classes/ECE4300/ECE4300-sha256-microblaze/Vitis/sha256_test_wrapper/export/sha256_test_wrapper/hw/sha256_test_wrapper.xsa -regs
configparams mdm-detect-bscan-mask 2
targets -set -nocase -filter {name =~ "*microblaze*#0" && bscan=="USER2" }
rst -system
after 3000
targets -set -nocase -filter {name =~ "*microblaze*#0" && bscan=="USER2" }
dow C:/Users/maxgr/Projects/Classes/ECE4300/ECE4300-sha256-microblaze/Vitis/sha_256_test_app/Debug/sha_256_test_app.elf
----------------End of Script----------------

19:55:17 INFO  : Context for processor 'microblaze_0' is selected.
19:55:17 INFO  : 'con' command is executed.
19:55:17 INFO  : ----------------XSDB Script (After Launch)----------------
targets -set -nocase -filter {name =~ "*microblaze*#0" && bscan=="USER2" }
con
----------------End of Script----------------

19:55:17 INFO  : Launch script is exported to file 'C:\Users\maxgr\Projects\Classes\ECE4300\ECE4300-sha256-microblaze\Vitis\sha_256_test_app_system\_ide\scripts\debugger_sha_256_test_app-default.tcl'
20:01:15 INFO  : Disconnected from the channel tcfchan#2.
20:01:16 INFO  : Connected to target on host '127.0.0.1' and port '3121'.
20:01:25 INFO  : ----------------XSDB Script----------------
connect -url tcp:127.0.0.1:3121
----------------End of Script----------------

20:01:25 ERROR : Could not find FPGA device on the board for connection 'Local'.


Troubleshooting hints:
1. Check whether board is connected to system properly.
2. In case of zynq board, check whether Digilent/Xilinx cable switch settings are correct.
3. If you are using Xilinx Platform Cable USB, ensure that status LED is green.
20:01:28 INFO  : Connected to target on host '127.0.0.1' and port '3121'.
20:01:29 INFO  : Jtag cable 'Digilent Nexys A7 -100T 210292BCFFDAA' is selected.
20:01:29 INFO  : 'jtag frequency' command is executed.
20:01:29 INFO  : 'targets -set -filter {jtag_cable_name =~ "Digilent Nexys A7 -100T 210292BCFFDAA" && level==0 && jtag_device_ctx=="jsn-Nexys A7 -100T-210292BCFFDAA-13631093-0"}' command is executed.
20:01:31 INFO  : Device configured successfully with "C:/Users/maxgr/Projects/Classes/ECE4300/ECE4300-sha256-microblaze/Vitis/sha_256_test_app/_ide/bitstream/sha256_test_wrapper.bit"
20:01:31 INFO  : Context for processor 'microblaze_0' is selected.
20:01:31 INFO  : Hardware design and registers information is loaded from 'C:/Users/maxgr/Projects/Classes/ECE4300/ECE4300-sha256-microblaze/Vitis/sha256_test_wrapper/export/sha256_test_wrapper/hw/sha256_test_wrapper.xsa'.
20:01:31 INFO  : 'configparams mdm-detect-bscan-mask 2' command is executed.
20:01:31 INFO  : Context for processor 'microblaze_0' is selected.
20:01:31 INFO  : System reset is completed.
20:01:34 INFO  : 'after 3000' command is executed.
20:01:34 INFO  : Context for processor 'microblaze_0' is selected.
20:01:34 INFO  : The application 'C:/Users/maxgr/Projects/Classes/ECE4300/ECE4300-sha256-microblaze/Vitis/sha_256_test_app/Debug/sha_256_test_app.elf' is downloaded to processor 'microblaze_0'.
20:01:34 INFO  : ----------------XSDB Script----------------
connect -url tcp:127.0.0.1:3121
targets -set -filter {jtag_cable_name =~ "Digilent Nexys A7 -100T 210292BCFFDAA" && level==0 && jtag_device_ctx=="jsn-Nexys A7 -100T-210292BCFFDAA-13631093-0"}
fpga -file C:/Users/maxgr/Projects/Classes/ECE4300/ECE4300-sha256-microblaze/Vitis/sha_256_test_app/_ide/bitstream/sha256_test_wrapper.bit
targets -set -nocase -filter {name =~ "*microblaze*#0" && bscan=="USER2" }
loadhw -hw C:/Users/maxgr/Projects/Classes/ECE4300/ECE4300-sha256-microblaze/Vitis/sha256_test_wrapper/export/sha256_test_wrapper/hw/sha256_test_wrapper.xsa -regs
configparams mdm-detect-bscan-mask 2
targets -set -nocase -filter {name =~ "*microblaze*#0" && bscan=="USER2" }
rst -system
after 3000
targets -set -nocase -filter {name =~ "*microblaze*#0" && bscan=="USER2" }
dow C:/Users/maxgr/Projects/Classes/ECE4300/ECE4300-sha256-microblaze/Vitis/sha_256_test_app/Debug/sha_256_test_app.elf
----------------End of Script----------------

20:01:34 INFO  : Context for processor 'microblaze_0' is selected.
20:01:34 INFO  : 'con' command is executed.
20:01:34 INFO  : ----------------XSDB Script (After Launch)----------------
targets -set -nocase -filter {name =~ "*microblaze*#0" && bscan=="USER2" }
con
----------------End of Script----------------

20:01:34 INFO  : Launch script is exported to file 'C:\Users\maxgr\Projects\Classes\ECE4300\ECE4300-sha256-microblaze\Vitis\sha_256_test_app_system\_ide\scripts\debugger_sha_256_test_app-default.tcl'
20:03:12 INFO  : Disconnected from the channel tcfchan#3.
20:03:13 INFO  : Connected to target on host '127.0.0.1' and port '3121'.
20:03:22 INFO  : ----------------XSDB Script----------------
connect -url tcp:127.0.0.1:3121
----------------End of Script----------------

20:03:22 ERROR : Could not find FPGA device on the board for connection 'Local'.


Troubleshooting hints:
1. Check whether board is connected to system properly.
2. In case of zynq board, check whether Digilent/Xilinx cable switch settings are correct.
3. If you are using Xilinx Platform Cable USB, ensure that status LED is green.
20:03:27 INFO  : Connected to target on host '127.0.0.1' and port '3121'.
20:03:27 INFO  : Jtag cable 'Digilent Nexys A7 -100T 210292BCFFDAA' is selected.
20:03:27 INFO  : 'jtag frequency' command is executed.
20:03:28 INFO  : 'targets -set -filter {jtag_cable_name =~ "Digilent Nexys A7 -100T 210292BCFFDAA" && level==0 && jtag_device_ctx=="jsn-Nexys A7 -100T-210292BCFFDAA-13631093-0"}' command is executed.
20:03:30 INFO  : Device configured successfully with "C:/Users/maxgr/Projects/Classes/ECE4300/ECE4300-sha256-microblaze/Vitis/sha_256_test_app/_ide/bitstream/sha256_test_wrapper.bit"
20:03:30 INFO  : Context for processor 'microblaze_0' is selected.
20:03:30 INFO  : Hardware design and registers information is loaded from 'C:/Users/maxgr/Projects/Classes/ECE4300/ECE4300-sha256-microblaze/Vitis/sha256_test_wrapper/export/sha256_test_wrapper/hw/sha256_test_wrapper.xsa'.
20:03:30 INFO  : 'configparams mdm-detect-bscan-mask 2' command is executed.
20:03:30 INFO  : Context for processor 'microblaze_0' is selected.
20:03:30 INFO  : System reset is completed.
20:03:33 INFO  : 'after 3000' command is executed.
20:03:33 INFO  : Context for processor 'microblaze_0' is selected.
20:03:33 INFO  : The application 'C:/Users/maxgr/Projects/Classes/ECE4300/ECE4300-sha256-microblaze/Vitis/sha_256_test_app/Debug/sha_256_test_app.elf' is downloaded to processor 'microblaze_0'.
20:03:33 INFO  : ----------------XSDB Script----------------
connect -url tcp:127.0.0.1:3121
targets -set -filter {jtag_cable_name =~ "Digilent Nexys A7 -100T 210292BCFFDAA" && level==0 && jtag_device_ctx=="jsn-Nexys A7 -100T-210292BCFFDAA-13631093-0"}
fpga -file C:/Users/maxgr/Projects/Classes/ECE4300/ECE4300-sha256-microblaze/Vitis/sha_256_test_app/_ide/bitstream/sha256_test_wrapper.bit
targets -set -nocase -filter {name =~ "*microblaze*#0" && bscan=="USER2" }
loadhw -hw C:/Users/maxgr/Projects/Classes/ECE4300/ECE4300-sha256-microblaze/Vitis/sha256_test_wrapper/export/sha256_test_wrapper/hw/sha256_test_wrapper.xsa -regs
configparams mdm-detect-bscan-mask 2
targets -set -nocase -filter {name =~ "*microblaze*#0" && bscan=="USER2" }
rst -system
after 3000
targets -set -nocase -filter {name =~ "*microblaze*#0" && bscan=="USER2" }
dow C:/Users/maxgr/Projects/Classes/ECE4300/ECE4300-sha256-microblaze/Vitis/sha_256_test_app/Debug/sha_256_test_app.elf
----------------End of Script----------------

20:03:33 INFO  : Context for processor 'microblaze_0' is selected.
20:03:33 INFO  : 'con' command is executed.
20:03:33 INFO  : ----------------XSDB Script (After Launch)----------------
targets -set -nocase -filter {name =~ "*microblaze*#0" && bscan=="USER2" }
con
----------------End of Script----------------

20:03:33 INFO  : Launch script is exported to file 'C:\Users\maxgr\Projects\Classes\ECE4300\ECE4300-sha256-microblaze\Vitis\sha_256_test_app_system\_ide\scripts\debugger_sha_256_test_app-default.tcl'
20:10:33 INFO  : Result from executing command 'getProjects': sha256_test_wrapper
20:10:33 INFO  : Result from executing command 'getPlatforms': sha256_test_wrapper|C:/Users/maxgr/Projects/Classes/ECE4300/ECE4300-sha256-microblaze/Vitis/sha256_test_wrapper/export/sha256_test_wrapper/sha256_test_wrapper.xpfm;xilinx_zcu102_base_202320_1|C:/Xilinx/Vitis/2023.2/base_platforms/xilinx_zcu102_base_202320_1/xilinx_zcu102_base_202320_1.xpfm;xilinx_zcu102_base_dfx_202320_1|C:/Xilinx/Vitis/2023.2/base_platforms/xilinx_zcu102_base_dfx_202320_1/xilinx_zcu102_base_dfx_202320_1.xpfm;xilinx_zcu104_base_202320_1|C:/Xilinx/Vitis/2023.2/base_platforms/xilinx_zcu104_base_202320_1/xilinx_zcu104_base_202320_1.xpfm
20:10:34 INFO  : Checking for BSP changes to sync application flags for project 'sha_256_test_app'...
20:13:29 INFO  : Checking for BSP changes to sync application flags for project 'sha_256_test_app'...
20:13:46 INFO  : Disconnected from the channel tcfchan#4.
20:13:47 INFO  : Connected to target on host '127.0.0.1' and port '3121'.
20:13:56 INFO  : ----------------XSDB Script----------------
connect -url tcp:127.0.0.1:3121
----------------End of Script----------------

20:13:56 ERROR : Could not find FPGA device on the board for connection 'Local'.


Troubleshooting hints:
1. Check whether board is connected to system properly.
2. In case of zynq board, check whether Digilent/Xilinx cable switch settings are correct.
3. If you are using Xilinx Platform Cable USB, ensure that status LED is green.
20:13:59 INFO  : Connected to target on host '127.0.0.1' and port '3121'.
20:13:59 INFO  : Jtag cable 'Digilent Nexys A7 -100T 210292BCFFDAA' is selected.
20:13:59 INFO  : 'jtag frequency' command is executed.
20:13:59 INFO  : 'targets -set -filter {jtag_cable_name =~ "Digilent Nexys A7 -100T 210292BCFFDAA" && level==0 && jtag_device_ctx=="jsn-Nexys A7 -100T-210292BCFFDAA-13631093-0"}' command is executed.
20:14:01 INFO  : Device configured successfully with "C:/Users/maxgr/Projects/Classes/ECE4300/ECE4300-sha256-microblaze/Vitis/sha_256_test_app/_ide/bitstream/sha256_test_wrapper.bit"
20:14:01 INFO  : Context for processor 'microblaze_0' is selected.
20:14:01 INFO  : Hardware design and registers information is loaded from 'C:/Users/maxgr/Projects/Classes/ECE4300/ECE4300-sha256-microblaze/Vitis/sha256_test_wrapper/export/sha256_test_wrapper/hw/sha256_test_wrapper.xsa'.
20:14:01 INFO  : 'configparams mdm-detect-bscan-mask 2' command is executed.
20:14:01 INFO  : Context for processor 'microblaze_0' is selected.
20:14:01 INFO  : System reset is completed.
20:14:04 INFO  : 'after 3000' command is executed.
20:14:04 INFO  : Context for processor 'microblaze_0' is selected.
20:14:04 INFO  : The application 'C:/Users/maxgr/Projects/Classes/ECE4300/ECE4300-sha256-microblaze/Vitis/sha_256_test_app/Debug/sha_256_test_app.elf' is downloaded to processor 'microblaze_0'.
20:14:04 INFO  : ----------------XSDB Script----------------
connect -url tcp:127.0.0.1:3121
targets -set -filter {jtag_cable_name =~ "Digilent Nexys A7 -100T 210292BCFFDAA" && level==0 && jtag_device_ctx=="jsn-Nexys A7 -100T-210292BCFFDAA-13631093-0"}
fpga -file C:/Users/maxgr/Projects/Classes/ECE4300/ECE4300-sha256-microblaze/Vitis/sha_256_test_app/_ide/bitstream/sha256_test_wrapper.bit
targets -set -nocase -filter {name =~ "*microblaze*#0" && bscan=="USER2" }
loadhw -hw C:/Users/maxgr/Projects/Classes/ECE4300/ECE4300-sha256-microblaze/Vitis/sha256_test_wrapper/export/sha256_test_wrapper/hw/sha256_test_wrapper.xsa -regs
configparams mdm-detect-bscan-mask 2
targets -set -nocase -filter {name =~ "*microblaze*#0" && bscan=="USER2" }
rst -system
after 3000
targets -set -nocase -filter {name =~ "*microblaze*#0" && bscan=="USER2" }
dow C:/Users/maxgr/Projects/Classes/ECE4300/ECE4300-sha256-microblaze/Vitis/sha_256_test_app/Debug/sha_256_test_app.elf
----------------End of Script----------------

20:14:05 INFO  : Context for processor 'microblaze_0' is selected.
20:14:05 INFO  : 'con' command is executed.
20:14:05 INFO  : ----------------XSDB Script (After Launch)----------------
targets -set -nocase -filter {name =~ "*microblaze*#0" && bscan=="USER2" }
con
----------------End of Script----------------

20:14:05 INFO  : Launch script is exported to file 'C:\Users\maxgr\Projects\Classes\ECE4300\ECE4300-sha256-microblaze\Vitis\sha_256_test_app_system\_ide\scripts\debugger_sha_256_test_app-default.tcl'
20:16:52 INFO  : Disconnected from the channel tcfchan#6.
20:16:53 INFO  : Connected to target on host '127.0.0.1' and port '3121'.
20:17:02 INFO  : ----------------XSDB Script----------------
connect -url tcp:127.0.0.1:3121
----------------End of Script----------------

20:17:02 ERROR : Could not find FPGA device on the board for connection 'Local'.


Troubleshooting hints:
1. Check whether board is connected to system properly.
2. In case of zynq board, check whether Digilent/Xilinx cable switch settings are correct.
3. If you are using Xilinx Platform Cable USB, ensure that status LED is green.
20:17:04 INFO  : Connected to target on host '127.0.0.1' and port '3121'.
20:17:05 INFO  : Jtag cable 'Digilent Nexys A7 -100T 210292BCFFDAA' is selected.
20:17:05 INFO  : 'jtag frequency' command is executed.
20:17:05 INFO  : 'targets -set -filter {jtag_cable_name =~ "Digilent Nexys A7 -100T 210292BCFFDAA" && level==0 && jtag_device_ctx=="jsn-Nexys A7 -100T-210292BCFFDAA-13631093-0"}' command is executed.
20:17:07 INFO  : Device configured successfully with "C:/Users/maxgr/Projects/Classes/ECE4300/ECE4300-sha256-microblaze/Vitis/sha_256_test_app/_ide/bitstream/sha256_test_wrapper.bit"
20:17:07 INFO  : Context for processor 'microblaze_0' is selected.
20:17:07 INFO  : Hardware design and registers information is loaded from 'C:/Users/maxgr/Projects/Classes/ECE4300/ECE4300-sha256-microblaze/Vitis/sha256_test_wrapper/export/sha256_test_wrapper/hw/sha256_test_wrapper.xsa'.
20:17:07 INFO  : 'configparams mdm-detect-bscan-mask 2' command is executed.
20:17:07 INFO  : Context for processor 'microblaze_0' is selected.
20:17:07 INFO  : System reset is completed.
20:17:10 INFO  : 'after 3000' command is executed.
20:17:10 INFO  : Context for processor 'microblaze_0' is selected.
20:17:10 INFO  : The application 'C:/Users/maxgr/Projects/Classes/ECE4300/ECE4300-sha256-microblaze/Vitis/sha_256_test_app/Debug/sha_256_test_app.elf' is downloaded to processor 'microblaze_0'.
20:17:10 INFO  : ----------------XSDB Script----------------
connect -url tcp:127.0.0.1:3121
targets -set -filter {jtag_cable_name =~ "Digilent Nexys A7 -100T 210292BCFFDAA" && level==0 && jtag_device_ctx=="jsn-Nexys A7 -100T-210292BCFFDAA-13631093-0"}
fpga -file C:/Users/maxgr/Projects/Classes/ECE4300/ECE4300-sha256-microblaze/Vitis/sha_256_test_app/_ide/bitstream/sha256_test_wrapper.bit
targets -set -nocase -filter {name =~ "*microblaze*#0" && bscan=="USER2" }
loadhw -hw C:/Users/maxgr/Projects/Classes/ECE4300/ECE4300-sha256-microblaze/Vitis/sha256_test_wrapper/export/sha256_test_wrapper/hw/sha256_test_wrapper.xsa -regs
configparams mdm-detect-bscan-mask 2
targets -set -nocase -filter {name =~ "*microblaze*#0" && bscan=="USER2" }
rst -system
after 3000
targets -set -nocase -filter {name =~ "*microblaze*#0" && bscan=="USER2" }
dow C:/Users/maxgr/Projects/Classes/ECE4300/ECE4300-sha256-microblaze/Vitis/sha_256_test_app/Debug/sha_256_test_app.elf
----------------End of Script----------------

20:17:10 INFO  : Context for processor 'microblaze_0' is selected.
20:17:10 INFO  : 'con' command is executed.
20:17:10 INFO  : ----------------XSDB Script (After Launch)----------------
targets -set -nocase -filter {name =~ "*microblaze*#0" && bscan=="USER2" }
con
----------------End of Script----------------

20:17:10 INFO  : Launch script is exported to file 'C:\Users\maxgr\Projects\Classes\ECE4300\ECE4300-sha256-microblaze\Vitis\sha_256_test_app_system\_ide\scripts\debugger_sha_256_test_app-default.tcl'
20:18:26 INFO  : Disconnected from the channel tcfchan#7.
20:18:27 INFO  : Connected to target on host '127.0.0.1' and port '3121'.
20:18:28 INFO  : Jtag cable 'Digilent Nexys A7 -100T 210292BCFFDAA' is selected.
20:18:28 INFO  : 'jtag frequency' command is executed.
20:18:28 INFO  : 'targets -set -filter {jtag_cable_name =~ "Digilent Nexys A7 -100T 210292BCFFDAA" && level==0 && jtag_device_ctx=="jsn-Nexys A7 -100T-210292BCFFDAA-13631093-0"}' command is executed.
20:18:30 INFO  : Device configured successfully with "C:/Users/maxgr/Projects/Classes/ECE4300/ECE4300-sha256-microblaze/Vitis/sha_256_test_app/_ide/bitstream/sha256_test_wrapper.bit"
20:18:30 INFO  : Context for processor 'microblaze_0' is selected.
20:18:30 INFO  : Hardware design and registers information is loaded from 'C:/Users/maxgr/Projects/Classes/ECE4300/ECE4300-sha256-microblaze/Vitis/sha256_test_wrapper/export/sha256_test_wrapper/hw/sha256_test_wrapper.xsa'.
20:18:30 INFO  : 'configparams mdm-detect-bscan-mask 2' command is executed.
20:18:30 INFO  : Context for processor 'microblaze_0' is selected.
20:18:30 INFO  : System reset is completed.
20:18:33 INFO  : 'after 3000' command is executed.
20:18:33 INFO  : Context for processor 'microblaze_0' is selected.
20:18:33 INFO  : The application 'C:/Users/maxgr/Projects/Classes/ECE4300/ECE4300-sha256-microblaze/Vitis/sha_256_test_app/Debug/sha_256_test_app.elf' is downloaded to processor 'microblaze_0'.
20:18:33 INFO  : ----------------XSDB Script----------------
connect -url tcp:127.0.0.1:3121
targets -set -filter {jtag_cable_name =~ "Digilent Nexys A7 -100T 210292BCFFDAA" && level==0 && jtag_device_ctx=="jsn-Nexys A7 -100T-210292BCFFDAA-13631093-0"}
fpga -file C:/Users/maxgr/Projects/Classes/ECE4300/ECE4300-sha256-microblaze/Vitis/sha_256_test_app/_ide/bitstream/sha256_test_wrapper.bit
targets -set -nocase -filter {name =~ "*microblaze*#0" && bscan=="USER2" }
loadhw -hw C:/Users/maxgr/Projects/Classes/ECE4300/ECE4300-sha256-microblaze/Vitis/sha256_test_wrapper/export/sha256_test_wrapper/hw/sha256_test_wrapper.xsa -regs
configparams mdm-detect-bscan-mask 2
targets -set -nocase -filter {name =~ "*microblaze*#0" && bscan=="USER2" }
rst -system
after 3000
targets -set -nocase -filter {name =~ "*microblaze*#0" && bscan=="USER2" }
dow C:/Users/maxgr/Projects/Classes/ECE4300/ECE4300-sha256-microblaze/Vitis/sha_256_test_app/Debug/sha_256_test_app.elf
----------------End of Script----------------

20:18:33 INFO  : Context for processor 'microblaze_0' is selected.
20:18:33 INFO  : 'con' command is executed.
20:18:33 INFO  : ----------------XSDB Script (After Launch)----------------
targets -set -nocase -filter {name =~ "*microblaze*#0" && bscan=="USER2" }
con
----------------End of Script----------------

20:18:33 INFO  : Launch script is exported to file 'C:\Users\maxgr\Projects\Classes\ECE4300\ECE4300-sha256-microblaze\Vitis\sha_256_test_app_system\_ide\scripts\debugger_sha_256_test_app-default.tcl'
20:19:14 INFO  : Disconnected from the channel tcfchan#8.
20:19:15 INFO  : Connected to target on host '127.0.0.1' and port '3121'.
20:19:16 INFO  : Jtag cable 'Digilent Nexys A7 -100T 210292BCFFDAA' is selected.
20:19:16 INFO  : 'jtag frequency' command is executed.
20:19:16 INFO  : 'targets -set -filter {jtag_cable_name =~ "Digilent Nexys A7 -100T 210292BCFFDAA" && level==0 && jtag_device_ctx=="jsn-Nexys A7 -100T-210292BCFFDAA-13631093-0"}' command is executed.
20:19:18 INFO  : Device configured successfully with "C:/Users/maxgr/Projects/Classes/ECE4300/ECE4300-sha256-microblaze/Vitis/sha_256_test_app/_ide/bitstream/sha256_test_wrapper.bit"
20:19:18 INFO  : Context for processor 'microblaze_0' is selected.
20:19:18 INFO  : Hardware design and registers information is loaded from 'C:/Users/maxgr/Projects/Classes/ECE4300/ECE4300-sha256-microblaze/Vitis/sha256_test_wrapper/export/sha256_test_wrapper/hw/sha256_test_wrapper.xsa'.
20:19:18 INFO  : 'configparams mdm-detect-bscan-mask 2' command is executed.
20:19:18 INFO  : Context for processor 'microblaze_0' is selected.
20:19:18 INFO  : System reset is completed.
20:19:21 INFO  : 'after 3000' command is executed.
20:19:21 INFO  : Context for processor 'microblaze_0' is selected.
20:19:21 INFO  : The application 'C:/Users/maxgr/Projects/Classes/ECE4300/ECE4300-sha256-microblaze/Vitis/sha_256_test_app/Debug/sha_256_test_app.elf' is downloaded to processor 'microblaze_0'.
20:19:21 INFO  : ----------------XSDB Script----------------
connect -url tcp:127.0.0.1:3121
targets -set -filter {jtag_cable_name =~ "Digilent Nexys A7 -100T 210292BCFFDAA" && level==0 && jtag_device_ctx=="jsn-Nexys A7 -100T-210292BCFFDAA-13631093-0"}
fpga -file C:/Users/maxgr/Projects/Classes/ECE4300/ECE4300-sha256-microblaze/Vitis/sha_256_test_app/_ide/bitstream/sha256_test_wrapper.bit
targets -set -nocase -filter {name =~ "*microblaze*#0" && bscan=="USER2" }
loadhw -hw C:/Users/maxgr/Projects/Classes/ECE4300/ECE4300-sha256-microblaze/Vitis/sha256_test_wrapper/export/sha256_test_wrapper/hw/sha256_test_wrapper.xsa -regs
configparams mdm-detect-bscan-mask 2
targets -set -nocase -filter {name =~ "*microblaze*#0" && bscan=="USER2" }
rst -system
after 3000
targets -set -nocase -filter {name =~ "*microblaze*#0" && bscan=="USER2" }
dow C:/Users/maxgr/Projects/Classes/ECE4300/ECE4300-sha256-microblaze/Vitis/sha_256_test_app/Debug/sha_256_test_app.elf
----------------End of Script----------------

20:19:21 INFO  : Context for processor 'microblaze_0' is selected.
20:19:21 INFO  : 'con' command is executed.
20:19:21 INFO  : ----------------XSDB Script (After Launch)----------------
targets -set -nocase -filter {name =~ "*microblaze*#0" && bscan=="USER2" }
con
----------------End of Script----------------

20:19:21 INFO  : Launch script is exported to file 'C:\Users\maxgr\Projects\Classes\ECE4300\ECE4300-sha256-microblaze\Vitis\sha_256_test_app_system\_ide\scripts\debugger_sha_256_test_app-default.tcl'
20:28:22 INFO  : Checking for BSP changes to sync application flags for project 'sha_256_test_app'...
20:28:30 INFO  : Disconnected from the channel tcfchan#9.
20:28:32 INFO  : Connected to target on host '127.0.0.1' and port '3121'.
20:28:32 INFO  : Jtag cable 'Digilent Nexys A7 -100T 210292BCFFDAA' is selected.
20:28:32 INFO  : 'jtag frequency' command is executed.
20:28:32 INFO  : 'targets -set -filter {jtag_cable_name =~ "Digilent Nexys A7 -100T 210292BCFFDAA" && level==0 && jtag_device_ctx=="jsn-Nexys A7 -100T-210292BCFFDAA-13631093-0"}' command is executed.
20:28:35 INFO  : Device configured successfully with "C:/Users/maxgr/Projects/Classes/ECE4300/ECE4300-sha256-microblaze/Vitis/sha_256_test_app/_ide/bitstream/sha256_test_wrapper.bit"
20:28:35 INFO  : Context for processor 'microblaze_0' is selected.
20:28:35 INFO  : Hardware design and registers information is loaded from 'C:/Users/maxgr/Projects/Classes/ECE4300/ECE4300-sha256-microblaze/Vitis/sha256_test_wrapper/export/sha256_test_wrapper/hw/sha256_test_wrapper.xsa'.
20:28:35 INFO  : 'configparams mdm-detect-bscan-mask 2' command is executed.
20:28:35 INFO  : Context for processor 'microblaze_0' is selected.
20:28:35 INFO  : System reset is completed.
20:28:38 INFO  : 'after 3000' command is executed.
20:28:38 INFO  : Context for processor 'microblaze_0' is selected.
20:28:38 INFO  : The application 'C:/Users/maxgr/Projects/Classes/ECE4300/ECE4300-sha256-microblaze/Vitis/sha_256_test_app/Debug/sha_256_test_app.elf' is downloaded to processor 'microblaze_0'.
20:28:38 INFO  : ----------------XSDB Script----------------
connect -url tcp:127.0.0.1:3121
targets -set -filter {jtag_cable_name =~ "Digilent Nexys A7 -100T 210292BCFFDAA" && level==0 && jtag_device_ctx=="jsn-Nexys A7 -100T-210292BCFFDAA-13631093-0"}
fpga -file C:/Users/maxgr/Projects/Classes/ECE4300/ECE4300-sha256-microblaze/Vitis/sha_256_test_app/_ide/bitstream/sha256_test_wrapper.bit
targets -set -nocase -filter {name =~ "*microblaze*#0" && bscan=="USER2" }
loadhw -hw C:/Users/maxgr/Projects/Classes/ECE4300/ECE4300-sha256-microblaze/Vitis/sha256_test_wrapper/export/sha256_test_wrapper/hw/sha256_test_wrapper.xsa -regs
configparams mdm-detect-bscan-mask 2
targets -set -nocase -filter {name =~ "*microblaze*#0" && bscan=="USER2" }
rst -system
after 3000
targets -set -nocase -filter {name =~ "*microblaze*#0" && bscan=="USER2" }
dow C:/Users/maxgr/Projects/Classes/ECE4300/ECE4300-sha256-microblaze/Vitis/sha_256_test_app/Debug/sha_256_test_app.elf
----------------End of Script----------------

20:28:38 INFO  : Context for processor 'microblaze_0' is selected.
20:28:38 INFO  : 'con' command is executed.
20:28:38 INFO  : ----------------XSDB Script (After Launch)----------------
targets -set -nocase -filter {name =~ "*microblaze*#0" && bscan=="USER2" }
con
----------------End of Script----------------

20:28:38 INFO  : Launch script is exported to file 'C:\Users\maxgr\Projects\Classes\ECE4300\ECE4300-sha256-microblaze\Vitis\sha_256_test_app_system\_ide\scripts\debugger_sha_256_test_app-default.tcl'
20:28:55 INFO  : Disconnected from the channel tcfchan#10.
20:28:57 INFO  : Connected to target on host '127.0.0.1' and port '3121'.
20:28:58 INFO  : Jtag cable 'Digilent Nexys A7 -100T 210292BCFFDAA' is selected.
20:28:58 INFO  : 'jtag frequency' command is executed.
20:28:58 INFO  : 'targets -set -filter {jtag_cable_name =~ "Digilent Nexys A7 -100T 210292BCFFDAA" && level==0 && jtag_device_ctx=="jsn-Nexys A7 -100T-210292BCFFDAA-13631093-0"}' command is executed.
20:29:00 INFO  : Device configured successfully with "C:/Users/maxgr/Projects/Classes/ECE4300/ECE4300-sha256-microblaze/Vitis/sha_256_test_app/_ide/bitstream/sha256_test_wrapper.bit"
20:29:00 INFO  : Context for processor 'microblaze_0' is selected.
20:29:00 INFO  : Hardware design and registers information is loaded from 'C:/Users/maxgr/Projects/Classes/ECE4300/ECE4300-sha256-microblaze/Vitis/sha256_test_wrapper/export/sha256_test_wrapper/hw/sha256_test_wrapper.xsa'.
20:29:00 INFO  : 'configparams mdm-detect-bscan-mask 2' command is executed.
20:29:00 INFO  : Context for processor 'microblaze_0' is selected.
20:29:00 INFO  : System reset is completed.
20:29:03 INFO  : 'after 3000' command is executed.
20:29:03 INFO  : Context for processor 'microblaze_0' is selected.
20:29:03 INFO  : The application 'C:/Users/maxgr/Projects/Classes/ECE4300/ECE4300-sha256-microblaze/Vitis/sha_256_test_app/Debug/sha_256_test_app.elf' is downloaded to processor 'microblaze_0'.
20:29:03 INFO  : ----------------XSDB Script----------------
connect -url tcp:127.0.0.1:3121
targets -set -filter {jtag_cable_name =~ "Digilent Nexys A7 -100T 210292BCFFDAA" && level==0 && jtag_device_ctx=="jsn-Nexys A7 -100T-210292BCFFDAA-13631093-0"}
fpga -file C:/Users/maxgr/Projects/Classes/ECE4300/ECE4300-sha256-microblaze/Vitis/sha_256_test_app/_ide/bitstream/sha256_test_wrapper.bit
targets -set -nocase -filter {name =~ "*microblaze*#0" && bscan=="USER2" }
loadhw -hw C:/Users/maxgr/Projects/Classes/ECE4300/ECE4300-sha256-microblaze/Vitis/sha256_test_wrapper/export/sha256_test_wrapper/hw/sha256_test_wrapper.xsa -regs
configparams mdm-detect-bscan-mask 2
targets -set -nocase -filter {name =~ "*microblaze*#0" && bscan=="USER2" }
rst -system
after 3000
targets -set -nocase -filter {name =~ "*microblaze*#0" && bscan=="USER2" }
dow C:/Users/maxgr/Projects/Classes/ECE4300/ECE4300-sha256-microblaze/Vitis/sha_256_test_app/Debug/sha_256_test_app.elf
----------------End of Script----------------

20:29:03 INFO  : Context for processor 'microblaze_0' is selected.
20:29:03 INFO  : 'con' command is executed.
20:29:03 INFO  : ----------------XSDB Script (After Launch)----------------
targets -set -nocase -filter {name =~ "*microblaze*#0" && bscan=="USER2" }
con
----------------End of Script----------------

20:29:03 INFO  : Launch script is exported to file 'C:\Users\maxgr\Projects\Classes\ECE4300\ECE4300-sha256-microblaze\Vitis\sha_256_test_app_system\_ide\scripts\debugger_sha_256_test_app-default.tcl'
20:35:21 INFO  : Checking for BSP changes to sync application flags for project 'sha_256_test_app'...
20:35:25 INFO  : Disconnected from the channel tcfchan#11.
20:35:29 INFO  : Connected to target on host '127.0.0.1' and port '3121'.
20:35:29 INFO  : Jtag cable 'Digilent Nexys A7 -100T 210292BCFFDAA' is selected.
20:35:29 INFO  : 'jtag frequency' command is executed.
20:35:29 INFO  : 'targets -set -filter {jtag_cable_name =~ "Digilent Nexys A7 -100T 210292BCFFDAA" && level==0 && jtag_device_ctx=="jsn-Nexys A7 -100T-210292BCFFDAA-13631093-0"}' command is executed.
20:35:31 INFO  : Device configured successfully with "C:/Users/maxgr/Projects/Classes/ECE4300/ECE4300-sha256-microblaze/Vitis/sha_256_test_app/_ide/bitstream/sha256_test_wrapper.bit"
20:35:31 INFO  : Context for processor 'microblaze_0' is selected.
20:35:31 INFO  : Hardware design and registers information is loaded from 'C:/Users/maxgr/Projects/Classes/ECE4300/ECE4300-sha256-microblaze/Vitis/sha256_test_wrapper/export/sha256_test_wrapper/hw/sha256_test_wrapper.xsa'.
20:35:31 INFO  : 'configparams mdm-detect-bscan-mask 2' command is executed.
20:35:31 INFO  : Context for processor 'microblaze_0' is selected.
20:35:31 INFO  : System reset is completed.
20:35:34 INFO  : 'after 3000' command is executed.
20:35:34 INFO  : Context for processor 'microblaze_0' is selected.
20:35:34 INFO  : The application 'C:/Users/maxgr/Projects/Classes/ECE4300/ECE4300-sha256-microblaze/Vitis/sha_256_test_app/Debug/sha_256_test_app.elf' is downloaded to processor 'microblaze_0'.
20:35:34 INFO  : ----------------XSDB Script----------------
connect -url tcp:127.0.0.1:3121
targets -set -filter {jtag_cable_name =~ "Digilent Nexys A7 -100T 210292BCFFDAA" && level==0 && jtag_device_ctx=="jsn-Nexys A7 -100T-210292BCFFDAA-13631093-0"}
fpga -file C:/Users/maxgr/Projects/Classes/ECE4300/ECE4300-sha256-microblaze/Vitis/sha_256_test_app/_ide/bitstream/sha256_test_wrapper.bit
targets -set -nocase -filter {name =~ "*microblaze*#0" && bscan=="USER2" }
loadhw -hw C:/Users/maxgr/Projects/Classes/ECE4300/ECE4300-sha256-microblaze/Vitis/sha256_test_wrapper/export/sha256_test_wrapper/hw/sha256_test_wrapper.xsa -regs
configparams mdm-detect-bscan-mask 2
targets -set -nocase -filter {name =~ "*microblaze*#0" && bscan=="USER2" }
rst -system
after 3000
targets -set -nocase -filter {name =~ "*microblaze*#0" && bscan=="USER2" }
dow C:/Users/maxgr/Projects/Classes/ECE4300/ECE4300-sha256-microblaze/Vitis/sha_256_test_app/Debug/sha_256_test_app.elf
----------------End of Script----------------

20:35:34 INFO  : Context for processor 'microblaze_0' is selected.
20:35:34 INFO  : 'con' command is executed.
20:35:34 INFO  : ----------------XSDB Script (After Launch)----------------
targets -set -nocase -filter {name =~ "*microblaze*#0" && bscan=="USER2" }
con
----------------End of Script----------------

20:35:34 INFO  : Launch script is exported to file 'C:\Users\maxgr\Projects\Classes\ECE4300\ECE4300-sha256-microblaze\Vitis\sha_256_test_app_system\_ide\scripts\debugger_sha_256_test_app-default.tcl'
20:35:42 INFO  : Disconnected from the channel tcfchan#12.
20:35:45 INFO  : Connected to target on host '127.0.0.1' and port '3121'.
20:35:45 INFO  : Jtag cable 'Digilent Nexys A7 -100T 210292BCFFDAA' is selected.
20:35:45 INFO  : 'jtag frequency' command is executed.
20:35:45 INFO  : 'targets -set -filter {jtag_cable_name =~ "Digilent Nexys A7 -100T 210292BCFFDAA" && level==0 && jtag_device_ctx=="jsn-Nexys A7 -100T-210292BCFFDAA-13631093-0"}' command is executed.
20:35:47 INFO  : Device configured successfully with "C:/Users/maxgr/Projects/Classes/ECE4300/ECE4300-sha256-microblaze/Vitis/sha_256_test_app/_ide/bitstream/sha256_test_wrapper.bit"
20:35:48 INFO  : Context for processor 'microblaze_0' is selected.
20:35:48 INFO  : Hardware design and registers information is loaded from 'C:/Users/maxgr/Projects/Classes/ECE4300/ECE4300-sha256-microblaze/Vitis/sha256_test_wrapper/export/sha256_test_wrapper/hw/sha256_test_wrapper.xsa'.
20:35:48 INFO  : 'configparams mdm-detect-bscan-mask 2' command is executed.
20:35:48 INFO  : Context for processor 'microblaze_0' is selected.
20:35:48 INFO  : System reset is completed.
20:35:51 INFO  : 'after 3000' command is executed.
20:35:51 INFO  : Context for processor 'microblaze_0' is selected.
20:35:51 INFO  : The application 'C:/Users/maxgr/Projects/Classes/ECE4300/ECE4300-sha256-microblaze/Vitis/sha_256_test_app/Debug/sha_256_test_app.elf' is downloaded to processor 'microblaze_0'.
20:35:51 INFO  : ----------------XSDB Script----------------
connect -url tcp:127.0.0.1:3121
targets -set -filter {jtag_cable_name =~ "Digilent Nexys A7 -100T 210292BCFFDAA" && level==0 && jtag_device_ctx=="jsn-Nexys A7 -100T-210292BCFFDAA-13631093-0"}
fpga -file C:/Users/maxgr/Projects/Classes/ECE4300/ECE4300-sha256-microblaze/Vitis/sha_256_test_app/_ide/bitstream/sha256_test_wrapper.bit
targets -set -nocase -filter {name =~ "*microblaze*#0" && bscan=="USER2" }
loadhw -hw C:/Users/maxgr/Projects/Classes/ECE4300/ECE4300-sha256-microblaze/Vitis/sha256_test_wrapper/export/sha256_test_wrapper/hw/sha256_test_wrapper.xsa -regs
configparams mdm-detect-bscan-mask 2
targets -set -nocase -filter {name =~ "*microblaze*#0" && bscan=="USER2" }
rst -system
after 3000
targets -set -nocase -filter {name =~ "*microblaze*#0" && bscan=="USER2" }
dow C:/Users/maxgr/Projects/Classes/ECE4300/ECE4300-sha256-microblaze/Vitis/sha_256_test_app/Debug/sha_256_test_app.elf
----------------End of Script----------------

20:35:51 INFO  : Context for processor 'microblaze_0' is selected.
20:35:51 INFO  : 'con' command is executed.
20:35:51 INFO  : ----------------XSDB Script (After Launch)----------------
targets -set -nocase -filter {name =~ "*microblaze*#0" && bscan=="USER2" }
con
----------------End of Script----------------

20:35:51 INFO  : Launch script is exported to file 'C:\Users\maxgr\Projects\Classes\ECE4300\ECE4300-sha256-microblaze\Vitis\sha_256_test_app_system\_ide\scripts\debugger_sha_256_test_app-default.tcl'
20:36:02 INFO  : Disconnected from the channel tcfchan#13.
20:36:16 INFO  : Checking for BSP changes to sync application flags for project 'sha_256_test_app'...
20:36:23 INFO  : Connected to target on host '127.0.0.1' and port '3121'.
20:36:24 INFO  : Jtag cable 'Digilent Nexys A7 -100T 210292BCFFDAA' is selected.
20:36:24 INFO  : 'jtag frequency' command is executed.
20:36:24 INFO  : 'targets -set -filter {jtag_cable_name =~ "Digilent Nexys A7 -100T 210292BCFFDAA" && level==0 && jtag_device_ctx=="jsn-Nexys A7 -100T-210292BCFFDAA-13631093-0"}' command is executed.
20:36:26 INFO  : Device configured successfully with "C:/Users/maxgr/Projects/Classes/ECE4300/ECE4300-sha256-microblaze/Vitis/sha_256_test_app/_ide/bitstream/sha256_test_wrapper.bit"
20:36:26 INFO  : Context for processor 'microblaze_0' is selected.
20:36:26 INFO  : Hardware design and registers information is loaded from 'C:/Users/maxgr/Projects/Classes/ECE4300/ECE4300-sha256-microblaze/Vitis/sha256_test_wrapper/export/sha256_test_wrapper/hw/sha256_test_wrapper.xsa'.
20:36:26 INFO  : 'configparams mdm-detect-bscan-mask 2' command is executed.
20:36:26 INFO  : Context for processor 'microblaze_0' is selected.
20:36:26 INFO  : System reset is completed.
20:36:29 INFO  : 'after 3000' command is executed.
20:36:29 INFO  : Context for processor 'microblaze_0' is selected.
20:36:29 INFO  : The application 'C:/Users/maxgr/Projects/Classes/ECE4300/ECE4300-sha256-microblaze/Vitis/sha_256_test_app/Debug/sha_256_test_app.elf' is downloaded to processor 'microblaze_0'.
20:36:29 INFO  : ----------------XSDB Script----------------
connect -url tcp:127.0.0.1:3121
targets -set -filter {jtag_cable_name =~ "Digilent Nexys A7 -100T 210292BCFFDAA" && level==0 && jtag_device_ctx=="jsn-Nexys A7 -100T-210292BCFFDAA-13631093-0"}
fpga -file C:/Users/maxgr/Projects/Classes/ECE4300/ECE4300-sha256-microblaze/Vitis/sha_256_test_app/_ide/bitstream/sha256_test_wrapper.bit
targets -set -nocase -filter {name =~ "*microblaze*#0" && bscan=="USER2" }
loadhw -hw C:/Users/maxgr/Projects/Classes/ECE4300/ECE4300-sha256-microblaze/Vitis/sha256_test_wrapper/export/sha256_test_wrapper/hw/sha256_test_wrapper.xsa -regs
configparams mdm-detect-bscan-mask 2
targets -set -nocase -filter {name =~ "*microblaze*#0" && bscan=="USER2" }
rst -system
after 3000
targets -set -nocase -filter {name =~ "*microblaze*#0" && bscan=="USER2" }
dow C:/Users/maxgr/Projects/Classes/ECE4300/ECE4300-sha256-microblaze/Vitis/sha_256_test_app/Debug/sha_256_test_app.elf
----------------End of Script----------------

20:36:29 INFO  : Context for processor 'microblaze_0' is selected.
20:36:29 INFO  : 'con' command is executed.
20:36:29 INFO  : ----------------XSDB Script (After Launch)----------------
targets -set -nocase -filter {name =~ "*microblaze*#0" && bscan=="USER2" }
con
----------------End of Script----------------

20:36:29 INFO  : Launch script is exported to file 'C:\Users\maxgr\Projects\Classes\ECE4300\ECE4300-sha256-microblaze\Vitis\sha_256_test_app_system\_ide\scripts\debugger_sha_256_test_app-default.tcl'
20:37:09 INFO  : Disconnected from the channel tcfchan#14.
20:37:12 INFO  : Connected to target on host '127.0.0.1' and port '3121'.
20:37:12 INFO  : Jtag cable 'Digilent Nexys A7 -100T 210292BCFFDAA' is selected.
20:37:12 INFO  : 'jtag frequency' command is executed.
20:37:12 INFO  : 'targets -set -filter {jtag_cable_name =~ "Digilent Nexys A7 -100T 210292BCFFDAA" && level==0 && jtag_device_ctx=="jsn-Nexys A7 -100T-210292BCFFDAA-13631093-0"}' command is executed.
20:37:14 INFO  : Device configured successfully with "C:/Users/maxgr/Projects/Classes/ECE4300/ECE4300-sha256-microblaze/Vitis/sha_256_test_app/_ide/bitstream/sha256_test_wrapper.bit"
20:37:14 INFO  : Context for processor 'microblaze_0' is selected.
20:37:14 INFO  : Hardware design and registers information is loaded from 'C:/Users/maxgr/Projects/Classes/ECE4300/ECE4300-sha256-microblaze/Vitis/sha256_test_wrapper/export/sha256_test_wrapper/hw/sha256_test_wrapper.xsa'.
20:37:14 INFO  : 'configparams mdm-detect-bscan-mask 2' command is executed.
20:37:14 INFO  : Context for processor 'microblaze_0' is selected.
20:37:14 INFO  : System reset is completed.
20:37:17 INFO  : 'after 3000' command is executed.
20:37:17 INFO  : Context for processor 'microblaze_0' is selected.
20:37:17 INFO  : The application 'C:/Users/maxgr/Projects/Classes/ECE4300/ECE4300-sha256-microblaze/Vitis/sha_256_test_app/Debug/sha_256_test_app.elf' is downloaded to processor 'microblaze_0'.
20:37:17 INFO  : ----------------XSDB Script----------------
connect -url tcp:127.0.0.1:3121
targets -set -filter {jtag_cable_name =~ "Digilent Nexys A7 -100T 210292BCFFDAA" && level==0 && jtag_device_ctx=="jsn-Nexys A7 -100T-210292BCFFDAA-13631093-0"}
fpga -file C:/Users/maxgr/Projects/Classes/ECE4300/ECE4300-sha256-microblaze/Vitis/sha_256_test_app/_ide/bitstream/sha256_test_wrapper.bit
targets -set -nocase -filter {name =~ "*microblaze*#0" && bscan=="USER2" }
loadhw -hw C:/Users/maxgr/Projects/Classes/ECE4300/ECE4300-sha256-microblaze/Vitis/sha256_test_wrapper/export/sha256_test_wrapper/hw/sha256_test_wrapper.xsa -regs
configparams mdm-detect-bscan-mask 2
targets -set -nocase -filter {name =~ "*microblaze*#0" && bscan=="USER2" }
rst -system
after 3000
targets -set -nocase -filter {name =~ "*microblaze*#0" && bscan=="USER2" }
dow C:/Users/maxgr/Projects/Classes/ECE4300/ECE4300-sha256-microblaze/Vitis/sha_256_test_app/Debug/sha_256_test_app.elf
----------------End of Script----------------

20:37:18 INFO  : Context for processor 'microblaze_0' is selected.
20:37:18 INFO  : 'con' command is executed.
20:37:18 INFO  : ----------------XSDB Script (After Launch)----------------
targets -set -nocase -filter {name =~ "*microblaze*#0" && bscan=="USER2" }
con
----------------End of Script----------------

20:37:18 INFO  : Launch script is exported to file 'C:\Users\maxgr\Projects\Classes\ECE4300\ECE4300-sha256-microblaze\Vitis\sha_256_test_app_system\_ide\scripts\debugger_sha_256_test_app-default.tcl'
20:40:07 INFO  : Checking for BSP changes to sync application flags for project 'sha_256_test_app'...
20:53:47 INFO  : Disconnected from the channel tcfchan#15.
20:53:49 INFO  : Connected to target on host '127.0.0.1' and port '3121'.
20:53:49 INFO  : Jtag cable 'Digilent Nexys A7 -100T 210292BCFFDAA' is selected.
20:53:49 INFO  : 'jtag frequency' command is executed.
20:53:50 INFO  : 'targets -set -filter {jtag_cable_name =~ "Digilent Nexys A7 -100T 210292BCFFDAA" && level==0 && jtag_device_ctx=="jsn-Nexys A7 -100T-210292BCFFDAA-13631093-0"}' command is executed.
20:53:52 INFO  : Device configured successfully with "C:/Users/maxgr/Projects/Classes/ECE4300/ECE4300-sha256-microblaze/Vitis/sha_256_test_app/_ide/bitstream/sha256_test_wrapper.bit"
20:53:52 INFO  : Context for processor 'microblaze_0' is selected.
20:53:52 INFO  : Hardware design and registers information is loaded from 'C:/Users/maxgr/Projects/Classes/ECE4300/ECE4300-sha256-microblaze/Vitis/sha256_test_wrapper/export/sha256_test_wrapper/hw/sha256_test_wrapper.xsa'.
20:53:52 INFO  : 'configparams mdm-detect-bscan-mask 2' command is executed.
20:53:52 INFO  : Context for processor 'microblaze_0' is selected.
20:53:52 INFO  : System reset is completed.
20:53:55 INFO  : 'after 3000' command is executed.
20:53:55 INFO  : Context for processor 'microblaze_0' is selected.
20:53:55 INFO  : The application 'C:/Users/maxgr/Projects/Classes/ECE4300/ECE4300-sha256-microblaze/Vitis/sha_256_test_app/Debug/sha_256_test_app.elf' is downloaded to processor 'microblaze_0'.
20:53:55 INFO  : ----------------XSDB Script----------------
connect -url tcp:127.0.0.1:3121
targets -set -filter {jtag_cable_name =~ "Digilent Nexys A7 -100T 210292BCFFDAA" && level==0 && jtag_device_ctx=="jsn-Nexys A7 -100T-210292BCFFDAA-13631093-0"}
fpga -file C:/Users/maxgr/Projects/Classes/ECE4300/ECE4300-sha256-microblaze/Vitis/sha_256_test_app/_ide/bitstream/sha256_test_wrapper.bit
targets -set -nocase -filter {name =~ "*microblaze*#0" && bscan=="USER2" }
loadhw -hw C:/Users/maxgr/Projects/Classes/ECE4300/ECE4300-sha256-microblaze/Vitis/sha256_test_wrapper/export/sha256_test_wrapper/hw/sha256_test_wrapper.xsa -regs
configparams mdm-detect-bscan-mask 2
targets -set -nocase -filter {name =~ "*microblaze*#0" && bscan=="USER2" }
rst -system
after 3000
targets -set -nocase -filter {name =~ "*microblaze*#0" && bscan=="USER2" }
dow C:/Users/maxgr/Projects/Classes/ECE4300/ECE4300-sha256-microblaze/Vitis/sha_256_test_app/Debug/sha_256_test_app.elf
----------------End of Script----------------

20:53:55 INFO  : Context for processor 'microblaze_0' is selected.
20:53:55 INFO  : 'con' command is executed.
20:53:55 INFO  : ----------------XSDB Script (After Launch)----------------
targets -set -nocase -filter {name =~ "*microblaze*#0" && bscan=="USER2" }
con
----------------End of Script----------------

20:53:55 INFO  : Launch script is exported to file 'C:\Users\maxgr\Projects\Classes\ECE4300\ECE4300-sha256-microblaze\Vitis\sha_256_test_app_system\_ide\scripts\debugger_sha_256_test_app-default.tcl'
20:54:05 INFO  : Checking for BSP changes to sync application flags for project 'sha_256_test_app'...
20:54:08 INFO  : Disconnected from the channel tcfchan#16.
20:54:10 INFO  : Connected to target on host '127.0.0.1' and port '3121'.
20:54:10 INFO  : Jtag cable 'Digilent Nexys A7 -100T 210292BCFFDAA' is selected.
20:54:10 INFO  : 'jtag frequency' command is executed.
20:54:10 INFO  : 'targets -set -filter {jtag_cable_name =~ "Digilent Nexys A7 -100T 210292BCFFDAA" && level==0 && jtag_device_ctx=="jsn-Nexys A7 -100T-210292BCFFDAA-13631093-0"}' command is executed.
20:54:13 INFO  : Device configured successfully with "C:/Users/maxgr/Projects/Classes/ECE4300/ECE4300-sha256-microblaze/Vitis/sha_256_test_app/_ide/bitstream/sha256_test_wrapper.bit"
20:54:13 INFO  : Context for processor 'microblaze_0' is selected.
20:54:13 INFO  : Hardware design and registers information is loaded from 'C:/Users/maxgr/Projects/Classes/ECE4300/ECE4300-sha256-microblaze/Vitis/sha256_test_wrapper/export/sha256_test_wrapper/hw/sha256_test_wrapper.xsa'.
20:54:13 INFO  : 'configparams mdm-detect-bscan-mask 2' command is executed.
20:54:13 INFO  : Context for processor 'microblaze_0' is selected.
20:54:13 INFO  : System reset is completed.
20:54:16 INFO  : 'after 3000' command is executed.
20:54:16 INFO  : Context for processor 'microblaze_0' is selected.
20:54:16 INFO  : The application 'C:/Users/maxgr/Projects/Classes/ECE4300/ECE4300-sha256-microblaze/Vitis/sha_256_test_app/Debug/sha_256_test_app.elf' is downloaded to processor 'microblaze_0'.
20:54:16 INFO  : ----------------XSDB Script----------------
connect -url tcp:127.0.0.1:3121
targets -set -filter {jtag_cable_name =~ "Digilent Nexys A7 -100T 210292BCFFDAA" && level==0 && jtag_device_ctx=="jsn-Nexys A7 -100T-210292BCFFDAA-13631093-0"}
fpga -file C:/Users/maxgr/Projects/Classes/ECE4300/ECE4300-sha256-microblaze/Vitis/sha_256_test_app/_ide/bitstream/sha256_test_wrapper.bit
targets -set -nocase -filter {name =~ "*microblaze*#0" && bscan=="USER2" }
loadhw -hw C:/Users/maxgr/Projects/Classes/ECE4300/ECE4300-sha256-microblaze/Vitis/sha256_test_wrapper/export/sha256_test_wrapper/hw/sha256_test_wrapper.xsa -regs
configparams mdm-detect-bscan-mask 2
targets -set -nocase -filter {name =~ "*microblaze*#0" && bscan=="USER2" }
rst -system
after 3000
targets -set -nocase -filter {name =~ "*microblaze*#0" && bscan=="USER2" }
dow C:/Users/maxgr/Projects/Classes/ECE4300/ECE4300-sha256-microblaze/Vitis/sha_256_test_app/Debug/sha_256_test_app.elf
----------------End of Script----------------

20:54:16 INFO  : Context for processor 'microblaze_0' is selected.
20:54:16 INFO  : 'con' command is executed.
20:54:16 INFO  : ----------------XSDB Script (After Launch)----------------
targets -set -nocase -filter {name =~ "*microblaze*#0" && bscan=="USER2" }
con
----------------End of Script----------------

20:54:16 INFO  : Launch script is exported to file 'C:\Users\maxgr\Projects\Classes\ECE4300\ECE4300-sha256-microblaze\Vitis\sha_256_test_app_system\_ide\scripts\debugger_sha_256_test_app-default.tcl'
23:46:02 INFO  : Disconnected from the channel tcfchan#17.
23:46:10 INFO  : Connected to target on host '127.0.0.1' and port '3121'.
23:46:10 INFO  : Jtag cable 'Digilent Nexys A7 -100T 210292BCFFDAA' is selected.
23:46:10 INFO  : 'jtag frequency' command is executed.
23:46:11 INFO  : 'targets -set -filter {jtag_cable_name =~ "Digilent Nexys A7 -100T 210292BCFFDAA" && level==0 && jtag_device_ctx=="jsn-Nexys A7 -100T-210292BCFFDAA-13631093-0"}' command is executed.
23:46:13 INFO  : Device configured successfully with "C:/Users/maxgr/Projects/Classes/ECE4300/ECE4300-sha256-microblaze/Vitis/sha_256_test_app/_ide/bitstream/sha256_test_wrapper.bit"
23:46:13 INFO  : Context for processor 'microblaze_0' is selected.
23:46:13 INFO  : Hardware design and registers information is loaded from 'C:/Users/maxgr/Projects/Classes/ECE4300/ECE4300-sha256-microblaze/Vitis/sha256_test_wrapper/export/sha256_test_wrapper/hw/sha256_test_wrapper.xsa'.
23:46:13 INFO  : 'configparams mdm-detect-bscan-mask 2' command is executed.
23:46:13 INFO  : Context for processor 'microblaze_0' is selected.
23:46:13 INFO  : System reset is completed.
23:46:16 INFO  : 'after 3000' command is executed.
23:46:16 INFO  : Context for processor 'microblaze_0' is selected.
23:46:16 INFO  : The application 'C:/Users/maxgr/Projects/Classes/ECE4300/ECE4300-sha256-microblaze/Vitis/sha_256_test_app/Debug/sha_256_test_app.elf' is downloaded to processor 'microblaze_0'.
23:46:16 INFO  : ----------------XSDB Script----------------
connect -url tcp:127.0.0.1:3121
targets -set -filter {jtag_cable_name =~ "Digilent Nexys A7 -100T 210292BCFFDAA" && level==0 && jtag_device_ctx=="jsn-Nexys A7 -100T-210292BCFFDAA-13631093-0"}
fpga -file C:/Users/maxgr/Projects/Classes/ECE4300/ECE4300-sha256-microblaze/Vitis/sha_256_test_app/_ide/bitstream/sha256_test_wrapper.bit
targets -set -nocase -filter {name =~ "*microblaze*#0" && bscan=="USER2" }
loadhw -hw C:/Users/maxgr/Projects/Classes/ECE4300/ECE4300-sha256-microblaze/Vitis/sha256_test_wrapper/export/sha256_test_wrapper/hw/sha256_test_wrapper.xsa -regs
configparams mdm-detect-bscan-mask 2
targets -set -nocase -filter {name =~ "*microblaze*#0" && bscan=="USER2" }
rst -system
after 3000
targets -set -nocase -filter {name =~ "*microblaze*#0" && bscan=="USER2" }
dow C:/Users/maxgr/Projects/Classes/ECE4300/ECE4300-sha256-microblaze/Vitis/sha_256_test_app/Debug/sha_256_test_app.elf
----------------End of Script----------------

23:46:16 INFO  : Context for processor 'microblaze_0' is selected.
23:46:16 INFO  : 'con' command is executed.
23:46:16 INFO  : ----------------XSDB Script (After Launch)----------------
targets -set -nocase -filter {name =~ "*microblaze*#0" && bscan=="USER2" }
con
----------------End of Script----------------

23:46:16 INFO  : Launch script is exported to file 'C:\Users\maxgr\Projects\Classes\ECE4300\ECE4300-sha256-microblaze\Vitis\sha_256_test_app_system\_ide\scripts\debugger_sha_256_test_app-default.tcl'
23:46:52 INFO  : Disconnected from the channel tcfchan#18.
23:48:21 INFO  : Connected to target on host '127.0.0.1' and port '3121'.
23:48:21 INFO  : Jtag cable 'Digilent Nexys A7 -100T 210292BCFFDAA' is selected.
23:48:21 INFO  : 'jtag frequency' command is executed.
23:48:21 INFO  : 'targets -set -filter {jtag_cable_name =~ "Digilent Nexys A7 -100T 210292BCFFDAA" && level==0 && jtag_device_ctx=="jsn-Nexys A7 -100T-210292BCFFDAA-13631093-0"}' command is executed.
23:48:23 INFO  : Device configured successfully with "C:/Users/maxgr/Projects/Classes/ECE4300/ECE4300-sha256-microblaze/Vitis/sha_256_test_app/_ide/bitstream/sha256_test_wrapper.bit"
23:48:23 INFO  : Context for processor 'microblaze_0' is selected.
23:48:23 INFO  : Hardware design and registers information is loaded from 'C:/Users/maxgr/Projects/Classes/ECE4300/ECE4300-sha256-microblaze/Vitis/sha256_test_wrapper/export/sha256_test_wrapper/hw/sha256_test_wrapper.xsa'.
23:48:23 INFO  : 'configparams mdm-detect-bscan-mask 2' command is executed.
23:48:23 INFO  : Context for processor 'microblaze_0' is selected.
23:48:23 INFO  : System reset is completed.
23:48:26 INFO  : 'after 3000' command is executed.
23:48:26 INFO  : Context for processor 'microblaze_0' is selected.
23:48:26 INFO  : The application 'C:/Users/maxgr/Projects/Classes/ECE4300/ECE4300-sha256-microblaze/Vitis/sha_256_test_app/Debug/sha_256_test_app.elf' is downloaded to processor 'microblaze_0'.
23:48:26 INFO  : ----------------XSDB Script----------------
connect -url tcp:127.0.0.1:3121
targets -set -filter {jtag_cable_name =~ "Digilent Nexys A7 -100T 210292BCFFDAA" && level==0 && jtag_device_ctx=="jsn-Nexys A7 -100T-210292BCFFDAA-13631093-0"}
fpga -file C:/Users/maxgr/Projects/Classes/ECE4300/ECE4300-sha256-microblaze/Vitis/sha_256_test_app/_ide/bitstream/sha256_test_wrapper.bit
targets -set -nocase -filter {name =~ "*microblaze*#0" && bscan=="USER2" }
loadhw -hw C:/Users/maxgr/Projects/Classes/ECE4300/ECE4300-sha256-microblaze/Vitis/sha256_test_wrapper/export/sha256_test_wrapper/hw/sha256_test_wrapper.xsa -regs
configparams mdm-detect-bscan-mask 2
targets -set -nocase -filter {name =~ "*microblaze*#0" && bscan=="USER2" }
rst -system
after 3000
targets -set -nocase -filter {name =~ "*microblaze*#0" && bscan=="USER2" }
dow C:/Users/maxgr/Projects/Classes/ECE4300/ECE4300-sha256-microblaze/Vitis/sha_256_test_app/Debug/sha_256_test_app.elf
----------------End of Script----------------

23:48:26 INFO  : Context for processor 'microblaze_0' is selected.
23:48:26 INFO  : 'con' command is executed.
23:48:26 INFO  : ----------------XSDB Script (After Launch)----------------
targets -set -nocase -filter {name =~ "*microblaze*#0" && bscan=="USER2" }
con
----------------End of Script----------------

23:48:26 INFO  : Launch script is exported to file 'C:\Users\maxgr\Projects\Classes\ECE4300\ECE4300-sha256-microblaze\Vitis\sha_256_test_app_system\_ide\scripts\debugger_sha_256_test_app-default.tcl'
00:21:03 INFO  : Result from executing command 'getProjects': sha256_test_wrapper
00:21:03 INFO  : Result from executing command 'getPlatforms': xilinx_zcu102_base_202320_1|C:/Xilinx/Vitis/2023.2/base_platforms/xilinx_zcu102_base_202320_1/xilinx_zcu102_base_202320_1.xpfm;xilinx_zcu102_base_dfx_202320_1|C:/Xilinx/Vitis/2023.2/base_platforms/xilinx_zcu102_base_dfx_202320_1/xilinx_zcu102_base_dfx_202320_1.xpfm;xilinx_zcu104_base_202320_1|C:/Xilinx/Vitis/2023.2/base_platforms/xilinx_zcu104_base_202320_1/xilinx_zcu104_base_202320_1.xpfm
00:21:13 INFO  : Disconnected from the channel tcfchan#19.
00:21:15 INFO  : Connected to target on host '127.0.0.1' and port '3121'.
00:21:15 INFO  : Jtag cable 'Digilent Nexys A7 -100T 210292BCFFDAA' is selected.
00:21:15 INFO  : 'jtag frequency' command is executed.
00:21:15 INFO  : 'targets -set -filter {jtag_cable_name =~ "Digilent Nexys A7 -100T 210292BCFFDAA" && level==0 && jtag_device_ctx=="jsn-Nexys A7 -100T-210292BCFFDAA-13631093-0"}' command is executed.
00:21:17 INFO  : Device configured successfully with "C:/Users/maxgr/Projects/Classes/ECE4300/ECE4300-sha256-microblaze/Vitis/sha_256_test_app/_ide/bitstream/sha256_test_wrapper.bit"
00:21:17 INFO  : Context for processor 'microblaze_0' is selected.
00:21:17 INFO  : Hardware design and registers information is loaded from 'C:/Users/maxgr/Projects/Classes/ECE4300/ECE4300-sha256-microblaze/Vitis/sha256_test_wrapper/export/sha256_test_wrapper/hw/sha256_test_wrapper.xsa'.
00:21:17 INFO  : 'configparams mdm-detect-bscan-mask 2' command is executed.
00:21:17 INFO  : Context for processor 'microblaze_0' is selected.
00:21:17 INFO  : System reset is completed.
00:21:20 INFO  : 'after 3000' command is executed.
00:21:20 INFO  : Context for processor 'microblaze_0' is selected.
00:21:20 INFO  : The application 'C:/Users/maxgr/Projects/Classes/ECE4300/ECE4300-sha256-microblaze/Vitis/sha_256_test_app/Debug/sha_256_test_app.elf' is downloaded to processor 'microblaze_0'.
00:21:20 INFO  : ----------------XSDB Script----------------
connect -url tcp:127.0.0.1:3121
targets -set -filter {jtag_cable_name =~ "Digilent Nexys A7 -100T 210292BCFFDAA" && level==0 && jtag_device_ctx=="jsn-Nexys A7 -100T-210292BCFFDAA-13631093-0"}
fpga -file C:/Users/maxgr/Projects/Classes/ECE4300/ECE4300-sha256-microblaze/Vitis/sha_256_test_app/_ide/bitstream/sha256_test_wrapper.bit
targets -set -nocase -filter {name =~ "*microblaze*#0" && bscan=="USER2" }
loadhw -hw C:/Users/maxgr/Projects/Classes/ECE4300/ECE4300-sha256-microblaze/Vitis/sha256_test_wrapper/export/sha256_test_wrapper/hw/sha256_test_wrapper.xsa -regs
configparams mdm-detect-bscan-mask 2
targets -set -nocase -filter {name =~ "*microblaze*#0" && bscan=="USER2" }
rst -system
after 3000
targets -set -nocase -filter {name =~ "*microblaze*#0" && bscan=="USER2" }
dow C:/Users/maxgr/Projects/Classes/ECE4300/ECE4300-sha256-microblaze/Vitis/sha_256_test_app/Debug/sha_256_test_app.elf
----------------End of Script----------------

00:21:20 INFO  : Context for processor 'microblaze_0' is selected.
00:21:20 INFO  : 'con' command is executed.
00:21:20 INFO  : ----------------XSDB Script (After Launch)----------------
targets -set -nocase -filter {name =~ "*microblaze*#0" && bscan=="USER2" }
con
----------------End of Script----------------

00:21:20 INFO  : Launch script is exported to file 'C:\Users\maxgr\Projects\Classes\ECE4300\ECE4300-sha256-microblaze\Vitis\sha_256_test_app_system\_ide\scripts\debugger_sha_256_test_app-default.tcl'
00:22:18 INFO  : Disconnected from the channel tcfchan#21.
00:22:23 INFO  : Result from executing command 'getProjects': sha256_test_wrapper
00:22:23 INFO  : Result from executing command 'getPlatforms': xilinx_zcu102_base_202320_1|C:/Xilinx/Vitis/2023.2/base_platforms/xilinx_zcu102_base_202320_1/xilinx_zcu102_base_202320_1.xpfm;xilinx_zcu102_base_dfx_202320_1|C:/Xilinx/Vitis/2023.2/base_platforms/xilinx_zcu102_base_dfx_202320_1/xilinx_zcu102_base_dfx_202320_1.xpfm;xilinx_zcu104_base_202320_1|C:/Xilinx/Vitis/2023.2/base_platforms/xilinx_zcu104_base_202320_1/xilinx_zcu104_base_202320_1.xpfm
00:22:27 INFO  : Connected to target on host '127.0.0.1' and port '3121'.
00:22:27 INFO  : Jtag cable 'Digilent Nexys A7 -100T 210292BCFFDAA' is selected.
00:22:27 INFO  : 'jtag frequency' command is executed.
00:22:27 INFO  : 'targets -set -filter {jtag_cable_name =~ "Digilent Nexys A7 -100T 210292BCFFDAA" && level==0 && jtag_device_ctx=="jsn-Nexys A7 -100T-210292BCFFDAA-13631093-0"}' command is executed.
00:22:29 INFO  : Device configured successfully with "C:/Users/maxgr/Projects/Classes/ECE4300/ECE4300-sha256-microblaze/Vitis/sha_256_test_app/_ide/bitstream/sha256_test_wrapper.bit"
00:22:29 INFO  : Context for processor 'microblaze_0' is selected.
00:22:29 INFO  : Hardware design and registers information is loaded from 'C:/Users/maxgr/Projects/Classes/ECE4300/ECE4300-sha256-microblaze/Vitis/sha256_test_wrapper/export/sha256_test_wrapper/hw/sha256_test_wrapper.xsa'.
00:22:29 INFO  : 'configparams mdm-detect-bscan-mask 2' command is executed.
00:22:29 INFO  : Context for processor 'microblaze_0' is selected.
00:22:29 INFO  : System reset is completed.
00:22:32 INFO  : 'after 3000' command is executed.
00:22:32 INFO  : Context for processor 'microblaze_0' is selected.
00:22:33 INFO  : The application 'C:/Users/maxgr/Projects/Classes/ECE4300/ECE4300-sha256-microblaze/Vitis/sha_256_test_app/Debug/sha_256_test_app.elf' is downloaded to processor 'microblaze_0'.
00:22:33 INFO  : ----------------XSDB Script----------------
connect -url tcp:127.0.0.1:3121
targets -set -filter {jtag_cable_name =~ "Digilent Nexys A7 -100T 210292BCFFDAA" && level==0 && jtag_device_ctx=="jsn-Nexys A7 -100T-210292BCFFDAA-13631093-0"}
fpga -file C:/Users/maxgr/Projects/Classes/ECE4300/ECE4300-sha256-microblaze/Vitis/sha_256_test_app/_ide/bitstream/sha256_test_wrapper.bit
targets -set -nocase -filter {name =~ "*microblaze*#0" && bscan=="USER2" }
loadhw -hw C:/Users/maxgr/Projects/Classes/ECE4300/ECE4300-sha256-microblaze/Vitis/sha256_test_wrapper/export/sha256_test_wrapper/hw/sha256_test_wrapper.xsa -regs
configparams mdm-detect-bscan-mask 2
targets -set -nocase -filter {name =~ "*microblaze*#0" && bscan=="USER2" }
rst -system
after 3000
targets -set -nocase -filter {name =~ "*microblaze*#0" && bscan=="USER2" }
dow C:/Users/maxgr/Projects/Classes/ECE4300/ECE4300-sha256-microblaze/Vitis/sha_256_test_app/Debug/sha_256_test_app.elf
----------------End of Script----------------

00:22:33 INFO  : Context for processor 'microblaze_0' is selected.
00:22:33 INFO  : 'con' command is executed.
00:22:33 INFO  : ----------------XSDB Script (After Launch)----------------
targets -set -nocase -filter {name =~ "*microblaze*#0" && bscan=="USER2" }
con
----------------End of Script----------------

00:22:33 INFO  : Launch script is exported to file 'C:\Users\maxgr\Projects\Classes\ECE4300\ECE4300-sha256-microblaze\Vitis\sha_256_test_app_system\_ide\scripts\debugger_sha_256_test_app-default.tcl'
00:24:24 INFO  : Disconnected from the channel tcfchan#23.
23:01:32 INFO  : Connected to target on host '127.0.0.1' and port '3121'.
23:01:32 INFO  : Jtag cable 'Digilent Nexys A7 -100T 210292BCFFDAA' is selected.
23:01:32 INFO  : 'jtag frequency' command is executed.
23:01:33 INFO  : 'targets -set -filter {jtag_cable_name =~ "Digilent Nexys A7 -100T 210292BCFFDAA" && level==0 && jtag_device_ctx=="jsn-Nexys A7 -100T-210292BCFFDAA-13631093-0"}' command is executed.
23:01:35 INFO  : Device configured successfully with "C:/Users/maxgr/Projects/Classes/ECE4300/ECE4300-sha256-microblaze/Vitis/sha_256_test_app/_ide/bitstream/sha256_test_wrapper.bit"
23:01:35 INFO  : Context for processor 'microblaze_0' is selected.
23:01:35 INFO  : Hardware design and registers information is loaded from 'C:/Users/maxgr/Projects/Classes/ECE4300/ECE4300-sha256-microblaze/Vitis/sha256_test_wrapper/export/sha256_test_wrapper/hw/sha256_test_wrapper.xsa'.
23:01:35 INFO  : 'configparams mdm-detect-bscan-mask 2' command is executed.
23:01:35 INFO  : Context for processor 'microblaze_0' is selected.
23:01:35 INFO  : System reset is completed.
23:01:38 INFO  : 'after 3000' command is executed.
23:01:38 INFO  : Context for processor 'microblaze_0' is selected.
23:01:38 INFO  : The application 'C:/Users/maxgr/Projects/Classes/ECE4300/ECE4300-sha256-microblaze/Vitis/sha_256_test_app/Debug/sha_256_test_app.elf' is downloaded to processor 'microblaze_0'.
23:01:38 INFO  : ----------------XSDB Script----------------
connect -url tcp:127.0.0.1:3121
targets -set -filter {jtag_cable_name =~ "Digilent Nexys A7 -100T 210292BCFFDAA" && level==0 && jtag_device_ctx=="jsn-Nexys A7 -100T-210292BCFFDAA-13631093-0"}
fpga -file C:/Users/maxgr/Projects/Classes/ECE4300/ECE4300-sha256-microblaze/Vitis/sha_256_test_app/_ide/bitstream/sha256_test_wrapper.bit
targets -set -nocase -filter {name =~ "*microblaze*#0" && bscan=="USER2" }
loadhw -hw C:/Users/maxgr/Projects/Classes/ECE4300/ECE4300-sha256-microblaze/Vitis/sha256_test_wrapper/export/sha256_test_wrapper/hw/sha256_test_wrapper.xsa -regs
configparams mdm-detect-bscan-mask 2
targets -set -nocase -filter {name =~ "*microblaze*#0" && bscan=="USER2" }
rst -system
after 3000
targets -set -nocase -filter {name =~ "*microblaze*#0" && bscan=="USER2" }
dow C:/Users/maxgr/Projects/Classes/ECE4300/ECE4300-sha256-microblaze/Vitis/sha_256_test_app/Debug/sha_256_test_app.elf
----------------End of Script----------------

23:01:38 INFO  : Context for processor 'microblaze_0' is selected.
23:01:38 INFO  : 'con' command is executed.
23:01:38 INFO  : ----------------XSDB Script (After Launch)----------------
targets -set -nocase -filter {name =~ "*microblaze*#0" && bscan=="USER2" }
con
----------------End of Script----------------

23:01:38 INFO  : Launch script is exported to file 'C:\Users\maxgr\Projects\Classes\ECE4300\ECE4300-sha256-microblaze\Vitis\sha_256_test_app_system\_ide\scripts\debugger_sha_256_test_app-default.tcl'
23:01:44 INFO  : Disconnected from the channel tcfchan#24.
23:01:45 INFO  : Connected to target on host '127.0.0.1' and port '3121'.
23:01:45 INFO  : Jtag cable 'Digilent Nexys A7 -100T 210292BCFFDAA' is selected.
23:01:45 INFO  : 'jtag frequency' command is executed.
23:01:46 INFO  : 'targets -set -filter {jtag_cable_name =~ "Digilent Nexys A7 -100T 210292BCFFDAA" && level==0 && jtag_device_ctx=="jsn-Nexys A7 -100T-210292BCFFDAA-13631093-0"}' command is executed.
23:01:48 INFO  : Device configured successfully with "C:/Users/maxgr/Projects/Classes/ECE4300/ECE4300-sha256-microblaze/Vitis/sha_256_test_app/_ide/bitstream/sha256_test_wrapper.bit"
23:01:48 INFO  : Context for processor 'microblaze_0' is selected.
23:01:48 INFO  : Hardware design and registers information is loaded from 'C:/Users/maxgr/Projects/Classes/ECE4300/ECE4300-sha256-microblaze/Vitis/sha256_test_wrapper/export/sha256_test_wrapper/hw/sha256_test_wrapper.xsa'.
23:01:48 INFO  : 'configparams mdm-detect-bscan-mask 2' command is executed.
23:01:48 INFO  : Context for processor 'microblaze_0' is selected.
23:01:48 INFO  : System reset is completed.
23:01:51 INFO  : 'after 3000' command is executed.
23:01:51 INFO  : Context for processor 'microblaze_0' is selected.
23:01:51 INFO  : The application 'C:/Users/maxgr/Projects/Classes/ECE4300/ECE4300-sha256-microblaze/Vitis/sha_256_test_app/Debug/sha_256_test_app.elf' is downloaded to processor 'microblaze_0'.
23:01:51 INFO  : ----------------XSDB Script----------------
connect -url tcp:127.0.0.1:3121
targets -set -filter {jtag_cable_name =~ "Digilent Nexys A7 -100T 210292BCFFDAA" && level==0 && jtag_device_ctx=="jsn-Nexys A7 -100T-210292BCFFDAA-13631093-0"}
fpga -file C:/Users/maxgr/Projects/Classes/ECE4300/ECE4300-sha256-microblaze/Vitis/sha_256_test_app/_ide/bitstream/sha256_test_wrapper.bit
targets -set -nocase -filter {name =~ "*microblaze*#0" && bscan=="USER2" }
loadhw -hw C:/Users/maxgr/Projects/Classes/ECE4300/ECE4300-sha256-microblaze/Vitis/sha256_test_wrapper/export/sha256_test_wrapper/hw/sha256_test_wrapper.xsa -regs
configparams mdm-detect-bscan-mask 2
targets -set -nocase -filter {name =~ "*microblaze*#0" && bscan=="USER2" }
rst -system
after 3000
targets -set -nocase -filter {name =~ "*microblaze*#0" && bscan=="USER2" }
dow C:/Users/maxgr/Projects/Classes/ECE4300/ECE4300-sha256-microblaze/Vitis/sha_256_test_app/Debug/sha_256_test_app.elf
----------------End of Script----------------

23:01:51 INFO  : Context for processor 'microblaze_0' is selected.
23:01:51 INFO  : 'con' command is executed.
23:01:51 INFO  : ----------------XSDB Script (After Launch)----------------
targets -set -nocase -filter {name =~ "*microblaze*#0" && bscan=="USER2" }
con
----------------End of Script----------------

23:01:51 INFO  : Launch script is exported to file 'C:\Users\maxgr\Projects\Classes\ECE4300\ECE4300-sha256-microblaze\Vitis\sha_256_test_app_system\_ide\scripts\debugger_sha_256_test_app-default.tcl'
23:02:14 INFO  : Disconnected from the channel tcfchan#25.
23:02:15 INFO  : Connected to target on host '127.0.0.1' and port '3121'.
23:02:16 INFO  : Jtag cable 'Digilent Nexys A7 -100T 210292BCFFDAA' is selected.
23:02:16 INFO  : 'jtag frequency' command is executed.
23:02:16 INFO  : 'targets -set -filter {jtag_cable_name =~ "Digilent Nexys A7 -100T 210292BCFFDAA" && level==0 && jtag_device_ctx=="jsn-Nexys A7 -100T-210292BCFFDAA-13631093-0"}' command is executed.
23:02:18 INFO  : Device configured successfully with "C:/Users/maxgr/Projects/Classes/ECE4300/ECE4300-sha256-microblaze/Vitis/sha_256_test_app/_ide/bitstream/sha256_test_wrapper.bit"
23:02:18 INFO  : Context for processor 'microblaze_0' is selected.
23:02:18 INFO  : Hardware design and registers information is loaded from 'C:/Users/maxgr/Projects/Classes/ECE4300/ECE4300-sha256-microblaze/Vitis/sha256_test_wrapper/export/sha256_test_wrapper/hw/sha256_test_wrapper.xsa'.
23:02:18 INFO  : 'configparams mdm-detect-bscan-mask 2' command is executed.
23:02:18 INFO  : Context for processor 'microblaze_0' is selected.
23:02:18 INFO  : System reset is completed.
23:02:21 INFO  : 'after 3000' command is executed.
23:02:21 INFO  : Context for processor 'microblaze_0' is selected.
23:02:21 INFO  : The application 'C:/Users/maxgr/Projects/Classes/ECE4300/ECE4300-sha256-microblaze/Vitis/sha_256_test_app/Debug/sha_256_test_app.elf' is downloaded to processor 'microblaze_0'.
23:02:21 INFO  : ----------------XSDB Script----------------
connect -url tcp:127.0.0.1:3121
targets -set -filter {jtag_cable_name =~ "Digilent Nexys A7 -100T 210292BCFFDAA" && level==0 && jtag_device_ctx=="jsn-Nexys A7 -100T-210292BCFFDAA-13631093-0"}
fpga -file C:/Users/maxgr/Projects/Classes/ECE4300/ECE4300-sha256-microblaze/Vitis/sha_256_test_app/_ide/bitstream/sha256_test_wrapper.bit
targets -set -nocase -filter {name =~ "*microblaze*#0" && bscan=="USER2" }
loadhw -hw C:/Users/maxgr/Projects/Classes/ECE4300/ECE4300-sha256-microblaze/Vitis/sha256_test_wrapper/export/sha256_test_wrapper/hw/sha256_test_wrapper.xsa -regs
configparams mdm-detect-bscan-mask 2
targets -set -nocase -filter {name =~ "*microblaze*#0" && bscan=="USER2" }
rst -system
after 3000
targets -set -nocase -filter {name =~ "*microblaze*#0" && bscan=="USER2" }
dow C:/Users/maxgr/Projects/Classes/ECE4300/ECE4300-sha256-microblaze/Vitis/sha_256_test_app/Debug/sha_256_test_app.elf
----------------End of Script----------------

23:02:21 INFO  : Context for processor 'microblaze_0' is selected.
23:02:21 INFO  : 'con' command is executed.
23:02:21 INFO  : ----------------XSDB Script (After Launch)----------------
targets -set -nocase -filter {name =~ "*microblaze*#0" && bscan=="USER2" }
con
----------------End of Script----------------

23:02:21 INFO  : Launch script is exported to file 'C:\Users\maxgr\Projects\Classes\ECE4300\ECE4300-sha256-microblaze\Vitis\sha_256_test_app_system\_ide\scripts\debugger_sha_256_test_app-default.tcl'
23:44:35 INFO  : Checking for BSP changes to sync application flags for project 'sha_256_test_app'...
23:44:35 ERROR : Failed to get platform details for the project 'sha_256_test_app'. Cannot sync application flags.
23:45:11 INFO  : Result from executing command 'getProjects': sha256_test_wrapper
23:45:11 INFO  : Result from executing command 'getPlatforms': sha256_test_wrapper|C:/Users/maxgr/Projects/Classes/ECE4300/ECE4300-sha256-microblaze/Vitis/sha256_test_wrapper/export/sha256_test_wrapper/sha256_test_wrapper.xpfm;xilinx_zcu102_base_202320_1|C:/Xilinx/Vitis/2023.2/base_platforms/xilinx_zcu102_base_202320_1/xilinx_zcu102_base_202320_1.xpfm;xilinx_zcu102_base_dfx_202320_1|C:/Xilinx/Vitis/2023.2/base_platforms/xilinx_zcu102_base_dfx_202320_1/xilinx_zcu102_base_dfx_202320_1.xpfm;xilinx_zcu104_base_202320_1|C:/Xilinx/Vitis/2023.2/base_platforms/xilinx_zcu104_base_202320_1/xilinx_zcu104_base_202320_1.xpfm
23:45:12 INFO  : Checking for BSP changes to sync application flags for project 'sha_256_test_app'...
23:45:23 INFO  : Checking for BSP changes to sync application flags for project 'sha_256_test_app'...
23:45:33 INFO  : Checking for BSP changes to sync application flags for project 'sha_256_test_app'...
23:45:48 INFO  : Disconnected from the channel tcfchan#26.
23:45:49 INFO  : Connected to target on host '127.0.0.1' and port '3121'.
23:45:58 INFO  : ----------------XSDB Script----------------
connect -url tcp:127.0.0.1:3121
----------------End of Script----------------

23:45:58 ERROR : Could not find FPGA device on the board for connection 'Local'.


Troubleshooting hints:
1. Check whether board is connected to system properly.
2. In case of zynq board, check whether Digilent/Xilinx cable switch settings are correct.
3. If you are using Xilinx Platform Cable USB, ensure that status LED is green.
23:46:01 INFO  : Connected to target on host '127.0.0.1' and port '3121'.
23:46:01 INFO  : Jtag cable 'Digilent Nexys A7 -100T 210292BCFFDAA' is selected.
23:46:01 INFO  : 'jtag frequency' command is executed.
23:46:01 INFO  : 'targets -set -filter {jtag_cable_name =~ "Digilent Nexys A7 -100T 210292BCFFDAA" && level==0 && jtag_device_ctx=="jsn-Nexys A7 -100T-210292BCFFDAA-13631093-0"}' command is executed.
23:46:03 INFO  : Device configured successfully with "C:/Users/maxgr/Projects/Classes/ECE4300/ECE4300-sha256-microblaze/Vitis/sha_256_test_app/_ide/bitstream/sha256_test_wrapper.bit"
23:46:03 INFO  : Context for processor 'microblaze_0' is selected.
23:46:03 INFO  : Hardware design and registers information is loaded from 'C:/Users/maxgr/Projects/Classes/ECE4300/ECE4300-sha256-microblaze/Vitis/sha256_test_wrapper/export/sha256_test_wrapper/hw/sha256_test_wrapper.xsa'.
23:46:03 INFO  : 'configparams mdm-detect-bscan-mask 2' command is executed.
23:46:03 INFO  : Context for processor 'microblaze_0' is selected.
23:46:03 INFO  : System reset is completed.
23:46:06 INFO  : 'after 3000' command is executed.
23:46:06 INFO  : Context for processor 'microblaze_0' is selected.
23:46:06 INFO  : The application 'C:/Users/maxgr/Projects/Classes/ECE4300/ECE4300-sha256-microblaze/Vitis/sha_256_test_app/Debug/sha_256_test_app.elf' is downloaded to processor 'microblaze_0'.
23:46:06 INFO  : ----------------XSDB Script----------------
connect -url tcp:127.0.0.1:3121
targets -set -filter {jtag_cable_name =~ "Digilent Nexys A7 -100T 210292BCFFDAA" && level==0 && jtag_device_ctx=="jsn-Nexys A7 -100T-210292BCFFDAA-13631093-0"}
fpga -file C:/Users/maxgr/Projects/Classes/ECE4300/ECE4300-sha256-microblaze/Vitis/sha_256_test_app/_ide/bitstream/sha256_test_wrapper.bit
targets -set -nocase -filter {name =~ "*microblaze*#0" && bscan=="USER2" }
loadhw -hw C:/Users/maxgr/Projects/Classes/ECE4300/ECE4300-sha256-microblaze/Vitis/sha256_test_wrapper/export/sha256_test_wrapper/hw/sha256_test_wrapper.xsa -regs
configparams mdm-detect-bscan-mask 2
targets -set -nocase -filter {name =~ "*microblaze*#0" && bscan=="USER2" }
rst -system
after 3000
targets -set -nocase -filter {name =~ "*microblaze*#0" && bscan=="USER2" }
dow C:/Users/maxgr/Projects/Classes/ECE4300/ECE4300-sha256-microblaze/Vitis/sha_256_test_app/Debug/sha_256_test_app.elf
----------------End of Script----------------

23:46:06 INFO  : Context for processor 'microblaze_0' is selected.
23:46:06 INFO  : 'con' command is executed.
23:46:06 INFO  : ----------------XSDB Script (After Launch)----------------
targets -set -nocase -filter {name =~ "*microblaze*#0" && bscan=="USER2" }
con
----------------End of Script----------------

23:46:06 INFO  : Launch script is exported to file 'C:\Users\maxgr\Projects\Classes\ECE4300\ECE4300-sha256-microblaze\Vitis\sha_256_test_app_system\_ide\scripts\debugger_sha_256_test_app-default.tcl'
23:49:28 INFO  : Disconnected from the channel tcfchan#29.
23:49:29 INFO  : Connected to target on host '127.0.0.1' and port '3121'.
23:49:38 INFO  : ----------------XSDB Script----------------
connect -url tcp:127.0.0.1:3121
----------------End of Script----------------

23:49:38 ERROR : Could not find FPGA device on the board for connection 'Local'.


Troubleshooting hints:
1. Check whether board is connected to system properly.
2. In case of zynq board, check whether Digilent/Xilinx cable switch settings are correct.
3. If you are using Xilinx Platform Cable USB, ensure that status LED is green.
23:49:42 INFO  : Connected to target on host '127.0.0.1' and port '3121'.
23:49:42 INFO  : Jtag cable 'Digilent Nexys A7 -100T 210292BCFFDAA' is selected.
23:49:42 INFO  : 'jtag frequency' command is executed.
23:49:42 INFO  : 'targets -set -filter {jtag_cable_name =~ "Digilent Nexys A7 -100T 210292BCFFDAA" && level==0 && jtag_device_ctx=="jsn-Nexys A7 -100T-210292BCFFDAA-13631093-0"}' command is executed.
23:49:44 INFO  : Device configured successfully with "C:/Users/maxgr/Projects/Classes/ECE4300/ECE4300-sha256-microblaze/Vitis/sha_256_test_app/_ide/bitstream/sha256_test_wrapper.bit"
23:49:44 INFO  : Context for processor 'microblaze_0' is selected.
23:49:44 INFO  : Hardware design and registers information is loaded from 'C:/Users/maxgr/Projects/Classes/ECE4300/ECE4300-sha256-microblaze/Vitis/sha256_test_wrapper/export/sha256_test_wrapper/hw/sha256_test_wrapper.xsa'.
23:49:44 INFO  : 'configparams mdm-detect-bscan-mask 2' command is executed.
23:49:44 INFO  : Context for processor 'microblaze_0' is selected.
23:49:44 INFO  : System reset is completed.
23:49:47 INFO  : 'after 3000' command is executed.
23:49:47 INFO  : Context for processor 'microblaze_0' is selected.
23:49:47 INFO  : The application 'C:/Users/maxgr/Projects/Classes/ECE4300/ECE4300-sha256-microblaze/Vitis/sha_256_test_app/Debug/sha_256_test_app.elf' is downloaded to processor 'microblaze_0'.
23:49:47 INFO  : ----------------XSDB Script----------------
connect -url tcp:127.0.0.1:3121
targets -set -filter {jtag_cable_name =~ "Digilent Nexys A7 -100T 210292BCFFDAA" && level==0 && jtag_device_ctx=="jsn-Nexys A7 -100T-210292BCFFDAA-13631093-0"}
fpga -file C:/Users/maxgr/Projects/Classes/ECE4300/ECE4300-sha256-microblaze/Vitis/sha_256_test_app/_ide/bitstream/sha256_test_wrapper.bit
targets -set -nocase -filter {name =~ "*microblaze*#0" && bscan=="USER2" }
loadhw -hw C:/Users/maxgr/Projects/Classes/ECE4300/ECE4300-sha256-microblaze/Vitis/sha256_test_wrapper/export/sha256_test_wrapper/hw/sha256_test_wrapper.xsa -regs
configparams mdm-detect-bscan-mask 2
targets -set -nocase -filter {name =~ "*microblaze*#0" && bscan=="USER2" }
rst -system
after 3000
targets -set -nocase -filter {name =~ "*microblaze*#0" && bscan=="USER2" }
dow C:/Users/maxgr/Projects/Classes/ECE4300/ECE4300-sha256-microblaze/Vitis/sha_256_test_app/Debug/sha_256_test_app.elf
----------------End of Script----------------

23:49:47 INFO  : Context for processor 'microblaze_0' is selected.
23:49:47 INFO  : 'con' command is executed.
23:49:47 INFO  : ----------------XSDB Script (After Launch)----------------
targets -set -nocase -filter {name =~ "*microblaze*#0" && bscan=="USER2" }
con
----------------End of Script----------------

23:49:47 INFO  : Launch script is exported to file 'C:\Users\maxgr\Projects\Classes\ECE4300\ECE4300-sha256-microblaze\Vitis\sha_256_test_app_system\_ide\scripts\debugger_sha_256_test_app-default.tcl'
23:50:50 INFO  : Disconnected from the channel tcfchan#30.
23:50:52 INFO  : Connected to target on host '127.0.0.1' and port '3121'.
23:50:52 INFO  : Jtag cable 'Digilent Nexys A7 -100T 210292BCFFDAA' is selected.
23:50:52 INFO  : 'jtag frequency' command is executed.
23:50:52 INFO  : 'targets -set -filter {jtag_cable_name =~ "Digilent Nexys A7 -100T 210292BCFFDAA" && level==0 && jtag_device_ctx=="jsn-Nexys A7 -100T-210292BCFFDAA-13631093-0"}' command is executed.
23:50:54 INFO  : Device configured successfully with "C:/Users/maxgr/Projects/Classes/ECE4300/ECE4300-sha256-microblaze/Vitis/sha_256_test_app/_ide/bitstream/sha256_test_wrapper.bit"
23:50:54 INFO  : Context for processor 'microblaze_0' is selected.
23:50:54 INFO  : Hardware design and registers information is loaded from 'C:/Users/maxgr/Projects/Classes/ECE4300/ECE4300-sha256-microblaze/Vitis/sha256_test_wrapper/export/sha256_test_wrapper/hw/sha256_test_wrapper.xsa'.
23:50:54 INFO  : 'configparams mdm-detect-bscan-mask 2' command is executed.
23:50:54 INFO  : Context for processor 'microblaze_0' is selected.
23:50:54 INFO  : System reset is completed.
23:50:57 INFO  : 'after 3000' command is executed.
23:50:57 INFO  : Context for processor 'microblaze_0' is selected.
23:50:57 INFO  : The application 'C:/Users/maxgr/Projects/Classes/ECE4300/ECE4300-sha256-microblaze/Vitis/sha_256_test_app/Debug/sha_256_test_app.elf' is downloaded to processor 'microblaze_0'.
23:50:57 INFO  : ----------------XSDB Script----------------
connect -url tcp:127.0.0.1:3121
targets -set -filter {jtag_cable_name =~ "Digilent Nexys A7 -100T 210292BCFFDAA" && level==0 && jtag_device_ctx=="jsn-Nexys A7 -100T-210292BCFFDAA-13631093-0"}
fpga -file C:/Users/maxgr/Projects/Classes/ECE4300/ECE4300-sha256-microblaze/Vitis/sha_256_test_app/_ide/bitstream/sha256_test_wrapper.bit
targets -set -nocase -filter {name =~ "*microblaze*#0" && bscan=="USER2" }
loadhw -hw C:/Users/maxgr/Projects/Classes/ECE4300/ECE4300-sha256-microblaze/Vitis/sha256_test_wrapper/export/sha256_test_wrapper/hw/sha256_test_wrapper.xsa -regs
configparams mdm-detect-bscan-mask 2
targets -set -nocase -filter {name =~ "*microblaze*#0" && bscan=="USER2" }
rst -system
after 3000
targets -set -nocase -filter {name =~ "*microblaze*#0" && bscan=="USER2" }
dow C:/Users/maxgr/Projects/Classes/ECE4300/ECE4300-sha256-microblaze/Vitis/sha_256_test_app/Debug/sha_256_test_app.elf
----------------End of Script----------------

23:50:58 INFO  : Context for processor 'microblaze_0' is selected.
23:50:58 INFO  : 'con' command is executed.
23:50:58 INFO  : ----------------XSDB Script (After Launch)----------------
targets -set -nocase -filter {name =~ "*microblaze*#0" && bscan=="USER2" }
con
----------------End of Script----------------

23:50:58 INFO  : Launch script is exported to file 'C:\Users\maxgr\Projects\Classes\ECE4300\ECE4300-sha256-microblaze\Vitis\sha_256_test_app_system\_ide\scripts\debugger_sha_256_test_app-default.tcl'
23:52:41 INFO  : Disconnected from the channel tcfchan#31.
23:54:07 ERROR : Hardaware specification file used in the launch configuration 'Debugger_sha_256_test_app-Default' doesn't exist at the location 'C:/Users/maxgr/Projects/Classes/ECE4300/ECE4300-sha256-microblaze/Vitis/sha256_test_wrapper/export/sha256_test_wrapper/hw/sha256_test_wrapper.xsa'.
23:54:18 INFO  : Checking for BSP changes to sync application flags for project 'sha_256_test_app'...
23:54:18 INFO  : Result from executing command 'getProjects': RemoteSystemsTempFiles;sha256_test_wrapper;sha_256_test_app;sha_256_test_app_system
23:54:18 WARN  : Failed to closehw "C:/Users/maxgr/Projects/Classes/ECE4300/ECE4300-sha256-microblaze/Vitis/sha256_test_wrapper/export/sha256_test_wrapper/hw/sha256_test_wrapper.xsa"
Reason: C:/Users/maxgr/Projects/Classes/ECE4300/ECE4300-sha256-microblaze/Vitis/sha256_test_wrapper/export/sha256_test_wrapper/hw/sha256_test_wrapper.xsa is not available in the current workspace
use 'getprojects' command to see list of available projects in current workspace
23:54:18 INFO  : Result from executing command 'getProjects': RemoteSystemsTempFiles;sha256_test_wrapper;sha_256_test_app;sha_256_test_app_system
23:54:18 ERROR : Failed to openhw "C:/Users/maxgr/Projects/Classes/ECE4300/ECE4300-sha256-microblaze/Vitis/sha256_test_wrapper/export/sha256_test_wrapper/hw/sha256_test_wrapper.xsa"
Reason: C:/Users/maxgr/Projects/Classes/ECE4300/ECE4300-sha256-microblaze/Vitis/sha256_test_wrapper/export/sha256_test_wrapper/hw/sha256_test_wrapper.xsa is not available in the current workspace
use 'getprojects' command to see list of available projects in current workspace
23:54:18 ERROR : Failed to update application flags from BSP for 'sha_256_test_app'. Reason: null
java.lang.NullPointerException: null
	at com.xilinx.sdx.sw.internal.SDxSwPlatform.<init>(SDxSwPlatform.java:305) ~[com.xilinx.sdx.sw_1.0.0.202310091710.jar:?]
	at com.xilinx.sdx.sw.internal.SDxSwPlatform.create(SDxSwPlatform.java:214) ~[com.xilinx.sdx.sw_1.0.0.202310091710.jar:?]
	at com.xilinx.sdx.sdk.core.util.SdkPlatformHelper.getSwPlatform(SdkPlatformHelper.java:64) ~[com.xilinx.sdx.sdk.core_1.0.0.202310091710.jar:?]
	at com.xilinx.sdx.sdk.core.build.SdkMakefileGenerationListener.getSwPlatform(SdkMakefileGenerationListener.java:160) ~[com.xilinx.sdx.sdk.core_1.0.0.202310091710.jar:?]
	at com.xilinx.sdx.sdk.core.build.SdkMakefileGenerationListener.syncAppFlags(SdkMakefileGenerationListener.java:78) [com.xilinx.sdx.sdk.core_1.0.0.202310091710.jar:?]
	at com.xilinx.sdx.sdk.core.build.SdkMakefileGenerationListener.preMakefileGeneration(SdkMakefileGenerationListener.java:48) [com.xilinx.sdx.sdk.core_1.0.0.202310091710.jar:?]
	at com.xilinx.sdk.managedbuilder.XilinxGnuMakefileGenerator.notifyPreMakefileGenerationListeners(XilinxGnuMakefileGenerator.java:91) [com.xilinx.sdk.managedbuilder_1.0.0.202310091710.jar:?]
	at com.xilinx.sdk.managedbuilder.XilinxGnuMakefileGenerator.generateMakefiles(XilinxGnuMakefileGenerator.java:40) [com.xilinx.sdk.managedbuilder_1.0.0.202310091710.jar:?]
	at org.eclipse.cdt.managedbuilder.internal.core.CommonBuilder.performMakefileGeneration(CommonBuilder.java:1008) [org.eclipse.cdt.managedbuilder.core_8.6.0.201802261533.jar:?]
	at org.eclipse.cdt.managedbuilder.internal.core.CommonBuilder.performPrebuildGeneration(CommonBuilder.java:873) [org.eclipse.cdt.managedbuilder.core_8.6.0.201802261533.jar:?]
	at org.eclipse.cdt.managedbuilder.internal.core.CommonBuilder.build(CommonBuilder.java:748) [org.eclipse.cdt.managedbuilder.core_8.6.0.201802261533.jar:?]
	at org.eclipse.cdt.managedbuilder.internal.core.CommonBuilder.build(CommonBuilder.java:510) [org.eclipse.cdt.managedbuilder.core_8.6.0.201802261533.jar:?]
	at org.eclipse.cdt.managedbuilder.internal.core.CommonBuilder.build(CommonBuilder.java:459) [org.eclipse.cdt.managedbuilder.core_8.6.0.201802261533.jar:?]
	at org.eclipse.core.internal.events.BuildManager$2.run(BuildManager.java:832) [org.eclipse.core.resources_3.13.700.v20200209-1624.jar:?]
	at org.eclipse.core.runtime.SafeRunner.run(SafeRunner.java:45) [org.eclipse.equinox.common_3.11.0.v20200206-0817.jar:?]
	at org.eclipse.core.internal.events.BuildManager.basicBuild(BuildManager.java:220) [org.eclipse.core.resources_3.13.700.v20200209-1624.jar:?]
	at org.eclipse.core.internal.events.BuildManager.basicBuild(BuildManager.java:263) [org.eclipse.core.resources_3.13.700.v20200209-1624.jar:?]
	at org.eclipse.core.internal.events.BuildManager$1.run(BuildManager.java:316) [org.eclipse.core.resources_3.13.700.v20200209-1624.jar:?]
	at org.eclipse.core.runtime.SafeRunner.run(SafeRunner.java:45) [org.eclipse.equinox.common_3.11.0.v20200206-0817.jar:?]
	at org.eclipse.core.internal.events.BuildManager.basicBuild(BuildManager.java:319) [org.eclipse.core.resources_3.13.700.v20200209-1624.jar:?]
	at org.eclipse.core.internal.events.BuildManager.basicBuildLoop(BuildManager.java:371) [org.eclipse.core.resources_3.13.700.v20200209-1624.jar:?]
	at org.eclipse.core.internal.events.BuildManager.build(BuildManager.java:392) [org.eclipse.core.resources_3.13.700.v20200209-1624.jar:?]
	at org.eclipse.core.internal.resources.Workspace.buildInternal(Workspace.java:515) [org.eclipse.core.resources_3.13.700.v20200209-1624.jar:?]
	at org.eclipse.core.internal.resources.Workspace.build(Workspace.java:412) [org.eclipse.core.resources_3.13.700.v20200209-1624.jar:?]
	at org.eclipse.ui.actions.BuildAction$1.runInWorkspace(BuildAction.java:291) [org.eclipse.ui.ide_3.17.0.v20200217-1511.jar:?]
	at org.eclipse.core.internal.resources.InternalWorkspaceJob.run(InternalWorkspaceJob.java:42) [org.eclipse.core.resources_3.13.700.v20200209-1624.jar:?]
	at org.eclipse.core.internal.jobs.Worker.run(Worker.java:63) [org.eclipse.core.jobs_3.10.700.v20200106-1020.jar:?]
23:54:29 INFO  : Checking for BSP changes to sync application flags for project 'sha_256_test_app'...
23:54:29 INFO  : Result from executing command 'getProjects': RemoteSystemsTempFiles;sha256_test_wrapper;sha_256_test_app;sha_256_test_app_system
23:54:29 ERROR : Failed to openhw "C:/Users/maxgr/Projects/Classes/ECE4300/ECE4300-sha256-microblaze/Vitis/sha256_test_wrapper/export/sha256_test_wrapper/hw/sha256_test_wrapper.xsa"
Reason: C:/Users/maxgr/Projects/Classes/ECE4300/ECE4300-sha256-microblaze/Vitis/sha256_test_wrapper/export/sha256_test_wrapper/hw/sha256_test_wrapper.xsa is not available in the current workspace
use 'getprojects' command to see list of available projects in current workspace
23:54:29 ERROR : Failed to update application flags from BSP for 'sha_256_test_app'. Reason: null
java.lang.NullPointerException: null
	at com.xilinx.sdx.sw.internal.SDxSwPlatform.<init>(SDxSwPlatform.java:305) ~[com.xilinx.sdx.sw_1.0.0.202310091710.jar:?]
	at com.xilinx.sdx.sw.internal.SDxSwPlatform.create(SDxSwPlatform.java:214) ~[com.xilinx.sdx.sw_1.0.0.202310091710.jar:?]
	at com.xilinx.sdx.sdk.core.util.SdkPlatformHelper.getSwPlatform(SdkPlatformHelper.java:64) ~[com.xilinx.sdx.sdk.core_1.0.0.202310091710.jar:?]
	at com.xilinx.sdx.sdk.core.build.SdkMakefileGenerationListener.getSwPlatform(SdkMakefileGenerationListener.java:160) ~[com.xilinx.sdx.sdk.core_1.0.0.202310091710.jar:?]
	at com.xilinx.sdx.sdk.core.build.SdkMakefileGenerationListener.syncAppFlags(SdkMakefileGenerationListener.java:78) [com.xilinx.sdx.sdk.core_1.0.0.202310091710.jar:?]
	at com.xilinx.sdx.sdk.core.build.SdkMakefileGenerationListener.preMakefileGeneration(SdkMakefileGenerationListener.java:48) [com.xilinx.sdx.sdk.core_1.0.0.202310091710.jar:?]
	at com.xilinx.sdk.managedbuilder.XilinxGnuMakefileGenerator.notifyPreMakefileGenerationListeners(XilinxGnuMakefileGenerator.java:91) [com.xilinx.sdk.managedbuilder_1.0.0.202310091710.jar:?]
	at com.xilinx.sdk.managedbuilder.XilinxGnuMakefileGenerator.generateMakefiles(XilinxGnuMakefileGenerator.java:40) [com.xilinx.sdk.managedbuilder_1.0.0.202310091710.jar:?]
	at org.eclipse.cdt.managedbuilder.internal.core.CommonBuilder.performMakefileGeneration(CommonBuilder.java:1008) [org.eclipse.cdt.managedbuilder.core_8.6.0.201802261533.jar:?]
	at org.eclipse.cdt.managedbuilder.internal.core.CommonBuilder.performPrebuildGeneration(CommonBuilder.java:873) [org.eclipse.cdt.managedbuilder.core_8.6.0.201802261533.jar:?]
	at org.eclipse.cdt.managedbuilder.internal.core.CommonBuilder.build(CommonBuilder.java:748) [org.eclipse.cdt.managedbuilder.core_8.6.0.201802261533.jar:?]
	at org.eclipse.cdt.managedbuilder.internal.core.CommonBuilder.build(CommonBuilder.java:510) [org.eclipse.cdt.managedbuilder.core_8.6.0.201802261533.jar:?]
	at org.eclipse.cdt.managedbuilder.internal.core.CommonBuilder.build(CommonBuilder.java:459) [org.eclipse.cdt.managedbuilder.core_8.6.0.201802261533.jar:?]
	at org.eclipse.core.internal.events.BuildManager$2.run(BuildManager.java:832) [org.eclipse.core.resources_3.13.700.v20200209-1624.jar:?]
	at org.eclipse.core.runtime.SafeRunner.run(SafeRunner.java:45) [org.eclipse.equinox.common_3.11.0.v20200206-0817.jar:?]
	at org.eclipse.core.internal.events.BuildManager.basicBuild(BuildManager.java:220) [org.eclipse.core.resources_3.13.700.v20200209-1624.jar:?]
	at org.eclipse.core.internal.events.BuildManager.basicBuild(BuildManager.java:263) [org.eclipse.core.resources_3.13.700.v20200209-1624.jar:?]
	at org.eclipse.core.internal.events.BuildManager$1.run(BuildManager.java:316) [org.eclipse.core.resources_3.13.700.v20200209-1624.jar:?]
	at org.eclipse.core.runtime.SafeRunner.run(SafeRunner.java:45) [org.eclipse.equinox.common_3.11.0.v20200206-0817.jar:?]
	at org.eclipse.core.internal.events.BuildManager.basicBuild(BuildManager.java:319) [org.eclipse.core.resources_3.13.700.v20200209-1624.jar:?]
	at org.eclipse.core.internal.events.BuildManager.basicBuildLoop(BuildManager.java:371) [org.eclipse.core.resources_3.13.700.v20200209-1624.jar:?]
	at org.eclipse.core.internal.events.BuildManager.build(BuildManager.java:392) [org.eclipse.core.resources_3.13.700.v20200209-1624.jar:?]
	at org.eclipse.core.internal.resources.Workspace.buildInternal(Workspace.java:515) [org.eclipse.core.resources_3.13.700.v20200209-1624.jar:?]
	at org.eclipse.core.internal.resources.Workspace.build(Workspace.java:412) [org.eclipse.core.resources_3.13.700.v20200209-1624.jar:?]
	at org.eclipse.ui.actions.BuildAction$1.runInWorkspace(BuildAction.java:291) [org.eclipse.ui.ide_3.17.0.v20200217-1511.jar:?]
	at org.eclipse.core.internal.resources.InternalWorkspaceJob.run(InternalWorkspaceJob.java:42) [org.eclipse.core.resources_3.13.700.v20200209-1624.jar:?]
	at org.eclipse.core.internal.jobs.Worker.run(Worker.java:63) [org.eclipse.core.jobs_3.10.700.v20200106-1020.jar:?]
23:55:04 INFO  : Checking for BSP changes to sync application flags for project 'sha_256_test_app'...
23:55:04 INFO  : Result from executing command 'getProjects': RemoteSystemsTempFiles;sha256_test_wrapper;sha_256_test_app;sha_256_test_app_system
23:55:04 ERROR : Failed to openhw "C:/Users/maxgr/Projects/Classes/ECE4300/ECE4300-sha256-microblaze/Vitis/sha256_test_wrapper/export/sha256_test_wrapper/hw/sha256_test_wrapper.xsa"
Reason: C:/Users/maxgr/Projects/Classes/ECE4300/ECE4300-sha256-microblaze/Vitis/sha256_test_wrapper/export/sha256_test_wrapper/hw/sha256_test_wrapper.xsa is not available in the current workspace
use 'getprojects' command to see list of available projects in current workspace
23:55:04 ERROR : Failed to update application flags from BSP for 'sha_256_test_app'. Reason: null
java.lang.NullPointerException: null
	at com.xilinx.sdx.sw.internal.SDxSwPlatform.<init>(SDxSwPlatform.java:305) ~[com.xilinx.sdx.sw_1.0.0.202310091710.jar:?]
	at com.xilinx.sdx.sw.internal.SDxSwPlatform.create(SDxSwPlatform.java:214) ~[com.xilinx.sdx.sw_1.0.0.202310091710.jar:?]
	at com.xilinx.sdx.sdk.core.util.SdkPlatformHelper.getSwPlatform(SdkPlatformHelper.java:64) ~[com.xilinx.sdx.sdk.core_1.0.0.202310091710.jar:?]
	at com.xilinx.sdx.sdk.core.build.SdkMakefileGenerationListener.getSwPlatform(SdkMakefileGenerationListener.java:160) ~[com.xilinx.sdx.sdk.core_1.0.0.202310091710.jar:?]
	at com.xilinx.sdx.sdk.core.build.SdkMakefileGenerationListener.syncAppFlags(SdkMakefileGenerationListener.java:78) [com.xilinx.sdx.sdk.core_1.0.0.202310091710.jar:?]
	at com.xilinx.sdx.sdk.core.build.SdkMakefileGenerationListener.preMakefileGeneration(SdkMakefileGenerationListener.java:48) [com.xilinx.sdx.sdk.core_1.0.0.202310091710.jar:?]
	at com.xilinx.sdk.managedbuilder.XilinxGnuMakefileGenerator.notifyPreMakefileGenerationListeners(XilinxGnuMakefileGenerator.java:91) [com.xilinx.sdk.managedbuilder_1.0.0.202310091710.jar:?]
	at com.xilinx.sdk.managedbuilder.XilinxGnuMakefileGenerator.generateMakefiles(XilinxGnuMakefileGenerator.java:40) [com.xilinx.sdk.managedbuilder_1.0.0.202310091710.jar:?]
	at org.eclipse.cdt.managedbuilder.internal.core.CommonBuilder.performMakefileGeneration(CommonBuilder.java:1008) [org.eclipse.cdt.managedbuilder.core_8.6.0.201802261533.jar:?]
	at org.eclipse.cdt.managedbuilder.internal.core.CommonBuilder.performPrebuildGeneration(CommonBuilder.java:873) [org.eclipse.cdt.managedbuilder.core_8.6.0.201802261533.jar:?]
	at org.eclipse.cdt.managedbuilder.internal.core.CommonBuilder.build(CommonBuilder.java:748) [org.eclipse.cdt.managedbuilder.core_8.6.0.201802261533.jar:?]
	at org.eclipse.cdt.managedbuilder.internal.core.CommonBuilder.build(CommonBuilder.java:510) [org.eclipse.cdt.managedbuilder.core_8.6.0.201802261533.jar:?]
	at org.eclipse.cdt.managedbuilder.internal.core.CommonBuilder.build(CommonBuilder.java:459) [org.eclipse.cdt.managedbuilder.core_8.6.0.201802261533.jar:?]
	at org.eclipse.core.internal.events.BuildManager$2.run(BuildManager.java:832) [org.eclipse.core.resources_3.13.700.v20200209-1624.jar:?]
	at org.eclipse.core.runtime.SafeRunner.run(SafeRunner.java:45) [org.eclipse.equinox.common_3.11.0.v20200206-0817.jar:?]
	at org.eclipse.core.internal.events.BuildManager.basicBuild(BuildManager.java:220) [org.eclipse.core.resources_3.13.700.v20200209-1624.jar:?]
	at org.eclipse.core.internal.events.BuildManager.basicBuild(BuildManager.java:263) [org.eclipse.core.resources_3.13.700.v20200209-1624.jar:?]
	at org.eclipse.core.internal.events.BuildManager$1.run(BuildManager.java:316) [org.eclipse.core.resources_3.13.700.v20200209-1624.jar:?]
	at org.eclipse.core.runtime.SafeRunner.run(SafeRunner.java:45) [org.eclipse.equinox.common_3.11.0.v20200206-0817.jar:?]
	at org.eclipse.core.internal.events.BuildManager.basicBuild(BuildManager.java:319) [org.eclipse.core.resources_3.13.700.v20200209-1624.jar:?]
	at org.eclipse.core.internal.events.BuildManager.basicBuildLoop(BuildManager.java:371) [org.eclipse.core.resources_3.13.700.v20200209-1624.jar:?]
	at org.eclipse.core.internal.events.BuildManager.build(BuildManager.java:392) [org.eclipse.core.resources_3.13.700.v20200209-1624.jar:?]
	at org.eclipse.core.internal.resources.Workspace.buildInternal(Workspace.java:515) [org.eclipse.core.resources_3.13.700.v20200209-1624.jar:?]
	at org.eclipse.core.internal.resources.Workspace.build(Workspace.java:412) [org.eclipse.core.resources_3.13.700.v20200209-1624.jar:?]
	at org.eclipse.ui.actions.BuildAction$1.runInWorkspace(BuildAction.java:291) [org.eclipse.ui.ide_3.17.0.v20200217-1511.jar:?]
	at org.eclipse.core.internal.resources.InternalWorkspaceJob.run(InternalWorkspaceJob.java:42) [org.eclipse.core.resources_3.13.700.v20200209-1624.jar:?]
	at org.eclipse.core.internal.jobs.Worker.run(Worker.java:63) [org.eclipse.core.jobs_3.10.700.v20200106-1020.jar:?]
23:55:05 ERROR : Failed to compute checksum of hardware specification file used by project 'sha_256_test_app'
23:55:05 INFO  : Result from executing command 'getProjects': RemoteSystemsTempFiles;sha256_test_wrapper;sha_256_test_app;sha_256_test_app_system
23:55:05 ERROR : Failed to openhw "C:/Users/maxgr/Projects/Classes/ECE4300/ECE4300-sha256-microblaze/Vitis/sha256_test_wrapper/export/sha256_test_wrapper/hw/sha256_test_wrapper.xsa"
Reason: C:/Users/maxgr/Projects/Classes/ECE4300/ECE4300-sha256-microblaze/Vitis/sha256_test_wrapper/export/sha256_test_wrapper/hw/sha256_test_wrapper.xsa is not available in the current workspace
use 'getprojects' command to see list of available projects in current workspace
23:55:05 INFO  : Result from executing command 'getProjects': RemoteSystemsTempFiles;sha256_test_wrapper;sha_256_test_app;sha_256_test_app_system
23:55:05 ERROR : Failed to openhw "C:/Users/maxgr/Projects/Classes/ECE4300/ECE4300-sha256-microblaze/Vitis/sha256_test_wrapper/export/sha256_test_wrapper/hw/sha256_test_wrapper.xsa"
Reason: C:/Users/maxgr/Projects/Classes/ECE4300/ECE4300-sha256-microblaze/Vitis/sha256_test_wrapper/export/sha256_test_wrapper/hw/sha256_test_wrapper.xsa is not available in the current workspace
use 'getprojects' command to see list of available projects in current workspace
23:55:05 INFO  : Result from executing command 'getProjects': RemoteSystemsTempFiles;sha256_test_wrapper;sha_256_test_app;sha_256_test_app_system
23:55:05 ERROR : Failed to openhw "C:/Users/maxgr/Projects/Classes/ECE4300/ECE4300-sha256-microblaze/Vitis/sha256_test_wrapper/export/sha256_test_wrapper/hw/sha256_test_wrapper.xsa"
Reason: C:/Users/maxgr/Projects/Classes/ECE4300/ECE4300-sha256-microblaze/Vitis/sha256_test_wrapper/export/sha256_test_wrapper/hw/sha256_test_wrapper.xsa is not available in the current workspace
use 'getprojects' command to see list of available projects in current workspace
23:55:32 INFO  : Result from executing command 'getProjects': sha256_test_wrapper
23:55:32 INFO  : Result from executing command 'getPlatforms': xilinx_zcu102_base_202320_1|C:/Xilinx/Vitis/2023.2/base_platforms/xilinx_zcu102_base_202320_1/xilinx_zcu102_base_202320_1.xpfm;xilinx_zcu102_base_dfx_202320_1|C:/Xilinx/Vitis/2023.2/base_platforms/xilinx_zcu102_base_dfx_202320_1/xilinx_zcu102_base_dfx_202320_1.xpfm;xilinx_zcu104_base_202320_1|C:/Xilinx/Vitis/2023.2/base_platforms/xilinx_zcu104_base_202320_1/xilinx_zcu104_base_202320_1.xpfm
23:55:51 INFO  : Checking for BSP changes to sync application flags for project 'sha_256_test_app'...
23:56:36 INFO  : Checking for BSP changes to sync application flags for project 'sha_256_test_app'...
23:56:36 INFO  : Result from executing command 'getProjects': RemoteSystemsTempFiles;sha256_test_wrapper;sha_256_test_app;sha_256_test_app_system
23:56:36 WARN  : Failed to closehw "C:/Users/maxgr/Projects/Classes/ECE4300/ECE4300-sha256-microblaze/Vitis/sha256_test_wrapper/export/sha256_test_wrapper/hw/sha256_test_wrapper.xsa"
Reason: C:/Users/maxgr/Projects/Classes/ECE4300/ECE4300-sha256-microblaze/Vitis/sha256_test_wrapper/export/sha256_test_wrapper/hw/sha256_test_wrapper.xsa is not available in the current workspace
use 'getprojects' command to see list of available projects in current workspace
23:56:36 INFO  : Result from executing command 'getProjects': RemoteSystemsTempFiles;sha256_test_wrapper;sha_256_test_app;sha_256_test_app_system
23:56:36 ERROR : Failed to openhw "C:/Users/maxgr/Projects/Classes/ECE4300/ECE4300-sha256-microblaze/Vitis/sha256_test_wrapper/export/sha256_test_wrapper/hw/sha256_test_wrapper.xsa"
Reason: C:/Users/maxgr/Projects/Classes/ECE4300/ECE4300-sha256-microblaze/Vitis/sha256_test_wrapper/export/sha256_test_wrapper/hw/sha256_test_wrapper.xsa is not available in the current workspace
use 'getprojects' command to see list of available projects in current workspace
23:56:36 ERROR : Failed to update application flags from BSP for 'sha_256_test_app'. Reason: null
java.lang.NullPointerException: null
	at com.xilinx.sdx.sw.internal.SDxSwPlatform.<init>(SDxSwPlatform.java:305) ~[com.xilinx.sdx.sw_1.0.0.202310091710.jar:?]
	at com.xilinx.sdx.sw.internal.SDxSwPlatform.create(SDxSwPlatform.java:214) ~[com.xilinx.sdx.sw_1.0.0.202310091710.jar:?]
	at com.xilinx.sdx.sdk.core.util.SdkPlatformHelper.getSwPlatform(SdkPlatformHelper.java:64) ~[com.xilinx.sdx.sdk.core_1.0.0.202310091710.jar:?]
	at com.xilinx.sdx.sdk.core.build.SdkMakefileGenerationListener.getSwPlatform(SdkMakefileGenerationListener.java:160) ~[com.xilinx.sdx.sdk.core_1.0.0.202310091710.jar:?]
	at com.xilinx.sdx.sdk.core.build.SdkMakefileGenerationListener.syncAppFlags(SdkMakefileGenerationListener.java:78) [com.xilinx.sdx.sdk.core_1.0.0.202310091710.jar:?]
	at com.xilinx.sdx.sdk.core.build.SdkMakefileGenerationListener.preMakefileGeneration(SdkMakefileGenerationListener.java:48) [com.xilinx.sdx.sdk.core_1.0.0.202310091710.jar:?]
	at com.xilinx.sdk.managedbuilder.XilinxGnuMakefileGenerator.notifyPreMakefileGenerationListeners(XilinxGnuMakefileGenerator.java:91) [com.xilinx.sdk.managedbuilder_1.0.0.202310091710.jar:?]
	at com.xilinx.sdk.managedbuilder.XilinxGnuMakefileGenerator.generateMakefiles(XilinxGnuMakefileGenerator.java:40) [com.xilinx.sdk.managedbuilder_1.0.0.202310091710.jar:?]
	at org.eclipse.cdt.managedbuilder.internal.core.CommonBuilder.performMakefileGeneration(CommonBuilder.java:1008) [org.eclipse.cdt.managedbuilder.core_8.6.0.201802261533.jar:?]
	at org.eclipse.cdt.managedbuilder.internal.core.CommonBuilder.performPrebuildGeneration(CommonBuilder.java:873) [org.eclipse.cdt.managedbuilder.core_8.6.0.201802261533.jar:?]
	at org.eclipse.cdt.managedbuilder.internal.core.CommonBuilder.build(CommonBuilder.java:748) [org.eclipse.cdt.managedbuilder.core_8.6.0.201802261533.jar:?]
	at org.eclipse.cdt.managedbuilder.internal.core.CommonBuilder.build(CommonBuilder.java:510) [org.eclipse.cdt.managedbuilder.core_8.6.0.201802261533.jar:?]
	at org.eclipse.cdt.managedbuilder.internal.core.CommonBuilder.build(CommonBuilder.java:459) [org.eclipse.cdt.managedbuilder.core_8.6.0.201802261533.jar:?]
	at org.eclipse.core.internal.events.BuildManager$2.run(BuildManager.java:832) [org.eclipse.core.resources_3.13.700.v20200209-1624.jar:?]
	at org.eclipse.core.runtime.SafeRunner.run(SafeRunner.java:45) [org.eclipse.equinox.common_3.11.0.v20200206-0817.jar:?]
	at org.eclipse.core.internal.events.BuildManager.basicBuild(BuildManager.java:220) [org.eclipse.core.resources_3.13.700.v20200209-1624.jar:?]
	at org.eclipse.core.internal.events.BuildManager.basicBuild(BuildManager.java:263) [org.eclipse.core.resources_3.13.700.v20200209-1624.jar:?]
	at org.eclipse.core.internal.events.BuildManager$1.run(BuildManager.java:316) [org.eclipse.core.resources_3.13.700.v20200209-1624.jar:?]
	at org.eclipse.core.runtime.SafeRunner.run(SafeRunner.java:45) [org.eclipse.equinox.common_3.11.0.v20200206-0817.jar:?]
	at org.eclipse.core.internal.events.BuildManager.basicBuild(BuildManager.java:319) [org.eclipse.core.resources_3.13.700.v20200209-1624.jar:?]
	at org.eclipse.core.internal.events.BuildManager.basicBuildLoop(BuildManager.java:371) [org.eclipse.core.resources_3.13.700.v20200209-1624.jar:?]
	at org.eclipse.core.internal.events.BuildManager.build(BuildManager.java:392) [org.eclipse.core.resources_3.13.700.v20200209-1624.jar:?]
	at org.eclipse.core.internal.resources.Workspace.buildInternal(Workspace.java:515) [org.eclipse.core.resources_3.13.700.v20200209-1624.jar:?]
	at org.eclipse.core.internal.resources.Workspace.build(Workspace.java:412) [org.eclipse.core.resources_3.13.700.v20200209-1624.jar:?]
	at org.eclipse.ui.actions.BuildAction$1.runInWorkspace(BuildAction.java:291) [org.eclipse.ui.ide_3.17.0.v20200217-1511.jar:?]
	at org.eclipse.core.internal.resources.InternalWorkspaceJob.run(InternalWorkspaceJob.java:42) [org.eclipse.core.resources_3.13.700.v20200209-1624.jar:?]
	at org.eclipse.core.internal.jobs.Worker.run(Worker.java:63) [org.eclipse.core.jobs_3.10.700.v20200106-1020.jar:?]
23:56:36 ERROR : Failed to compute checksum of hardware specification file used by project 'sha_256_test_app'
23:56:36 INFO  : Result from executing command 'getProjects': RemoteSystemsTempFiles;sha256_test_wrapper;sha_256_test_app;sha_256_test_app_system
23:56:36 ERROR : Failed to openhw "C:/Users/maxgr/Projects/Classes/ECE4300/ECE4300-sha256-microblaze/Vitis/sha256_test_wrapper/export/sha256_test_wrapper/hw/sha256_test_wrapper.xsa"
Reason: C:/Users/maxgr/Projects/Classes/ECE4300/ECE4300-sha256-microblaze/Vitis/sha256_test_wrapper/export/sha256_test_wrapper/hw/sha256_test_wrapper.xsa is not available in the current workspace
use 'getprojects' command to see list of available projects in current workspace
23:56:36 INFO  : Result from executing command 'getProjects': RemoteSystemsTempFiles;sha256_test_wrapper;sha_256_test_app;sha_256_test_app_system
23:56:36 ERROR : Failed to openhw "C:/Users/maxgr/Projects/Classes/ECE4300/ECE4300-sha256-microblaze/Vitis/sha256_test_wrapper/export/sha256_test_wrapper/hw/sha256_test_wrapper.xsa"
Reason: C:/Users/maxgr/Projects/Classes/ECE4300/ECE4300-sha256-microblaze/Vitis/sha256_test_wrapper/export/sha256_test_wrapper/hw/sha256_test_wrapper.xsa is not available in the current workspace
use 'getprojects' command to see list of available projects in current workspace
23:56:36 INFO  : Result from executing command 'getProjects': RemoteSystemsTempFiles;sha256_test_wrapper;sha_256_test_app;sha_256_test_app_system
23:56:36 ERROR : Failed to openhw "C:/Users/maxgr/Projects/Classes/ECE4300/ECE4300-sha256-microblaze/Vitis/sha256_test_wrapper/export/sha256_test_wrapper/hw/sha256_test_wrapper.xsa"
Reason: C:/Users/maxgr/Projects/Classes/ECE4300/ECE4300-sha256-microblaze/Vitis/sha256_test_wrapper/export/sha256_test_wrapper/hw/sha256_test_wrapper.xsa is not available in the current workspace
use 'getprojects' command to see list of available projects in current workspace
23:57:44 INFO  : Checking for BSP changes to sync application flags for project 'sha_256_test_app'...
23:57:44 INFO  : Result from executing command 'getProjects': RemoteSystemsTempFiles;sha256_test_wrapper;sha_256_test_app;sha_256_test_app_system
23:57:44 ERROR : Failed to openhw "C:/Users/maxgr/Projects/Classes/ECE4300/ECE4300-sha256-microblaze/Vitis/sha256_test_wrapper/export/sha256_test_wrapper/hw/sha256_test_wrapper.xsa"
Reason: C:/Users/maxgr/Projects/Classes/ECE4300/ECE4300-sha256-microblaze/Vitis/sha256_test_wrapper/export/sha256_test_wrapper/hw/sha256_test_wrapper.xsa is not available in the current workspace
use 'getprojects' command to see list of available projects in current workspace
23:57:44 ERROR : Failed to update application flags from BSP for 'sha_256_test_app'. Reason: null
java.lang.NullPointerException: null
	at com.xilinx.sdx.sw.internal.SDxSwPlatform.<init>(SDxSwPlatform.java:305) ~[com.xilinx.sdx.sw_1.0.0.202310091710.jar:?]
	at com.xilinx.sdx.sw.internal.SDxSwPlatform.create(SDxSwPlatform.java:214) ~[com.xilinx.sdx.sw_1.0.0.202310091710.jar:?]
	at com.xilinx.sdx.sdk.core.util.SdkPlatformHelper.getSwPlatform(SdkPlatformHelper.java:64) ~[com.xilinx.sdx.sdk.core_1.0.0.202310091710.jar:?]
	at com.xilinx.sdx.sdk.core.build.SdkMakefileGenerationListener.getSwPlatform(SdkMakefileGenerationListener.java:160) ~[com.xilinx.sdx.sdk.core_1.0.0.202310091710.jar:?]
	at com.xilinx.sdx.sdk.core.build.SdkMakefileGenerationListener.syncAppFlags(SdkMakefileGenerationListener.java:78) [com.xilinx.sdx.sdk.core_1.0.0.202310091710.jar:?]
	at com.xilinx.sdx.sdk.core.build.SdkMakefileGenerationListener.preMakefileGeneration(SdkMakefileGenerationListener.java:48) [com.xilinx.sdx.sdk.core_1.0.0.202310091710.jar:?]
	at com.xilinx.sdk.managedbuilder.XilinxGnuMakefileGenerator.notifyPreMakefileGenerationListeners(XilinxGnuMakefileGenerator.java:91) [com.xilinx.sdk.managedbuilder_1.0.0.202310091710.jar:?]
	at com.xilinx.sdk.managedbuilder.XilinxGnuMakefileGenerator.generateMakefiles(XilinxGnuMakefileGenerator.java:40) [com.xilinx.sdk.managedbuilder_1.0.0.202310091710.jar:?]
	at org.eclipse.cdt.managedbuilder.internal.core.CommonBuilder.performMakefileGeneration(CommonBuilder.java:1008) [org.eclipse.cdt.managedbuilder.core_8.6.0.201802261533.jar:?]
	at org.eclipse.cdt.managedbuilder.internal.core.CommonBuilder.performPrebuildGeneration(CommonBuilder.java:873) [org.eclipse.cdt.managedbuilder.core_8.6.0.201802261533.jar:?]
	at org.eclipse.cdt.managedbuilder.internal.core.CommonBuilder.build(CommonBuilder.java:748) [org.eclipse.cdt.managedbuilder.core_8.6.0.201802261533.jar:?]
	at org.eclipse.cdt.managedbuilder.internal.core.CommonBuilder.build(CommonBuilder.java:510) [org.eclipse.cdt.managedbuilder.core_8.6.0.201802261533.jar:?]
	at org.eclipse.cdt.managedbuilder.internal.core.CommonBuilder.build(CommonBuilder.java:459) [org.eclipse.cdt.managedbuilder.core_8.6.0.201802261533.jar:?]
	at org.eclipse.core.internal.events.BuildManager$2.run(BuildManager.java:832) [org.eclipse.core.resources_3.13.700.v20200209-1624.jar:?]
	at org.eclipse.core.runtime.SafeRunner.run(SafeRunner.java:45) [org.eclipse.equinox.common_3.11.0.v20200206-0817.jar:?]
	at org.eclipse.core.internal.events.BuildManager.basicBuild(BuildManager.java:220) [org.eclipse.core.resources_3.13.700.v20200209-1624.jar:?]
	at org.eclipse.core.internal.events.BuildManager.basicBuild(BuildManager.java:263) [org.eclipse.core.resources_3.13.700.v20200209-1624.jar:?]
	at org.eclipse.core.internal.events.BuildManager$1.run(BuildManager.java:316) [org.eclipse.core.resources_3.13.700.v20200209-1624.jar:?]
	at org.eclipse.core.runtime.SafeRunner.run(SafeRunner.java:45) [org.eclipse.equinox.common_3.11.0.v20200206-0817.jar:?]
	at org.eclipse.core.internal.events.BuildManager.basicBuild(BuildManager.java:319) [org.eclipse.core.resources_3.13.700.v20200209-1624.jar:?]
	at org.eclipse.core.internal.events.BuildManager.basicBuildLoop(BuildManager.java:371) [org.eclipse.core.resources_3.13.700.v20200209-1624.jar:?]
	at org.eclipse.core.internal.events.BuildManager.build(BuildManager.java:392) [org.eclipse.core.resources_3.13.700.v20200209-1624.jar:?]
	at org.eclipse.core.internal.resources.Workspace.buildInternal(Workspace.java:515) [org.eclipse.core.resources_3.13.700.v20200209-1624.jar:?]
	at org.eclipse.core.internal.resources.Workspace.build(Workspace.java:412) [org.eclipse.core.resources_3.13.700.v20200209-1624.jar:?]
	at org.eclipse.ui.actions.BuildAction$1.runInWorkspace(BuildAction.java:291) [org.eclipse.ui.ide_3.17.0.v20200217-1511.jar:?]
	at org.eclipse.core.internal.resources.InternalWorkspaceJob.run(InternalWorkspaceJob.java:42) [org.eclipse.core.resources_3.13.700.v20200209-1624.jar:?]
	at org.eclipse.core.internal.jobs.Worker.run(Worker.java:63) [org.eclipse.core.jobs_3.10.700.v20200106-1020.jar:?]
23:58:04 INFO  : Checking for BSP changes to sync application flags for project 'sha_256_test_app'...
23:58:04 INFO  : Result from executing command 'getProjects': RemoteSystemsTempFiles;sha256_test_wrapper;sha_256_test_app;sha_256_test_app_system
23:58:04 ERROR : Failed to openhw "C:/Users/maxgr/Projects/Classes/ECE4300/ECE4300-sha256-microblaze/Vitis/sha256_test_wrapper/export/sha256_test_wrapper/hw/sha256_test_wrapper.xsa"
Reason: C:/Users/maxgr/Projects/Classes/ECE4300/ECE4300-sha256-microblaze/Vitis/sha256_test_wrapper/export/sha256_test_wrapper/hw/sha256_test_wrapper.xsa is not available in the current workspace
use 'getprojects' command to see list of available projects in current workspace
23:58:04 ERROR : Failed to update application flags from BSP for 'sha_256_test_app'. Reason: null
java.lang.NullPointerException: null
	at com.xilinx.sdx.sw.internal.SDxSwPlatform.<init>(SDxSwPlatform.java:305) ~[com.xilinx.sdx.sw_1.0.0.202310091710.jar:?]
	at com.xilinx.sdx.sw.internal.SDxSwPlatform.create(SDxSwPlatform.java:214) ~[com.xilinx.sdx.sw_1.0.0.202310091710.jar:?]
	at com.xilinx.sdx.sdk.core.util.SdkPlatformHelper.getSwPlatform(SdkPlatformHelper.java:64) ~[com.xilinx.sdx.sdk.core_1.0.0.202310091710.jar:?]
	at com.xilinx.sdx.sdk.core.build.SdkMakefileGenerationListener.getSwPlatform(SdkMakefileGenerationListener.java:160) ~[com.xilinx.sdx.sdk.core_1.0.0.202310091710.jar:?]
	at com.xilinx.sdx.sdk.core.build.SdkMakefileGenerationListener.syncAppFlags(SdkMakefileGenerationListener.java:78) [com.xilinx.sdx.sdk.core_1.0.0.202310091710.jar:?]
	at com.xilinx.sdx.sdk.core.build.SdkMakefileGenerationListener.preMakefileGeneration(SdkMakefileGenerationListener.java:48) [com.xilinx.sdx.sdk.core_1.0.0.202310091710.jar:?]
	at com.xilinx.sdk.managedbuilder.XilinxGnuMakefileGenerator.notifyPreMakefileGenerationListeners(XilinxGnuMakefileGenerator.java:91) [com.xilinx.sdk.managedbuilder_1.0.0.202310091710.jar:?]
	at com.xilinx.sdk.managedbuilder.XilinxGnuMakefileGenerator.generateMakefiles(XilinxGnuMakefileGenerator.java:40) [com.xilinx.sdk.managedbuilder_1.0.0.202310091710.jar:?]
	at org.eclipse.cdt.managedbuilder.internal.core.CommonBuilder.performMakefileGeneration(CommonBuilder.java:1008) [org.eclipse.cdt.managedbuilder.core_8.6.0.201802261533.jar:?]
	at org.eclipse.cdt.managedbuilder.internal.core.CommonBuilder.performPrebuildGeneration(CommonBuilder.java:873) [org.eclipse.cdt.managedbuilder.core_8.6.0.201802261533.jar:?]
	at org.eclipse.cdt.managedbuilder.internal.core.CommonBuilder.build(CommonBuilder.java:748) [org.eclipse.cdt.managedbuilder.core_8.6.0.201802261533.jar:?]
	at org.eclipse.cdt.managedbuilder.internal.core.CommonBuilder.build(CommonBuilder.java:510) [org.eclipse.cdt.managedbuilder.core_8.6.0.201802261533.jar:?]
	at org.eclipse.cdt.managedbuilder.internal.core.CommonBuilder.build(CommonBuilder.java:459) [org.eclipse.cdt.managedbuilder.core_8.6.0.201802261533.jar:?]
	at org.eclipse.core.internal.events.BuildManager$2.run(BuildManager.java:832) [org.eclipse.core.resources_3.13.700.v20200209-1624.jar:?]
	at org.eclipse.core.runtime.SafeRunner.run(SafeRunner.java:45) [org.eclipse.equinox.common_3.11.0.v20200206-0817.jar:?]
	at org.eclipse.core.internal.events.BuildManager.basicBuild(BuildManager.java:220) [org.eclipse.core.resources_3.13.700.v20200209-1624.jar:?]
	at org.eclipse.core.internal.events.BuildManager.basicBuild(BuildManager.java:263) [org.eclipse.core.resources_3.13.700.v20200209-1624.jar:?]
	at org.eclipse.core.internal.events.BuildManager$1.run(BuildManager.java:316) [org.eclipse.core.resources_3.13.700.v20200209-1624.jar:?]
	at org.eclipse.core.runtime.SafeRunner.run(SafeRunner.java:45) [org.eclipse.equinox.common_3.11.0.v20200206-0817.jar:?]
	at org.eclipse.core.internal.events.BuildManager.basicBuild(BuildManager.java:319) [org.eclipse.core.resources_3.13.700.v20200209-1624.jar:?]
	at org.eclipse.core.internal.events.BuildManager.basicBuildLoop(BuildManager.java:371) [org.eclipse.core.resources_3.13.700.v20200209-1624.jar:?]
	at org.eclipse.core.internal.events.BuildManager.build(BuildManager.java:392) [org.eclipse.core.resources_3.13.700.v20200209-1624.jar:?]
	at org.eclipse.core.internal.resources.Workspace.buildInternal(Workspace.java:515) [org.eclipse.core.resources_3.13.700.v20200209-1624.jar:?]
	at org.eclipse.core.internal.resources.Workspace.build(Workspace.java:412) [org.eclipse.core.resources_3.13.700.v20200209-1624.jar:?]
	at org.eclipse.ui.actions.BuildAction$1.runInWorkspace(BuildAction.java:291) [org.eclipse.ui.ide_3.17.0.v20200217-1511.jar:?]
	at org.eclipse.core.internal.resources.InternalWorkspaceJob.run(InternalWorkspaceJob.java:42) [org.eclipse.core.resources_3.13.700.v20200209-1624.jar:?]
	at org.eclipse.core.internal.jobs.Worker.run(Worker.java:63) [org.eclipse.core.jobs_3.10.700.v20200106-1020.jar:?]
23:58:45 INFO  : Result from executing command 'getProjects': sha256_test_wrapper
23:58:45 INFO  : Result from executing command 'getPlatforms': sha256_test_wrapper|C:/Users/maxgr/Projects/Classes/ECE4300/ECE4300-sha256-microblaze/Vitis/sha256_test_wrapper/export/sha256_test_wrapper/sha256_test_wrapper.xpfm;xilinx_zcu102_base_202320_1|C:/Xilinx/Vitis/2023.2/base_platforms/xilinx_zcu102_base_202320_1/xilinx_zcu102_base_202320_1.xpfm;xilinx_zcu102_base_dfx_202320_1|C:/Xilinx/Vitis/2023.2/base_platforms/xilinx_zcu102_base_dfx_202320_1/xilinx_zcu102_base_dfx_202320_1.xpfm;xilinx_zcu104_base_202320_1|C:/Xilinx/Vitis/2023.2/base_platforms/xilinx_zcu104_base_202320_1/xilinx_zcu104_base_202320_1.xpfm
00:00:35 INFO  : Checking for BSP changes to sync application flags for project 'sha_256_test_app'...
00:00:35 INFO  : Result from executing command 'getProjects': RemoteSystemsTempFiles;sha256_test_wrapper;sha_256_test_app;sha_256_test_app_system
00:00:35 ERROR : Failed to openhw "C:/Users/maxgr/Projects/Classes/ECE4300/ECE4300-sha256-microblaze/Vitis/sha256_test_wrapper/export/sha256_test_wrapper/hw/sha256_test_wrapper.xsa"
Reason: C:/Users/maxgr/Projects/Classes/ECE4300/ECE4300-sha256-microblaze/Vitis/sha256_test_wrapper/export/sha256_test_wrapper/hw/sha256_test_wrapper.xsa is not available in the current workspace
use 'getprojects' command to see list of available projects in current workspace
00:00:35 ERROR : Failed to update application flags from BSP for 'sha_256_test_app'. Reason: null
java.lang.NullPointerException: null
	at com.xilinx.sdx.sw.internal.SDxSwPlatform.<init>(SDxSwPlatform.java:305) ~[com.xilinx.sdx.sw_1.0.0.202310091710.jar:?]
	at com.xilinx.sdx.sw.internal.SDxSwPlatform.create(SDxSwPlatform.java:214) ~[com.xilinx.sdx.sw_1.0.0.202310091710.jar:?]
	at com.xilinx.sdx.sdk.core.util.SdkPlatformHelper.getSwPlatform(SdkPlatformHelper.java:64) ~[com.xilinx.sdx.sdk.core_1.0.0.202310091710.jar:?]
	at com.xilinx.sdx.sdk.core.build.SdkMakefileGenerationListener.getSwPlatform(SdkMakefileGenerationListener.java:160) ~[com.xilinx.sdx.sdk.core_1.0.0.202310091710.jar:?]
	at com.xilinx.sdx.sdk.core.build.SdkMakefileGenerationListener.syncAppFlags(SdkMakefileGenerationListener.java:78) [com.xilinx.sdx.sdk.core_1.0.0.202310091710.jar:?]
	at com.xilinx.sdx.sdk.core.build.SdkMakefileGenerationListener.preMakefileGeneration(SdkMakefileGenerationListener.java:48) [com.xilinx.sdx.sdk.core_1.0.0.202310091710.jar:?]
	at com.xilinx.sdk.managedbuilder.XilinxGnuMakefileGenerator.notifyPreMakefileGenerationListeners(XilinxGnuMakefileGenerator.java:91) [com.xilinx.sdk.managedbuilder_1.0.0.202310091710.jar:?]
	at com.xilinx.sdk.managedbuilder.XilinxGnuMakefileGenerator.generateMakefiles(XilinxGnuMakefileGenerator.java:40) [com.xilinx.sdk.managedbuilder_1.0.0.202310091710.jar:?]
	at org.eclipse.cdt.managedbuilder.internal.core.CommonBuilder.performMakefileGeneration(CommonBuilder.java:1008) [org.eclipse.cdt.managedbuilder.core_8.6.0.201802261533.jar:?]
	at org.eclipse.cdt.managedbuilder.internal.core.CommonBuilder.performPrebuildGeneration(CommonBuilder.java:873) [org.eclipse.cdt.managedbuilder.core_8.6.0.201802261533.jar:?]
	at org.eclipse.cdt.managedbuilder.internal.core.CommonBuilder.build(CommonBuilder.java:748) [org.eclipse.cdt.managedbuilder.core_8.6.0.201802261533.jar:?]
	at org.eclipse.cdt.managedbuilder.internal.core.CommonBuilder.build(CommonBuilder.java:510) [org.eclipse.cdt.managedbuilder.core_8.6.0.201802261533.jar:?]
	at org.eclipse.cdt.managedbuilder.internal.core.CommonBuilder.build(CommonBuilder.java:459) [org.eclipse.cdt.managedbuilder.core_8.6.0.201802261533.jar:?]
	at org.eclipse.core.internal.events.BuildManager$2.run(BuildManager.java:832) [org.eclipse.core.resources_3.13.700.v20200209-1624.jar:?]
	at org.eclipse.core.runtime.SafeRunner.run(SafeRunner.java:45) [org.eclipse.equinox.common_3.11.0.v20200206-0817.jar:?]
	at org.eclipse.core.internal.events.BuildManager.basicBuild(BuildManager.java:220) [org.eclipse.core.resources_3.13.700.v20200209-1624.jar:?]
	at org.eclipse.core.internal.events.BuildManager.basicBuild(BuildManager.java:263) [org.eclipse.core.resources_3.13.700.v20200209-1624.jar:?]
	at org.eclipse.core.internal.events.BuildManager$1.run(BuildManager.java:316) [org.eclipse.core.resources_3.13.700.v20200209-1624.jar:?]
	at org.eclipse.core.runtime.SafeRunner.run(SafeRunner.java:45) [org.eclipse.equinox.common_3.11.0.v20200206-0817.jar:?]
	at org.eclipse.core.internal.events.BuildManager.basicBuild(BuildManager.java:319) [org.eclipse.core.resources_3.13.700.v20200209-1624.jar:?]
	at org.eclipse.core.internal.events.BuildManager.basicBuildLoop(BuildManager.java:371) [org.eclipse.core.resources_3.13.700.v20200209-1624.jar:?]
	at org.eclipse.core.internal.events.BuildManager.build(BuildManager.java:392) [org.eclipse.core.resources_3.13.700.v20200209-1624.jar:?]
	at org.eclipse.core.internal.resources.Workspace.buildInternal(Workspace.java:515) [org.eclipse.core.resources_3.13.700.v20200209-1624.jar:?]
	at org.eclipse.core.internal.resources.Workspace.build(Workspace.java:412) [org.eclipse.core.resources_3.13.700.v20200209-1624.jar:?]
	at org.eclipse.ui.actions.BuildAction$1.runInWorkspace(BuildAction.java:291) [org.eclipse.ui.ide_3.17.0.v20200217-1511.jar:?]
	at org.eclipse.core.internal.resources.InternalWorkspaceJob.run(InternalWorkspaceJob.java:42) [org.eclipse.core.resources_3.13.700.v20200209-1624.jar:?]
	at org.eclipse.core.internal.jobs.Worker.run(Worker.java:63) [org.eclipse.core.jobs_3.10.700.v20200106-1020.jar:?]
00:00:36 ERROR : Failed to compute checksum of hardware specification file used by project 'sha_256_test_app'
00:00:36 INFO  : Result from executing command 'getProjects': RemoteSystemsTempFiles;sha256_test_wrapper;sha_256_test_app;sha_256_test_app_system
00:00:36 ERROR : Failed to openhw "C:/Users/maxgr/Projects/Classes/ECE4300/ECE4300-sha256-microblaze/Vitis/sha256_test_wrapper/export/sha256_test_wrapper/hw/sha256_test_wrapper.xsa"
Reason: C:/Users/maxgr/Projects/Classes/ECE4300/ECE4300-sha256-microblaze/Vitis/sha256_test_wrapper/export/sha256_test_wrapper/hw/sha256_test_wrapper.xsa is not available in the current workspace
use 'getprojects' command to see list of available projects in current workspace
00:00:36 INFO  : Result from executing command 'getProjects': RemoteSystemsTempFiles;sha256_test_wrapper;sha_256_test_app;sha_256_test_app_system
00:00:36 ERROR : Failed to openhw "C:/Users/maxgr/Projects/Classes/ECE4300/ECE4300-sha256-microblaze/Vitis/sha256_test_wrapper/export/sha256_test_wrapper/hw/sha256_test_wrapper.xsa"
Reason: C:/Users/maxgr/Projects/Classes/ECE4300/ECE4300-sha256-microblaze/Vitis/sha256_test_wrapper/export/sha256_test_wrapper/hw/sha256_test_wrapper.xsa is not available in the current workspace
use 'getprojects' command to see list of available projects in current workspace
00:00:36 INFO  : Result from executing command 'getProjects': RemoteSystemsTempFiles;sha256_test_wrapper;sha_256_test_app;sha_256_test_app_system
00:00:36 ERROR : Failed to openhw "C:/Users/maxgr/Projects/Classes/ECE4300/ECE4300-sha256-microblaze/Vitis/sha256_test_wrapper/export/sha256_test_wrapper/hw/sha256_test_wrapper.xsa"
Reason: C:/Users/maxgr/Projects/Classes/ECE4300/ECE4300-sha256-microblaze/Vitis/sha256_test_wrapper/export/sha256_test_wrapper/hw/sha256_test_wrapper.xsa is not available in the current workspace
use 'getprojects' command to see list of available projects in current workspace
00:00:48 INFO  : Checking for BSP changes to sync application flags for project 'sha_256_test_app'...
00:00:48 INFO  : Result from executing command 'getProjects': RemoteSystemsTempFiles;sha256_test_wrapper;sha_256_test_app;sha_256_test_app_system
00:00:48 ERROR : Failed to openhw "C:/Users/maxgr/Projects/Classes/ECE4300/ECE4300-sha256-microblaze/Vitis/sha256_test_wrapper/export/sha256_test_wrapper/hw/sha256_test_wrapper.xsa"
Reason: C:/Users/maxgr/Projects/Classes/ECE4300/ECE4300-sha256-microblaze/Vitis/sha256_test_wrapper/export/sha256_test_wrapper/hw/sha256_test_wrapper.xsa is not available in the current workspace
use 'getprojects' command to see list of available projects in current workspace
00:00:48 ERROR : Failed to update application flags from BSP for 'sha_256_test_app'. Reason: null
java.lang.NullPointerException: null
	at com.xilinx.sdx.sw.internal.SDxSwPlatform.<init>(SDxSwPlatform.java:305) ~[com.xilinx.sdx.sw_1.0.0.202310091710.jar:?]
	at com.xilinx.sdx.sw.internal.SDxSwPlatform.create(SDxSwPlatform.java:214) ~[com.xilinx.sdx.sw_1.0.0.202310091710.jar:?]
	at com.xilinx.sdx.sdk.core.util.SdkPlatformHelper.getSwPlatform(SdkPlatformHelper.java:64) ~[com.xilinx.sdx.sdk.core_1.0.0.202310091710.jar:?]
	at com.xilinx.sdx.sdk.core.build.SdkMakefileGenerationListener.getSwPlatform(SdkMakefileGenerationListener.java:160) ~[com.xilinx.sdx.sdk.core_1.0.0.202310091710.jar:?]
	at com.xilinx.sdx.sdk.core.build.SdkMakefileGenerationListener.syncAppFlags(SdkMakefileGenerationListener.java:78) [com.xilinx.sdx.sdk.core_1.0.0.202310091710.jar:?]
	at com.xilinx.sdx.sdk.core.build.SdkMakefileGenerationListener.preMakefileGeneration(SdkMakefileGenerationListener.java:48) [com.xilinx.sdx.sdk.core_1.0.0.202310091710.jar:?]
	at com.xilinx.sdk.managedbuilder.XilinxGnuMakefileGenerator.notifyPreMakefileGenerationListeners(XilinxGnuMakefileGenerator.java:91) [com.xilinx.sdk.managedbuilder_1.0.0.202310091710.jar:?]
	at com.xilinx.sdk.managedbuilder.XilinxGnuMakefileGenerator.generateMakefiles(XilinxGnuMakefileGenerator.java:40) [com.xilinx.sdk.managedbuilder_1.0.0.202310091710.jar:?]
	at org.eclipse.cdt.managedbuilder.internal.core.CommonBuilder.performMakefileGeneration(CommonBuilder.java:1008) [org.eclipse.cdt.managedbuilder.core_8.6.0.201802261533.jar:?]
	at org.eclipse.cdt.managedbuilder.internal.core.CommonBuilder.performPrebuildGeneration(CommonBuilder.java:873) [org.eclipse.cdt.managedbuilder.core_8.6.0.201802261533.jar:?]
	at org.eclipse.cdt.managedbuilder.internal.core.CommonBuilder.build(CommonBuilder.java:748) [org.eclipse.cdt.managedbuilder.core_8.6.0.201802261533.jar:?]
	at org.eclipse.cdt.managedbuilder.internal.core.CommonBuilder.build(CommonBuilder.java:510) [org.eclipse.cdt.managedbuilder.core_8.6.0.201802261533.jar:?]
	at org.eclipse.cdt.managedbuilder.internal.core.CommonBuilder.build(CommonBuilder.java:459) [org.eclipse.cdt.managedbuilder.core_8.6.0.201802261533.jar:?]
	at org.eclipse.core.internal.events.BuildManager$2.run(BuildManager.java:832) [org.eclipse.core.resources_3.13.700.v20200209-1624.jar:?]
	at org.eclipse.core.runtime.SafeRunner.run(SafeRunner.java:45) [org.eclipse.equinox.common_3.11.0.v20200206-0817.jar:?]
	at org.eclipse.core.internal.events.BuildManager.basicBuild(BuildManager.java:220) [org.eclipse.core.resources_3.13.700.v20200209-1624.jar:?]
	at org.eclipse.core.internal.events.BuildManager.basicBuild(BuildManager.java:263) [org.eclipse.core.resources_3.13.700.v20200209-1624.jar:?]
	at org.eclipse.core.internal.events.BuildManager$1.run(BuildManager.java:316) [org.eclipse.core.resources_3.13.700.v20200209-1624.jar:?]
	at org.eclipse.core.runtime.SafeRunner.run(SafeRunner.java:45) [org.eclipse.equinox.common_3.11.0.v20200206-0817.jar:?]
	at org.eclipse.core.internal.events.BuildManager.basicBuild(BuildManager.java:319) [org.eclipse.core.resources_3.13.700.v20200209-1624.jar:?]
	at org.eclipse.core.internal.events.BuildManager.basicBuildLoop(BuildManager.java:371) [org.eclipse.core.resources_3.13.700.v20200209-1624.jar:?]
	at org.eclipse.core.internal.events.BuildManager.build(BuildManager.java:392) [org.eclipse.core.resources_3.13.700.v20200209-1624.jar:?]
	at org.eclipse.core.internal.resources.Workspace.buildInternal(Workspace.java:515) [org.eclipse.core.resources_3.13.700.v20200209-1624.jar:?]
	at org.eclipse.core.internal.resources.Workspace.build(Workspace.java:412) [org.eclipse.core.resources_3.13.700.v20200209-1624.jar:?]
	at org.eclipse.ui.actions.BuildAction$1.runInWorkspace(BuildAction.java:291) [org.eclipse.ui.ide_3.17.0.v20200217-1511.jar:?]
	at org.eclipse.core.internal.resources.InternalWorkspaceJob.run(InternalWorkspaceJob.java:42) [org.eclipse.core.resources_3.13.700.v20200209-1624.jar:?]
	at org.eclipse.core.internal.jobs.Worker.run(Worker.java:63) [org.eclipse.core.jobs_3.10.700.v20200106-1020.jar:?]
00:00:49 ERROR : Failed to compute checksum of hardware specification file used by project 'sha_256_test_app'
00:00:49 INFO  : Result from executing command 'getProjects': RemoteSystemsTempFiles;sha256_test_wrapper;sha_256_test_app;sha_256_test_app_system
00:00:49 ERROR : Failed to openhw "C:/Users/maxgr/Projects/Classes/ECE4300/ECE4300-sha256-microblaze/Vitis/sha256_test_wrapper/export/sha256_test_wrapper/hw/sha256_test_wrapper.xsa"
Reason: C:/Users/maxgr/Projects/Classes/ECE4300/ECE4300-sha256-microblaze/Vitis/sha256_test_wrapper/export/sha256_test_wrapper/hw/sha256_test_wrapper.xsa is not available in the current workspace
use 'getprojects' command to see list of available projects in current workspace
00:00:49 INFO  : Result from executing command 'getProjects': RemoteSystemsTempFiles;sha256_test_wrapper;sha_256_test_app;sha_256_test_app_system
00:00:49 ERROR : Failed to openhw "C:/Users/maxgr/Projects/Classes/ECE4300/ECE4300-sha256-microblaze/Vitis/sha256_test_wrapper/export/sha256_test_wrapper/hw/sha256_test_wrapper.xsa"
Reason: C:/Users/maxgr/Projects/Classes/ECE4300/ECE4300-sha256-microblaze/Vitis/sha256_test_wrapper/export/sha256_test_wrapper/hw/sha256_test_wrapper.xsa is not available in the current workspace
use 'getprojects' command to see list of available projects in current workspace
00:00:49 INFO  : Result from executing command 'getProjects': RemoteSystemsTempFiles;sha256_test_wrapper;sha_256_test_app;sha_256_test_app_system
00:00:49 ERROR : Failed to openhw "C:/Users/maxgr/Projects/Classes/ECE4300/ECE4300-sha256-microblaze/Vitis/sha256_test_wrapper/export/sha256_test_wrapper/hw/sha256_test_wrapper.xsa"
Reason: C:/Users/maxgr/Projects/Classes/ECE4300/ECE4300-sha256-microblaze/Vitis/sha256_test_wrapper/export/sha256_test_wrapper/hw/sha256_test_wrapper.xsa is not available in the current workspace
use 'getprojects' command to see list of available projects in current workspace
00:02:32 INFO  : Successfully removed platform .
00:03:58 INFO  : Result from executing command 'getProjects': sha256_test_wrapper
00:03:58 INFO  : Result from executing command 'getPlatforms': xilinx_zcu102_base_202320_1|C:/Xilinx/Vitis/2023.2/base_platforms/xilinx_zcu102_base_202320_1/xilinx_zcu102_base_202320_1.xpfm;xilinx_zcu102_base_dfx_202320_1|C:/Xilinx/Vitis/2023.2/base_platforms/xilinx_zcu102_base_dfx_202320_1/xilinx_zcu102_base_dfx_202320_1.xpfm;xilinx_zcu104_base_202320_1|C:/Xilinx/Vitis/2023.2/base_platforms/xilinx_zcu104_base_202320_1/xilinx_zcu104_base_202320_1.xpfm
00:04:02 INFO  : Checking for BSP changes to sync application flags for project 'sha_256_test_app'...
00:18:00 INFO  : Checking for BSP changes to sync application flags for project 'sha_256_test_app'...
00:19:39 INFO  : Checking for BSP changes to sync application flags for project 'sha_256_test_app'...
00:20:33 INFO  : Checking for BSP changes to sync application flags for project 'sha_256_test_app'...
00:20:40 INFO  : Connected to target on host '127.0.0.1' and port '3121'.
00:20:41 INFO  : Jtag cable 'Digilent Nexys A7 -100T 210292BCFFDAA' is selected.
00:20:41 INFO  : 'jtag frequency' command is executed.
00:20:41 INFO  : 'targets -set -filter {jtag_cable_name =~ "Digilent Nexys A7 -100T 210292BCFFDAA" && level==0 && jtag_device_ctx=="jsn-Nexys A7 -100T-210292BCFFDAA-13631093-0"}' command is executed.
00:20:43 INFO  : Device configured successfully with "C:/Users/maxgr/Projects/Classes/ECE4300/ECE4300-sha256-microblaze/Vitis/sha_256_test_app/_ide/bitstream/sha256_test_wrapper.bit"
00:20:43 INFO  : Context for processor 'microblaze_0' is selected.
00:20:43 INFO  : Hardware design and registers information is loaded from 'C:/Users/maxgr/Projects/Classes/ECE4300/ECE4300-sha256-microblaze/Vitis/sha256_test_wrapper/export/sha256_test_wrapper/hw/sha256_test_wrapper.xsa'.
00:20:43 INFO  : 'configparams mdm-detect-bscan-mask 2' command is executed.
00:20:43 INFO  : Context for processor 'microblaze_0' is selected.
00:20:43 INFO  : System reset is completed.
00:20:46 INFO  : 'after 3000' command is executed.
00:20:46 INFO  : Context for processor 'microblaze_0' is selected.
00:20:46 INFO  : The application 'C:/Users/maxgr/Projects/Classes/ECE4300/ECE4300-sha256-microblaze/Vitis/sha_256_test_app/Debug/sha_256_test_app.elf' is downloaded to processor 'microblaze_0'.
00:20:46 INFO  : ----------------XSDB Script----------------
connect -url tcp:127.0.0.1:3121
targets -set -filter {jtag_cable_name =~ "Digilent Nexys A7 -100T 210292BCFFDAA" && level==0 && jtag_device_ctx=="jsn-Nexys A7 -100T-210292BCFFDAA-13631093-0"}
fpga -file C:/Users/maxgr/Projects/Classes/ECE4300/ECE4300-sha256-microblaze/Vitis/sha_256_test_app/_ide/bitstream/sha256_test_wrapper.bit
targets -set -nocase -filter {name =~ "*microblaze*#0" && bscan=="USER2" }
loadhw -hw C:/Users/maxgr/Projects/Classes/ECE4300/ECE4300-sha256-microblaze/Vitis/sha256_test_wrapper/export/sha256_test_wrapper/hw/sha256_test_wrapper.xsa -regs
configparams mdm-detect-bscan-mask 2
targets -set -nocase -filter {name =~ "*microblaze*#0" && bscan=="USER2" }
rst -system
after 3000
targets -set -nocase -filter {name =~ "*microblaze*#0" && bscan=="USER2" }
dow C:/Users/maxgr/Projects/Classes/ECE4300/ECE4300-sha256-microblaze/Vitis/sha_256_test_app/Debug/sha_256_test_app.elf
----------------End of Script----------------

00:20:46 INFO  : Context for processor 'microblaze_0' is selected.
00:20:46 INFO  : 'con' command is executed.
00:20:46 INFO  : ----------------XSDB Script (After Launch)----------------
targets -set -nocase -filter {name =~ "*microblaze*#0" && bscan=="USER2" }
con
----------------End of Script----------------

00:20:46 INFO  : Launch script is exported to file 'C:\Users\maxgr\Projects\Classes\ECE4300\ECE4300-sha256-microblaze\Vitis\sha_256_test_app_system\_ide\scripts\debugger_sha_256_test_app-default.tcl'
00:23:14 INFO  : Disconnected from the channel tcfchan#47.
00:23:49 INFO  : Connected to target on host '127.0.0.1' and port '3121'.
00:23:49 INFO  : Jtag cable 'Digilent Nexys A7 -100T 210292BCFFDAA' is selected.
00:23:49 INFO  : 'jtag frequency' command is executed.
00:23:49 INFO  : 'targets -set -filter {jtag_cable_name =~ "Digilent Nexys A7 -100T 210292BCFFDAA" && level==0 && jtag_device_ctx=="jsn-Nexys A7 -100T-210292BCFFDAA-13631093-0"}' command is executed.
00:23:51 INFO  : Device configured successfully with "C:/Users/maxgr/Projects/Classes/ECE4300/ECE4300-sha256-microblaze/Vitis/sha_256_test_app/_ide/bitstream/sha256_test_wrapper.bit"
00:23:51 INFO  : Context for processor 'microblaze_0' is selected.
00:23:51 INFO  : Hardware design and registers information is loaded from 'C:/Users/maxgr/Projects/Classes/ECE4300/ECE4300-sha256-microblaze/Vitis/sha256_test_wrapper/export/sha256_test_wrapper/hw/sha256_test_wrapper.xsa'.
00:23:51 INFO  : 'configparams mdm-detect-bscan-mask 2' command is executed.
00:23:51 INFO  : Context for processor 'microblaze_0' is selected.
00:23:51 INFO  : System reset is completed.
00:23:54 INFO  : 'after 3000' command is executed.
00:23:54 INFO  : Context for processor 'microblaze_0' is selected.
00:23:54 INFO  : The application 'C:/Users/maxgr/Projects/Classes/ECE4300/ECE4300-sha256-microblaze/Vitis/sha_256_test_app/Debug/sha_256_test_app.elf' is downloaded to processor 'microblaze_0'.
00:23:54 INFO  : ----------------XSDB Script----------------
connect -url tcp:127.0.0.1:3121
targets -set -filter {jtag_cable_name =~ "Digilent Nexys A7 -100T 210292BCFFDAA" && level==0 && jtag_device_ctx=="jsn-Nexys A7 -100T-210292BCFFDAA-13631093-0"}
fpga -file C:/Users/maxgr/Projects/Classes/ECE4300/ECE4300-sha256-microblaze/Vitis/sha_256_test_app/_ide/bitstream/sha256_test_wrapper.bit
targets -set -nocase -filter {name =~ "*microblaze*#0" && bscan=="USER2" }
loadhw -hw C:/Users/maxgr/Projects/Classes/ECE4300/ECE4300-sha256-microblaze/Vitis/sha256_test_wrapper/export/sha256_test_wrapper/hw/sha256_test_wrapper.xsa -regs
configparams mdm-detect-bscan-mask 2
targets -set -nocase -filter {name =~ "*microblaze*#0" && bscan=="USER2" }
rst -system
after 3000
targets -set -nocase -filter {name =~ "*microblaze*#0" && bscan=="USER2" }
dow C:/Users/maxgr/Projects/Classes/ECE4300/ECE4300-sha256-microblaze/Vitis/sha_256_test_app/Debug/sha_256_test_app.elf
----------------End of Script----------------

00:23:55 INFO  : Context for processor 'microblaze_0' is selected.
00:23:55 INFO  : 'con' command is executed.
00:23:55 INFO  : ----------------XSDB Script (After Launch)----------------
targets -set -nocase -filter {name =~ "*microblaze*#0" && bscan=="USER2" }
con
----------------End of Script----------------

00:23:55 INFO  : Launch script is exported to file 'C:\Users\maxgr\Projects\Classes\ECE4300\ECE4300-sha256-microblaze\Vitis\sha_256_test_app_system\_ide\scripts\debugger_sha_256_test_app-default.tcl'
00:24:00 INFO  : Disconnected from the channel tcfchan#48.
00:24:22 INFO  : Checking for BSP changes to sync application flags for project 'sha_256_test_app'...
00:24:28 INFO  : Connected to target on host '127.0.0.1' and port '3121'.
00:24:29 INFO  : Jtag cable 'Digilent Nexys A7 -100T 210292BCFFDAA' is selected.
00:24:29 INFO  : 'jtag frequency' command is executed.
00:24:29 INFO  : 'targets -set -filter {jtag_cable_name =~ "Digilent Nexys A7 -100T 210292BCFFDAA" && level==0 && jtag_device_ctx=="jsn-Nexys A7 -100T-210292BCFFDAA-13631093-0"}' command is executed.
00:24:31 INFO  : Device configured successfully with "C:/Users/maxgr/Projects/Classes/ECE4300/ECE4300-sha256-microblaze/Vitis/sha_256_test_app/_ide/bitstream/sha256_test_wrapper.bit"
00:24:31 INFO  : Context for processor 'microblaze_0' is selected.
00:24:31 INFO  : Hardware design and registers information is loaded from 'C:/Users/maxgr/Projects/Classes/ECE4300/ECE4300-sha256-microblaze/Vitis/sha256_test_wrapper/export/sha256_test_wrapper/hw/sha256_test_wrapper.xsa'.
00:24:31 INFO  : 'configparams mdm-detect-bscan-mask 2' command is executed.
00:24:31 INFO  : Context for processor 'microblaze_0' is selected.
00:24:31 INFO  : System reset is completed.
00:24:34 INFO  : 'after 3000' command is executed.
00:24:34 INFO  : Context for processor 'microblaze_0' is selected.
00:24:34 INFO  : The application 'C:/Users/maxgr/Projects/Classes/ECE4300/ECE4300-sha256-microblaze/Vitis/sha_256_test_app/Debug/sha_256_test_app.elf' is downloaded to processor 'microblaze_0'.
00:24:34 INFO  : ----------------XSDB Script----------------
connect -url tcp:127.0.0.1:3121
targets -set -filter {jtag_cable_name =~ "Digilent Nexys A7 -100T 210292BCFFDAA" && level==0 && jtag_device_ctx=="jsn-Nexys A7 -100T-210292BCFFDAA-13631093-0"}
fpga -file C:/Users/maxgr/Projects/Classes/ECE4300/ECE4300-sha256-microblaze/Vitis/sha_256_test_app/_ide/bitstream/sha256_test_wrapper.bit
targets -set -nocase -filter {name =~ "*microblaze*#0" && bscan=="USER2" }
loadhw -hw C:/Users/maxgr/Projects/Classes/ECE4300/ECE4300-sha256-microblaze/Vitis/sha256_test_wrapper/export/sha256_test_wrapper/hw/sha256_test_wrapper.xsa -regs
configparams mdm-detect-bscan-mask 2
targets -set -nocase -filter {name =~ "*microblaze*#0" && bscan=="USER2" }
rst -system
after 3000
targets -set -nocase -filter {name =~ "*microblaze*#0" && bscan=="USER2" }
dow C:/Users/maxgr/Projects/Classes/ECE4300/ECE4300-sha256-microblaze/Vitis/sha_256_test_app/Debug/sha_256_test_app.elf
----------------End of Script----------------

00:24:34 INFO  : Context for processor 'microblaze_0' is selected.
00:24:34 INFO  : 'con' command is executed.
00:24:34 INFO  : ----------------XSDB Script (After Launch)----------------
targets -set -nocase -filter {name =~ "*microblaze*#0" && bscan=="USER2" }
con
----------------End of Script----------------

00:24:34 INFO  : Launch script is exported to file 'C:\Users\maxgr\Projects\Classes\ECE4300\ECE4300-sha256-microblaze\Vitis\sha_256_test_app_system\_ide\scripts\debugger_sha_256_test_app-default.tcl'
00:26:32 INFO  : Disconnected from the channel tcfchan#49.
00:26:33 INFO  : Checking for BSP changes to sync application flags for project 'sha_256_test_app'...
00:26:52 INFO  : Checking for BSP changes to sync application flags for project 'sha_256_test_app'...
00:27:09 INFO  : Checking for BSP changes to sync application flags for project 'sha_256_test_app'...
00:27:16 INFO  : Checking for BSP changes to sync application flags for project 'sha_256_test_app'...
00:27:26 INFO  : Checking for BSP changes to sync application flags for project 'sha_256_test_app'...
00:27:30 INFO  : Connected to target on host '127.0.0.1' and port '3121'.
00:27:31 INFO  : Jtag cable 'Digilent Nexys A7 -100T 210292BCFFDAA' is selected.
00:27:31 INFO  : 'jtag frequency' command is executed.
00:27:31 INFO  : 'targets -set -filter {jtag_cable_name =~ "Digilent Nexys A7 -100T 210292BCFFDAA" && level==0 && jtag_device_ctx=="jsn-Nexys A7 -100T-210292BCFFDAA-13631093-0"}' command is executed.
00:27:33 INFO  : Device configured successfully with "C:/Users/maxgr/Projects/Classes/ECE4300/ECE4300-sha256-microblaze/Vitis/sha_256_test_app/_ide/bitstream/sha256_test_wrapper.bit"
00:27:33 INFO  : Context for processor 'microblaze_0' is selected.
00:27:33 INFO  : Hardware design and registers information is loaded from 'C:/Users/maxgr/Projects/Classes/ECE4300/ECE4300-sha256-microblaze/Vitis/sha256_test_wrapper/export/sha256_test_wrapper/hw/sha256_test_wrapper.xsa'.
00:27:33 INFO  : 'configparams mdm-detect-bscan-mask 2' command is executed.
00:27:33 INFO  : Context for processor 'microblaze_0' is selected.
00:27:33 INFO  : System reset is completed.
00:27:36 INFO  : 'after 3000' command is executed.
00:27:36 INFO  : Context for processor 'microblaze_0' is selected.
00:27:36 INFO  : The application 'C:/Users/maxgr/Projects/Classes/ECE4300/ECE4300-sha256-microblaze/Vitis/sha_256_test_app/Debug/sha_256_test_app.elf' is downloaded to processor 'microblaze_0'.
00:27:36 INFO  : ----------------XSDB Script----------------
connect -url tcp:127.0.0.1:3121
targets -set -filter {jtag_cable_name =~ "Digilent Nexys A7 -100T 210292BCFFDAA" && level==0 && jtag_device_ctx=="jsn-Nexys A7 -100T-210292BCFFDAA-13631093-0"}
fpga -file C:/Users/maxgr/Projects/Classes/ECE4300/ECE4300-sha256-microblaze/Vitis/sha_256_test_app/_ide/bitstream/sha256_test_wrapper.bit
targets -set -nocase -filter {name =~ "*microblaze*#0" && bscan=="USER2" }
loadhw -hw C:/Users/maxgr/Projects/Classes/ECE4300/ECE4300-sha256-microblaze/Vitis/sha256_test_wrapper/export/sha256_test_wrapper/hw/sha256_test_wrapper.xsa -regs
configparams mdm-detect-bscan-mask 2
targets -set -nocase -filter {name =~ "*microblaze*#0" && bscan=="USER2" }
rst -system
after 3000
targets -set -nocase -filter {name =~ "*microblaze*#0" && bscan=="USER2" }
dow C:/Users/maxgr/Projects/Classes/ECE4300/ECE4300-sha256-microblaze/Vitis/sha_256_test_app/Debug/sha_256_test_app.elf
----------------End of Script----------------

00:27:36 INFO  : Context for processor 'microblaze_0' is selected.
00:27:36 INFO  : 'con' command is executed.
00:27:36 INFO  : ----------------XSDB Script (After Launch)----------------
targets -set -nocase -filter {name =~ "*microblaze*#0" && bscan=="USER2" }
con
----------------End of Script----------------

00:27:36 INFO  : Launch script is exported to file 'C:\Users\maxgr\Projects\Classes\ECE4300\ECE4300-sha256-microblaze\Vitis\sha_256_test_app_system\_ide\scripts\debugger_sha_256_test_app-default.tcl'
00:52:56 INFO  : Disconnected from the channel tcfchan#50.
00:52:58 INFO  : Connected to target on host '127.0.0.1' and port '3121'.
00:52:58 INFO  : Jtag cable 'Digilent Nexys A7 -100T 210292BCFFDAA' is selected.
00:52:58 INFO  : 'jtag frequency' command is executed.
00:52:58 INFO  : 'targets -set -filter {jtag_cable_name =~ "Digilent Nexys A7 -100T 210292BCFFDAA" && level==0 && jtag_device_ctx=="jsn-Nexys A7 -100T-210292BCFFDAA-13631093-0"}' command is executed.
00:53:00 INFO  : Device configured successfully with "C:/Users/maxgr/Projects/Classes/ECE4300/ECE4300-sha256-microblaze/Vitis/sha_256_test_app/_ide/bitstream/sha256_test_wrapper.bit"
00:53:00 INFO  : Context for processor 'microblaze_0' is selected.
00:53:00 INFO  : Hardware design and registers information is loaded from 'C:/Users/maxgr/Projects/Classes/ECE4300/ECE4300-sha256-microblaze/Vitis/sha256_test_wrapper/export/sha256_test_wrapper/hw/sha256_test_wrapper.xsa'.
00:53:00 INFO  : 'configparams mdm-detect-bscan-mask 2' command is executed.
00:53:00 INFO  : Context for processor 'microblaze_0' is selected.
00:53:00 INFO  : System reset is completed.
00:53:04 INFO  : 'after 3000' command is executed.
00:53:04 INFO  : Context for processor 'microblaze_0' is selected.
00:53:04 INFO  : The application 'C:/Users/maxgr/Projects/Classes/ECE4300/ECE4300-sha256-microblaze/Vitis/sha_256_test_app/Debug/sha_256_test_app.elf' is downloaded to processor 'microblaze_0'.
00:53:04 INFO  : ----------------XSDB Script----------------
connect -url tcp:127.0.0.1:3121
targets -set -filter {jtag_cable_name =~ "Digilent Nexys A7 -100T 210292BCFFDAA" && level==0 && jtag_device_ctx=="jsn-Nexys A7 -100T-210292BCFFDAA-13631093-0"}
fpga -file C:/Users/maxgr/Projects/Classes/ECE4300/ECE4300-sha256-microblaze/Vitis/sha_256_test_app/_ide/bitstream/sha256_test_wrapper.bit
targets -set -nocase -filter {name =~ "*microblaze*#0" && bscan=="USER2" }
loadhw -hw C:/Users/maxgr/Projects/Classes/ECE4300/ECE4300-sha256-microblaze/Vitis/sha256_test_wrapper/export/sha256_test_wrapper/hw/sha256_test_wrapper.xsa -regs
configparams mdm-detect-bscan-mask 2
targets -set -nocase -filter {name =~ "*microblaze*#0" && bscan=="USER2" }
rst -system
after 3000
targets -set -nocase -filter {name =~ "*microblaze*#0" && bscan=="USER2" }
dow C:/Users/maxgr/Projects/Classes/ECE4300/ECE4300-sha256-microblaze/Vitis/sha_256_test_app/Debug/sha_256_test_app.elf
----------------End of Script----------------

00:53:04 INFO  : Context for processor 'microblaze_0' is selected.
00:53:04 INFO  : 'con' command is executed.
00:53:04 INFO  : ----------------XSDB Script (After Launch)----------------
targets -set -nocase -filter {name =~ "*microblaze*#0" && bscan=="USER2" }
con
----------------End of Script----------------

00:53:04 INFO  : Launch script is exported to file 'C:\Users\maxgr\Projects\Classes\ECE4300\ECE4300-sha256-microblaze\Vitis\sha_256_test_app_system\_ide\scripts\debugger_sha_256_test_app-default.tcl'
00:53:30 INFO  : Disconnected from the channel tcfchan#51.
00:53:37 INFO  : Connected to target on host '127.0.0.1' and port '3121'.
00:53:37 INFO  : Jtag cable 'Digilent Nexys A7 -100T 210292BCFFDAA' is selected.
00:53:37 INFO  : 'jtag frequency' command is executed.
00:53:37 INFO  : 'targets -set -filter {jtag_cable_name =~ "Digilent Nexys A7 -100T 210292BCFFDAA" && level==0 && jtag_device_ctx=="jsn-Nexys A7 -100T-210292BCFFDAA-13631093-0"}' command is executed.
00:53:39 INFO  : Device configured successfully with "C:/Users/maxgr/Projects/Classes/ECE4300/ECE4300-sha256-microblaze/Vitis/sha_256_test_app/_ide/bitstream/sha256_test_wrapper.bit"
00:53:39 INFO  : Context for processor 'microblaze_0' is selected.
00:53:39 INFO  : Hardware design and registers information is loaded from 'C:/Users/maxgr/Projects/Classes/ECE4300/ECE4300-sha256-microblaze/Vitis/sha256_test_wrapper/export/sha256_test_wrapper/hw/sha256_test_wrapper.xsa'.
00:53:39 INFO  : 'configparams mdm-detect-bscan-mask 2' command is executed.
00:53:39 INFO  : Context for processor 'microblaze_0' is selected.
00:53:39 INFO  : System reset is completed.
00:53:42 INFO  : 'after 3000' command is executed.
00:53:42 INFO  : Context for processor 'microblaze_0' is selected.
00:53:42 INFO  : The application 'C:/Users/maxgr/Projects/Classes/ECE4300/ECE4300-sha256-microblaze/Vitis/sha_256_test_app/Debug/sha_256_test_app.elf' is downloaded to processor 'microblaze_0'.
00:53:42 INFO  : ----------------XSDB Script----------------
connect -url tcp:127.0.0.1:3121
targets -set -filter {jtag_cable_name =~ "Digilent Nexys A7 -100T 210292BCFFDAA" && level==0 && jtag_device_ctx=="jsn-Nexys A7 -100T-210292BCFFDAA-13631093-0"}
fpga -file C:/Users/maxgr/Projects/Classes/ECE4300/ECE4300-sha256-microblaze/Vitis/sha_256_test_app/_ide/bitstream/sha256_test_wrapper.bit
targets -set -nocase -filter {name =~ "*microblaze*#0" && bscan=="USER2" }
loadhw -hw C:/Users/maxgr/Projects/Classes/ECE4300/ECE4300-sha256-microblaze/Vitis/sha256_test_wrapper/export/sha256_test_wrapper/hw/sha256_test_wrapper.xsa -regs
configparams mdm-detect-bscan-mask 2
targets -set -nocase -filter {name =~ "*microblaze*#0" && bscan=="USER2" }
rst -system
after 3000
targets -set -nocase -filter {name =~ "*microblaze*#0" && bscan=="USER2" }
dow C:/Users/maxgr/Projects/Classes/ECE4300/ECE4300-sha256-microblaze/Vitis/sha_256_test_app/Debug/sha_256_test_app.elf
----------------End of Script----------------

00:53:42 INFO  : Context for processor 'microblaze_0' is selected.
00:53:43 INFO  : 'con' command is executed.
00:53:43 INFO  : ----------------XSDB Script (After Launch)----------------
targets -set -nocase -filter {name =~ "*microblaze*#0" && bscan=="USER2" }
con
----------------End of Script----------------

00:53:43 INFO  : Launch script is exported to file 'C:\Users\maxgr\Projects\Classes\ECE4300\ECE4300-sha256-microblaze\Vitis\sha_256_test_app_system\_ide\scripts\debugger_sha_256_test_app-default.tcl'
00:53:58 INFO  : Disconnected from the channel tcfchan#52.
00:54:02 INFO  : Checking for BSP changes to sync application flags for project 'sha_256_test_app'...
00:54:10 INFO  : Connected to target on host '127.0.0.1' and port '3121'.
00:54:11 INFO  : Jtag cable 'Digilent Nexys A7 -100T 210292BCFFDAA' is selected.
00:54:11 INFO  : 'jtag frequency' command is executed.
00:54:11 INFO  : 'targets -set -filter {jtag_cable_name =~ "Digilent Nexys A7 -100T 210292BCFFDAA" && level==0 && jtag_device_ctx=="jsn-Nexys A7 -100T-210292BCFFDAA-13631093-0"}' command is executed.
00:54:13 INFO  : Device configured successfully with "C:/Users/maxgr/Projects/Classes/ECE4300/ECE4300-sha256-microblaze/Vitis/sha_256_test_app/_ide/bitstream/sha256_test_wrapper.bit"
00:54:13 INFO  : Context for processor 'microblaze_0' is selected.
00:54:13 INFO  : Hardware design and registers information is loaded from 'C:/Users/maxgr/Projects/Classes/ECE4300/ECE4300-sha256-microblaze/Vitis/sha256_test_wrapper/export/sha256_test_wrapper/hw/sha256_test_wrapper.xsa'.
00:54:13 INFO  : 'configparams mdm-detect-bscan-mask 2' command is executed.
00:54:13 INFO  : Context for processor 'microblaze_0' is selected.
00:54:13 INFO  : System reset is completed.
00:54:16 INFO  : 'after 3000' command is executed.
00:54:16 INFO  : Context for processor 'microblaze_0' is selected.
00:54:16 INFO  : The application 'C:/Users/maxgr/Projects/Classes/ECE4300/ECE4300-sha256-microblaze/Vitis/sha_256_test_app/Debug/sha_256_test_app.elf' is downloaded to processor 'microblaze_0'.
00:54:16 INFO  : ----------------XSDB Script----------------
connect -url tcp:127.0.0.1:3121
targets -set -filter {jtag_cable_name =~ "Digilent Nexys A7 -100T 210292BCFFDAA" && level==0 && jtag_device_ctx=="jsn-Nexys A7 -100T-210292BCFFDAA-13631093-0"}
fpga -file C:/Users/maxgr/Projects/Classes/ECE4300/ECE4300-sha256-microblaze/Vitis/sha_256_test_app/_ide/bitstream/sha256_test_wrapper.bit
targets -set -nocase -filter {name =~ "*microblaze*#0" && bscan=="USER2" }
loadhw -hw C:/Users/maxgr/Projects/Classes/ECE4300/ECE4300-sha256-microblaze/Vitis/sha256_test_wrapper/export/sha256_test_wrapper/hw/sha256_test_wrapper.xsa -regs
configparams mdm-detect-bscan-mask 2
targets -set -nocase -filter {name =~ "*microblaze*#0" && bscan=="USER2" }
rst -system
after 3000
targets -set -nocase -filter {name =~ "*microblaze*#0" && bscan=="USER2" }
dow C:/Users/maxgr/Projects/Classes/ECE4300/ECE4300-sha256-microblaze/Vitis/sha_256_test_app/Debug/sha_256_test_app.elf
----------------End of Script----------------

00:54:16 INFO  : Context for processor 'microblaze_0' is selected.
00:54:16 INFO  : 'con' command is executed.
00:54:16 INFO  : ----------------XSDB Script (After Launch)----------------
targets -set -nocase -filter {name =~ "*microblaze*#0" && bscan=="USER2" }
con
----------------End of Script----------------

00:54:16 INFO  : Launch script is exported to file 'C:\Users\maxgr\Projects\Classes\ECE4300\ECE4300-sha256-microblaze\Vitis\sha_256_test_app_system\_ide\scripts\debugger_sha_256_test_app-default.tcl'
00:54:41 INFO  : Disconnected from the channel tcfchan#53.
00:54:42 INFO  : Connected to target on host '127.0.0.1' and port '3121'.
00:54:43 INFO  : Jtag cable 'Digilent Nexys A7 -100T 210292BCFFDAA' is selected.
00:54:43 INFO  : 'jtag frequency' command is executed.
00:54:43 INFO  : 'targets -set -filter {jtag_cable_name =~ "Digilent Nexys A7 -100T 210292BCFFDAA" && level==0 && jtag_device_ctx=="jsn-Nexys A7 -100T-210292BCFFDAA-13631093-0"}' command is executed.
00:54:45 INFO  : Device configured successfully with "C:/Users/maxgr/Projects/Classes/ECE4300/ECE4300-sha256-microblaze/Vitis/sha_256_test_app/_ide/bitstream/sha256_test_wrapper.bit"
00:54:45 INFO  : Context for processor 'microblaze_0' is selected.
00:54:45 INFO  : Hardware design and registers information is loaded from 'C:/Users/maxgr/Projects/Classes/ECE4300/ECE4300-sha256-microblaze/Vitis/sha256_test_wrapper/export/sha256_test_wrapper/hw/sha256_test_wrapper.xsa'.
00:54:45 INFO  : 'configparams mdm-detect-bscan-mask 2' command is executed.
00:54:45 INFO  : Context for processor 'microblaze_0' is selected.
00:54:45 INFO  : System reset is completed.
00:54:48 INFO  : 'after 3000' command is executed.
00:54:48 INFO  : Context for processor 'microblaze_0' is selected.
00:54:48 INFO  : The application 'C:/Users/maxgr/Projects/Classes/ECE4300/ECE4300-sha256-microblaze/Vitis/sha_256_test_app/Debug/sha_256_test_app.elf' is downloaded to processor 'microblaze_0'.
00:54:48 INFO  : ----------------XSDB Script----------------
connect -url tcp:127.0.0.1:3121
targets -set -filter {jtag_cable_name =~ "Digilent Nexys A7 -100T 210292BCFFDAA" && level==0 && jtag_device_ctx=="jsn-Nexys A7 -100T-210292BCFFDAA-13631093-0"}
fpga -file C:/Users/maxgr/Projects/Classes/ECE4300/ECE4300-sha256-microblaze/Vitis/sha_256_test_app/_ide/bitstream/sha256_test_wrapper.bit
targets -set -nocase -filter {name =~ "*microblaze*#0" && bscan=="USER2" }
loadhw -hw C:/Users/maxgr/Projects/Classes/ECE4300/ECE4300-sha256-microblaze/Vitis/sha256_test_wrapper/export/sha256_test_wrapper/hw/sha256_test_wrapper.xsa -regs
configparams mdm-detect-bscan-mask 2
targets -set -nocase -filter {name =~ "*microblaze*#0" && bscan=="USER2" }
rst -system
after 3000
targets -set -nocase -filter {name =~ "*microblaze*#0" && bscan=="USER2" }
dow C:/Users/maxgr/Projects/Classes/ECE4300/ECE4300-sha256-microblaze/Vitis/sha_256_test_app/Debug/sha_256_test_app.elf
----------------End of Script----------------

00:54:48 INFO  : Context for processor 'microblaze_0' is selected.
00:54:48 INFO  : 'con' command is executed.
00:54:48 INFO  : ----------------XSDB Script (After Launch)----------------
targets -set -nocase -filter {name =~ "*microblaze*#0" && bscan=="USER2" }
con
----------------End of Script----------------

00:54:48 INFO  : Launch script is exported to file 'C:\Users\maxgr\Projects\Classes\ECE4300\ECE4300-sha256-microblaze\Vitis\sha_256_test_app_system\_ide\scripts\debugger_sha_256_test_app-default.tcl'
00:55:26 INFO  : Checking for BSP changes to sync application flags for project 'sha_256_test_app'...
00:55:47 INFO  : Disconnected from the channel tcfchan#54.
00:55:48 INFO  : Connected to target on host '127.0.0.1' and port '3121'.
00:55:57 INFO  : ----------------XSDB Script----------------
connect -url tcp:127.0.0.1:3121
----------------End of Script----------------

00:55:57 ERROR : Could not find FPGA device on the board for connection 'Local'.


Troubleshooting hints:
1. Check whether board is connected to system properly.
2. In case of zynq board, check whether Digilent/Xilinx cable switch settings are correct.
3. If you are using Xilinx Platform Cable USB, ensure that status LED is green.
00:56:00 INFO  : Connected to target on host '127.0.0.1' and port '3121'.
00:56:00 INFO  : Jtag cable 'Digilent Nexys A7 -100T 210292BCFFDAA' is selected.
00:56:00 INFO  : 'jtag frequency' command is executed.
00:56:00 INFO  : 'targets -set -filter {jtag_cable_name =~ "Digilent Nexys A7 -100T 210292BCFFDAA" && level==0 && jtag_device_ctx=="jsn-Nexys A7 -100T-210292BCFFDAA-13631093-0"}' command is executed.
00:56:02 INFO  : Device configured successfully with "C:/Users/maxgr/Projects/Classes/ECE4300/ECE4300-sha256-microblaze/Vitis/sha_256_test_app/_ide/bitstream/sha256_test_wrapper.bit"
00:56:02 INFO  : Context for processor 'microblaze_0' is selected.
00:56:02 INFO  : Hardware design and registers information is loaded from 'C:/Users/maxgr/Projects/Classes/ECE4300/ECE4300-sha256-microblaze/Vitis/sha256_test_wrapper/export/sha256_test_wrapper/hw/sha256_test_wrapper.xsa'.
00:56:02 INFO  : 'configparams mdm-detect-bscan-mask 2' command is executed.
00:56:02 INFO  : Context for processor 'microblaze_0' is selected.
00:56:02 INFO  : System reset is completed.
00:56:05 INFO  : 'after 3000' command is executed.
00:56:05 INFO  : Context for processor 'microblaze_0' is selected.
00:56:05 INFO  : The application 'C:/Users/maxgr/Projects/Classes/ECE4300/ECE4300-sha256-microblaze/Vitis/sha_256_test_app/Debug/sha_256_test_app.elf' is downloaded to processor 'microblaze_0'.
00:56:05 INFO  : ----------------XSDB Script----------------
connect -url tcp:127.0.0.1:3121
targets -set -filter {jtag_cable_name =~ "Digilent Nexys A7 -100T 210292BCFFDAA" && level==0 && jtag_device_ctx=="jsn-Nexys A7 -100T-210292BCFFDAA-13631093-0"}
fpga -file C:/Users/maxgr/Projects/Classes/ECE4300/ECE4300-sha256-microblaze/Vitis/sha_256_test_app/_ide/bitstream/sha256_test_wrapper.bit
targets -set -nocase -filter {name =~ "*microblaze*#0" && bscan=="USER2" }
loadhw -hw C:/Users/maxgr/Projects/Classes/ECE4300/ECE4300-sha256-microblaze/Vitis/sha256_test_wrapper/export/sha256_test_wrapper/hw/sha256_test_wrapper.xsa -regs
configparams mdm-detect-bscan-mask 2
targets -set -nocase -filter {name =~ "*microblaze*#0" && bscan=="USER2" }
rst -system
after 3000
targets -set -nocase -filter {name =~ "*microblaze*#0" && bscan=="USER2" }
dow C:/Users/maxgr/Projects/Classes/ECE4300/ECE4300-sha256-microblaze/Vitis/sha_256_test_app/Debug/sha_256_test_app.elf
----------------End of Script----------------

00:56:05 INFO  : Context for processor 'microblaze_0' is selected.
00:56:05 INFO  : 'con' command is executed.
00:56:05 INFO  : ----------------XSDB Script (After Launch)----------------
targets -set -nocase -filter {name =~ "*microblaze*#0" && bscan=="USER2" }
con
----------------End of Script----------------

00:56:05 INFO  : Launch script is exported to file 'C:\Users\maxgr\Projects\Classes\ECE4300\ECE4300-sha256-microblaze\Vitis\sha_256_test_app_system\_ide\scripts\debugger_sha_256_test_app-default.tcl'
00:56:11 INFO  : Disconnected from the channel tcfchan#55.
00:56:16 INFO  : Connected to target on host '127.0.0.1' and port '3121'.
00:56:16 INFO  : Jtag cable 'Digilent Nexys A7 -100T 210292BCFFDAA' is selected.
00:56:16 INFO  : 'jtag frequency' command is executed.
00:56:16 INFO  : 'targets -set -filter {jtag_cable_name =~ "Digilent Nexys A7 -100T 210292BCFFDAA" && level==0 && jtag_device_ctx=="jsn-Nexys A7 -100T-210292BCFFDAA-13631093-0"}' command is executed.
00:56:18 INFO  : Device configured successfully with "C:/Users/maxgr/Projects/Classes/ECE4300/ECE4300-sha256-microblaze/Vitis/sha_256_test_app/_ide/bitstream/sha256_test_wrapper.bit"
00:56:18 INFO  : Context for processor 'microblaze_0' is selected.
00:56:18 INFO  : Hardware design and registers information is loaded from 'C:/Users/maxgr/Projects/Classes/ECE4300/ECE4300-sha256-microblaze/Vitis/sha256_test_wrapper/export/sha256_test_wrapper/hw/sha256_test_wrapper.xsa'.
00:56:18 INFO  : 'configparams mdm-detect-bscan-mask 2' command is executed.
00:56:18 INFO  : Context for processor 'microblaze_0' is selected.
00:56:18 INFO  : System reset is completed.
00:56:21 INFO  : 'after 3000' command is executed.
00:56:21 INFO  : Context for processor 'microblaze_0' is selected.
00:56:21 INFO  : The application 'C:/Users/maxgr/Projects/Classes/ECE4300/ECE4300-sha256-microblaze/Vitis/sha_256_test_app/Debug/sha_256_test_app.elf' is downloaded to processor 'microblaze_0'.
00:56:21 INFO  : ----------------XSDB Script----------------
connect -url tcp:127.0.0.1:3121
targets -set -filter {jtag_cable_name =~ "Digilent Nexys A7 -100T 210292BCFFDAA" && level==0 && jtag_device_ctx=="jsn-Nexys A7 -100T-210292BCFFDAA-13631093-0"}
fpga -file C:/Users/maxgr/Projects/Classes/ECE4300/ECE4300-sha256-microblaze/Vitis/sha_256_test_app/_ide/bitstream/sha256_test_wrapper.bit
targets -set -nocase -filter {name =~ "*microblaze*#0" && bscan=="USER2" }
loadhw -hw C:/Users/maxgr/Projects/Classes/ECE4300/ECE4300-sha256-microblaze/Vitis/sha256_test_wrapper/export/sha256_test_wrapper/hw/sha256_test_wrapper.xsa -regs
configparams mdm-detect-bscan-mask 2
targets -set -nocase -filter {name =~ "*microblaze*#0" && bscan=="USER2" }
rst -system
after 3000
targets -set -nocase -filter {name =~ "*microblaze*#0" && bscan=="USER2" }
dow C:/Users/maxgr/Projects/Classes/ECE4300/ECE4300-sha256-microblaze/Vitis/sha_256_test_app/Debug/sha_256_test_app.elf
----------------End of Script----------------

00:56:22 INFO  : Context for processor 'microblaze_0' is selected.
00:56:22 INFO  : 'con' command is executed.
00:56:22 INFO  : ----------------XSDB Script (After Launch)----------------
targets -set -nocase -filter {name =~ "*microblaze*#0" && bscan=="USER2" }
con
----------------End of Script----------------

00:56:22 INFO  : Launch script is exported to file 'C:\Users\maxgr\Projects\Classes\ECE4300\ECE4300-sha256-microblaze\Vitis\sha_256_test_app_system\_ide\scripts\debugger_sha_256_test_app-default.tcl'
01:03:40 INFO  : Disconnected from the channel tcfchan#56.
01:03:42 INFO  : Connected to target on host '127.0.0.1' and port '3121'.
01:03:42 INFO  : Jtag cable 'Digilent Nexys A7 -100T 210292BCFFDAA' is selected.
01:03:42 INFO  : 'jtag frequency' command is executed.
01:03:42 INFO  : 'targets -set -filter {jtag_cable_name =~ "Digilent Nexys A7 -100T 210292BCFFDAA" && level==0 && jtag_device_ctx=="jsn-Nexys A7 -100T-210292BCFFDAA-13631093-0"}' command is executed.
01:03:44 INFO  : Device configured successfully with "C:/Users/maxgr/Projects/Classes/ECE4300/ECE4300-sha256-microblaze/Vitis/sha_256_test_app/_ide/bitstream/sha256_test_wrapper.bit"
01:03:44 INFO  : Context for processor 'microblaze_0' is selected.
01:03:44 INFO  : Hardware design and registers information is loaded from 'C:/Users/maxgr/Projects/Classes/ECE4300/ECE4300-sha256-microblaze/Vitis/sha256_test_wrapper/export/sha256_test_wrapper/hw/sha256_test_wrapper.xsa'.
01:03:44 INFO  : 'configparams mdm-detect-bscan-mask 2' command is executed.
01:03:44 INFO  : Context for processor 'microblaze_0' is selected.
01:03:44 INFO  : System reset is completed.
01:03:47 INFO  : 'after 3000' command is executed.
01:03:47 INFO  : Context for processor 'microblaze_0' is selected.
01:03:47 INFO  : The application 'C:/Users/maxgr/Projects/Classes/ECE4300/ECE4300-sha256-microblaze/Vitis/sha_256_test_app/Debug/sha_256_test_app.elf' is downloaded to processor 'microblaze_0'.
01:03:47 INFO  : ----------------XSDB Script----------------
connect -url tcp:127.0.0.1:3121
targets -set -filter {jtag_cable_name =~ "Digilent Nexys A7 -100T 210292BCFFDAA" && level==0 && jtag_device_ctx=="jsn-Nexys A7 -100T-210292BCFFDAA-13631093-0"}
fpga -file C:/Users/maxgr/Projects/Classes/ECE4300/ECE4300-sha256-microblaze/Vitis/sha_256_test_app/_ide/bitstream/sha256_test_wrapper.bit
targets -set -nocase -filter {name =~ "*microblaze*#0" && bscan=="USER2" }
loadhw -hw C:/Users/maxgr/Projects/Classes/ECE4300/ECE4300-sha256-microblaze/Vitis/sha256_test_wrapper/export/sha256_test_wrapper/hw/sha256_test_wrapper.xsa -regs
configparams mdm-detect-bscan-mask 2
targets -set -nocase -filter {name =~ "*microblaze*#0" && bscan=="USER2" }
rst -system
after 3000
targets -set -nocase -filter {name =~ "*microblaze*#0" && bscan=="USER2" }
dow C:/Users/maxgr/Projects/Classes/ECE4300/ECE4300-sha256-microblaze/Vitis/sha_256_test_app/Debug/sha_256_test_app.elf
----------------End of Script----------------

01:03:47 INFO  : Context for processor 'microblaze_0' is selected.
01:03:47 INFO  : 'con' command is executed.
01:03:47 INFO  : ----------------XSDB Script (After Launch)----------------
targets -set -nocase -filter {name =~ "*microblaze*#0" && bscan=="USER2" }
con
----------------End of Script----------------

01:03:47 INFO  : Launch script is exported to file 'C:\Users\maxgr\Projects\Classes\ECE4300\ECE4300-sha256-microblaze\Vitis\sha_256_test_app_system\_ide\scripts\debugger_sha_256_test_app-default.tcl'
17:10:26 INFO  : Disconnected from the channel tcfchan#57.
17:10:31 INFO  : Connected to target on host '127.0.0.1' and port '3121'.
17:10:31 INFO  : Jtag cable 'Digilent Nexys A7 -100T 210292BCFFDAA' is selected.
17:10:31 INFO  : 'jtag frequency' command is executed.
17:10:31 INFO  : 'targets -set -filter {jtag_cable_name =~ "Digilent Nexys A7 -100T 210292BCFFDAA" && level==0 && jtag_device_ctx=="jsn-Nexys A7 -100T-210292BCFFDAA-13631093-0"}' command is executed.
17:10:33 INFO  : Device configured successfully with "C:/Users/maxgr/Projects/Classes/ECE4300/ECE4300-sha256-microblaze/Vitis/sha_256_test_app/_ide/bitstream/sha256_test_wrapper.bit"
17:10:33 INFO  : Context for processor 'microblaze_0' is selected.
17:10:33 INFO  : Hardware design and registers information is loaded from 'C:/Users/maxgr/Projects/Classes/ECE4300/ECE4300-sha256-microblaze/Vitis/sha256_test_wrapper/export/sha256_test_wrapper/hw/sha256_test_wrapper.xsa'.
17:10:33 INFO  : 'configparams mdm-detect-bscan-mask 2' command is executed.
17:10:33 INFO  : Context for processor 'microblaze_0' is selected.
17:10:33 INFO  : System reset is completed.
17:10:36 INFO  : 'after 3000' command is executed.
17:10:36 INFO  : Context for processor 'microblaze_0' is selected.
17:10:36 INFO  : The application 'C:/Users/maxgr/Projects/Classes/ECE4300/ECE4300-sha256-microblaze/Vitis/sha_256_test_app/Debug/sha_256_test_app.elf' is downloaded to processor 'microblaze_0'.
17:10:36 INFO  : ----------------XSDB Script----------------
connect -url tcp:127.0.0.1:3121
targets -set -filter {jtag_cable_name =~ "Digilent Nexys A7 -100T 210292BCFFDAA" && level==0 && jtag_device_ctx=="jsn-Nexys A7 -100T-210292BCFFDAA-13631093-0"}
fpga -file C:/Users/maxgr/Projects/Classes/ECE4300/ECE4300-sha256-microblaze/Vitis/sha_256_test_app/_ide/bitstream/sha256_test_wrapper.bit
targets -set -nocase -filter {name =~ "*microblaze*#0" && bscan=="USER2" }
loadhw -hw C:/Users/maxgr/Projects/Classes/ECE4300/ECE4300-sha256-microblaze/Vitis/sha256_test_wrapper/export/sha256_test_wrapper/hw/sha256_test_wrapper.xsa -regs
configparams mdm-detect-bscan-mask 2
targets -set -nocase -filter {name =~ "*microblaze*#0" && bscan=="USER2" }
rst -system
after 3000
targets -set -nocase -filter {name =~ "*microblaze*#0" && bscan=="USER2" }
dow C:/Users/maxgr/Projects/Classes/ECE4300/ECE4300-sha256-microblaze/Vitis/sha_256_test_app/Debug/sha_256_test_app.elf
----------------End of Script----------------

17:10:37 INFO  : Context for processor 'microblaze_0' is selected.
17:10:37 INFO  : 'con' command is executed.
17:10:37 INFO  : ----------------XSDB Script (After Launch)----------------
targets -set -nocase -filter {name =~ "*microblaze*#0" && bscan=="USER2" }
con
----------------End of Script----------------

17:10:37 INFO  : Launch script is exported to file 'C:\Users\maxgr\Projects\Classes\ECE4300\ECE4300-sha256-microblaze\Vitis\sha_256_test_app_system\_ide\scripts\debugger_sha_256_test_app-default.tcl'
17:10:48 INFO  : Checking for BSP changes to sync application flags for project 'sha_256_test_app'...
17:10:56 INFO  : Disconnected from the channel tcfchan#58.
17:10:59 INFO  : Connected to target on host '127.0.0.1' and port '3121'.
17:10:59 INFO  : Jtag cable 'Digilent Nexys A7 -100T 210292BCFFDAA' is selected.
17:10:59 INFO  : 'jtag frequency' command is executed.
17:10:59 INFO  : 'targets -set -filter {jtag_cable_name =~ "Digilent Nexys A7 -100T 210292BCFFDAA" && level==0 && jtag_device_ctx=="jsn-Nexys A7 -100T-210292BCFFDAA-13631093-0"}' command is executed.
17:11:02 INFO  : Device configured successfully with "C:/Users/maxgr/Projects/Classes/ECE4300/ECE4300-sha256-microblaze/Vitis/sha_256_test_app/_ide/bitstream/sha256_test_wrapper.bit"
17:11:02 INFO  : Context for processor 'microblaze_0' is selected.
17:11:02 INFO  : Hardware design and registers information is loaded from 'C:/Users/maxgr/Projects/Classes/ECE4300/ECE4300-sha256-microblaze/Vitis/sha256_test_wrapper/export/sha256_test_wrapper/hw/sha256_test_wrapper.xsa'.
17:11:02 INFO  : 'configparams mdm-detect-bscan-mask 2' command is executed.
17:11:02 INFO  : Context for processor 'microblaze_0' is selected.
17:11:02 INFO  : System reset is completed.
17:11:05 INFO  : 'after 3000' command is executed.
17:11:05 INFO  : Context for processor 'microblaze_0' is selected.
17:11:05 INFO  : The application 'C:/Users/maxgr/Projects/Classes/ECE4300/ECE4300-sha256-microblaze/Vitis/sha_256_test_app/Debug/sha_256_test_app.elf' is downloaded to processor 'microblaze_0'.
17:11:05 INFO  : ----------------XSDB Script----------------
connect -url tcp:127.0.0.1:3121
targets -set -filter {jtag_cable_name =~ "Digilent Nexys A7 -100T 210292BCFFDAA" && level==0 && jtag_device_ctx=="jsn-Nexys A7 -100T-210292BCFFDAA-13631093-0"}
fpga -file C:/Users/maxgr/Projects/Classes/ECE4300/ECE4300-sha256-microblaze/Vitis/sha_256_test_app/_ide/bitstream/sha256_test_wrapper.bit
targets -set -nocase -filter {name =~ "*microblaze*#0" && bscan=="USER2" }
loadhw -hw C:/Users/maxgr/Projects/Classes/ECE4300/ECE4300-sha256-microblaze/Vitis/sha256_test_wrapper/export/sha256_test_wrapper/hw/sha256_test_wrapper.xsa -regs
configparams mdm-detect-bscan-mask 2
targets -set -nocase -filter {name =~ "*microblaze*#0" && bscan=="USER2" }
rst -system
after 3000
targets -set -nocase -filter {name =~ "*microblaze*#0" && bscan=="USER2" }
dow C:/Users/maxgr/Projects/Classes/ECE4300/ECE4300-sha256-microblaze/Vitis/sha_256_test_app/Debug/sha_256_test_app.elf
----------------End of Script----------------

17:11:05 INFO  : Context for processor 'microblaze_0' is selected.
17:11:05 INFO  : 'con' command is executed.
17:11:05 INFO  : ----------------XSDB Script (After Launch)----------------
targets -set -nocase -filter {name =~ "*microblaze*#0" && bscan=="USER2" }
con
----------------End of Script----------------

17:11:05 INFO  : Launch script is exported to file 'C:\Users\maxgr\Projects\Classes\ECE4300\ECE4300-sha256-microblaze\Vitis\sha_256_test_app_system\_ide\scripts\debugger_sha_256_test_app-default.tcl'
17:12:42 INFO  : Checking for BSP changes to sync application flags for project 'sha_256_test_app'...
17:13:22 INFO  : Disconnected from the channel tcfchan#59.
17:13:29 INFO  : Connected to target on host '127.0.0.1' and port '3121'.
17:13:30 INFO  : Jtag cable 'Digilent Nexys A7 -100T 210292BCFFDAA' is selected.
17:13:30 INFO  : 'jtag frequency' command is executed.
17:13:30 INFO  : 'targets -set -filter {jtag_cable_name =~ "Digilent Nexys A7 -100T 210292BCFFDAA" && level==0 && jtag_device_ctx=="jsn-Nexys A7 -100T-210292BCFFDAA-13631093-0"}' command is executed.
17:13:32 INFO  : Device configured successfully with "C:/Users/maxgr/Projects/Classes/ECE4300/ECE4300-sha256-microblaze/Vitis/sha_256_test_app/_ide/bitstream/sha256_test_wrapper.bit"
17:13:32 INFO  : Context for processor 'microblaze_0' is selected.
17:13:32 INFO  : Hardware design and registers information is loaded from 'C:/Users/maxgr/Projects/Classes/ECE4300/ECE4300-sha256-microblaze/Vitis/sha256_test_wrapper/export/sha256_test_wrapper/hw/sha256_test_wrapper.xsa'.
17:13:32 INFO  : 'configparams mdm-detect-bscan-mask 2' command is executed.
17:13:32 INFO  : Context for processor 'microblaze_0' is selected.
17:13:32 INFO  : System reset is completed.
17:13:35 INFO  : 'after 3000' command is executed.
17:13:35 INFO  : Context for processor 'microblaze_0' is selected.
17:13:35 INFO  : The application 'C:/Users/maxgr/Projects/Classes/ECE4300/ECE4300-sha256-microblaze/Vitis/sha_256_test_app/Debug/sha_256_test_app.elf' is downloaded to processor 'microblaze_0'.
17:13:35 INFO  : ----------------XSDB Script----------------
connect -url tcp:127.0.0.1:3121
targets -set -filter {jtag_cable_name =~ "Digilent Nexys A7 -100T 210292BCFFDAA" && level==0 && jtag_device_ctx=="jsn-Nexys A7 -100T-210292BCFFDAA-13631093-0"}
fpga -file C:/Users/maxgr/Projects/Classes/ECE4300/ECE4300-sha256-microblaze/Vitis/sha_256_test_app/_ide/bitstream/sha256_test_wrapper.bit
targets -set -nocase -filter {name =~ "*microblaze*#0" && bscan=="USER2" }
loadhw -hw C:/Users/maxgr/Projects/Classes/ECE4300/ECE4300-sha256-microblaze/Vitis/sha256_test_wrapper/export/sha256_test_wrapper/hw/sha256_test_wrapper.xsa -regs
configparams mdm-detect-bscan-mask 2
targets -set -nocase -filter {name =~ "*microblaze*#0" && bscan=="USER2" }
rst -system
after 3000
targets -set -nocase -filter {name =~ "*microblaze*#0" && bscan=="USER2" }
dow C:/Users/maxgr/Projects/Classes/ECE4300/ECE4300-sha256-microblaze/Vitis/sha_256_test_app/Debug/sha_256_test_app.elf
----------------End of Script----------------

17:13:35 INFO  : Context for processor 'microblaze_0' is selected.
17:13:35 INFO  : 'con' command is executed.
17:13:35 INFO  : ----------------XSDB Script (After Launch)----------------
targets -set -nocase -filter {name =~ "*microblaze*#0" && bscan=="USER2" }
con
----------------End of Script----------------

17:13:35 INFO  : Launch script is exported to file 'C:\Users\maxgr\Projects\Classes\ECE4300\ECE4300-sha256-microblaze\Vitis\sha_256_test_app_system\_ide\scripts\debugger_sha_256_test_app-default.tcl'
17:15:13 INFO  : Checking for BSP changes to sync application flags for project 'sha_256_test_app'...
17:15:22 INFO  : Disconnected from the channel tcfchan#60.
17:15:25 INFO  : Connected to target on host '127.0.0.1' and port '3121'.
17:15:26 INFO  : Jtag cable 'Digilent Nexys A7 -100T 210292BCFFDAA' is selected.
17:15:26 INFO  : 'jtag frequency' command is executed.
17:15:26 INFO  : 'targets -set -filter {jtag_cable_name =~ "Digilent Nexys A7 -100T 210292BCFFDAA" && level==0 && jtag_device_ctx=="jsn-Nexys A7 -100T-210292BCFFDAA-13631093-0"}' command is executed.
17:15:28 INFO  : Device configured successfully with "C:/Users/maxgr/Projects/Classes/ECE4300/ECE4300-sha256-microblaze/Vitis/sha_256_test_app/_ide/bitstream/sha256_test_wrapper.bit"
17:15:28 INFO  : Context for processor 'microblaze_0' is selected.
17:15:28 INFO  : Hardware design and registers information is loaded from 'C:/Users/maxgr/Projects/Classes/ECE4300/ECE4300-sha256-microblaze/Vitis/sha256_test_wrapper/export/sha256_test_wrapper/hw/sha256_test_wrapper.xsa'.
17:15:28 INFO  : 'configparams mdm-detect-bscan-mask 2' command is executed.
17:15:28 INFO  : Context for processor 'microblaze_0' is selected.
17:15:28 INFO  : System reset is completed.
17:15:31 INFO  : 'after 3000' command is executed.
17:15:31 INFO  : Context for processor 'microblaze_0' is selected.
17:15:31 INFO  : The application 'C:/Users/maxgr/Projects/Classes/ECE4300/ECE4300-sha256-microblaze/Vitis/sha_256_test_app/Debug/sha_256_test_app.elf' is downloaded to processor 'microblaze_0'.
17:15:31 INFO  : ----------------XSDB Script----------------
connect -url tcp:127.0.0.1:3121
targets -set -filter {jtag_cable_name =~ "Digilent Nexys A7 -100T 210292BCFFDAA" && level==0 && jtag_device_ctx=="jsn-Nexys A7 -100T-210292BCFFDAA-13631093-0"}
fpga -file C:/Users/maxgr/Projects/Classes/ECE4300/ECE4300-sha256-microblaze/Vitis/sha_256_test_app/_ide/bitstream/sha256_test_wrapper.bit
targets -set -nocase -filter {name =~ "*microblaze*#0" && bscan=="USER2" }
loadhw -hw C:/Users/maxgr/Projects/Classes/ECE4300/ECE4300-sha256-microblaze/Vitis/sha256_test_wrapper/export/sha256_test_wrapper/hw/sha256_test_wrapper.xsa -regs
configparams mdm-detect-bscan-mask 2
targets -set -nocase -filter {name =~ "*microblaze*#0" && bscan=="USER2" }
rst -system
after 3000
targets -set -nocase -filter {name =~ "*microblaze*#0" && bscan=="USER2" }
dow C:/Users/maxgr/Projects/Classes/ECE4300/ECE4300-sha256-microblaze/Vitis/sha_256_test_app/Debug/sha_256_test_app.elf
----------------End of Script----------------

17:15:31 INFO  : Context for processor 'microblaze_0' is selected.
17:15:31 INFO  : 'con' command is executed.
17:15:31 INFO  : ----------------XSDB Script (After Launch)----------------
targets -set -nocase -filter {name =~ "*microblaze*#0" && bscan=="USER2" }
con
----------------End of Script----------------

17:15:31 INFO  : Launch script is exported to file 'C:\Users\maxgr\Projects\Classes\ECE4300\ECE4300-sha256-microblaze\Vitis\sha_256_test_app_system\_ide\scripts\debugger_sha_256_test_app-default.tcl'
17:15:49 INFO  : Checking for BSP changes to sync application flags for project 'sha_256_test_app'...
17:16:12 INFO  : Checking for BSP changes to sync application flags for project 'sha_256_test_app'...
17:17:06 INFO  : Checking for BSP changes to sync application flags for project 'sha_256_test_app'...
17:17:26 INFO  : Checking for BSP changes to sync application flags for project 'sha_256_test_app'...
17:17:33 INFO  : Disconnected from the channel tcfchan#61.
17:17:36 INFO  : Connected to target on host '127.0.0.1' and port '3121'.
17:17:36 INFO  : Jtag cable 'Digilent Nexys A7 -100T 210292BCFFDAA' is selected.
17:17:36 INFO  : 'jtag frequency' command is executed.
17:17:36 INFO  : 'targets -set -filter {jtag_cable_name =~ "Digilent Nexys A7 -100T 210292BCFFDAA" && level==0 && jtag_device_ctx=="jsn-Nexys A7 -100T-210292BCFFDAA-13631093-0"}' command is executed.
17:17:39 INFO  : Device configured successfully with "C:/Users/maxgr/Projects/Classes/ECE4300/ECE4300-sha256-microblaze/Vitis/sha_256_test_app/_ide/bitstream/sha256_test_wrapper.bit"
17:17:39 INFO  : Context for processor 'microblaze_0' is selected.
17:17:39 INFO  : Hardware design and registers information is loaded from 'C:/Users/maxgr/Projects/Classes/ECE4300/ECE4300-sha256-microblaze/Vitis/sha256_test_wrapper/export/sha256_test_wrapper/hw/sha256_test_wrapper.xsa'.
17:17:39 INFO  : 'configparams mdm-detect-bscan-mask 2' command is executed.
17:17:39 INFO  : Context for processor 'microblaze_0' is selected.
17:17:39 INFO  : System reset is completed.
17:17:42 INFO  : 'after 3000' command is executed.
17:17:42 INFO  : Context for processor 'microblaze_0' is selected.
17:17:42 INFO  : The application 'C:/Users/maxgr/Projects/Classes/ECE4300/ECE4300-sha256-microblaze/Vitis/sha_256_test_app/Debug/sha_256_test_app.elf' is downloaded to processor 'microblaze_0'.
17:17:42 INFO  : ----------------XSDB Script----------------
connect -url tcp:127.0.0.1:3121
targets -set -filter {jtag_cable_name =~ "Digilent Nexys A7 -100T 210292BCFFDAA" && level==0 && jtag_device_ctx=="jsn-Nexys A7 -100T-210292BCFFDAA-13631093-0"}
fpga -file C:/Users/maxgr/Projects/Classes/ECE4300/ECE4300-sha256-microblaze/Vitis/sha_256_test_app/_ide/bitstream/sha256_test_wrapper.bit
targets -set -nocase -filter {name =~ "*microblaze*#0" && bscan=="USER2" }
loadhw -hw C:/Users/maxgr/Projects/Classes/ECE4300/ECE4300-sha256-microblaze/Vitis/sha256_test_wrapper/export/sha256_test_wrapper/hw/sha256_test_wrapper.xsa -regs
configparams mdm-detect-bscan-mask 2
targets -set -nocase -filter {name =~ "*microblaze*#0" && bscan=="USER2" }
rst -system
after 3000
targets -set -nocase -filter {name =~ "*microblaze*#0" && bscan=="USER2" }
dow C:/Users/maxgr/Projects/Classes/ECE4300/ECE4300-sha256-microblaze/Vitis/sha_256_test_app/Debug/sha_256_test_app.elf
----------------End of Script----------------

17:17:42 INFO  : Context for processor 'microblaze_0' is selected.
17:17:42 INFO  : 'con' command is executed.
17:17:42 INFO  : ----------------XSDB Script (After Launch)----------------
targets -set -nocase -filter {name =~ "*microblaze*#0" && bscan=="USER2" }
con
----------------End of Script----------------

17:17:42 INFO  : Launch script is exported to file 'C:\Users\maxgr\Projects\Classes\ECE4300\ECE4300-sha256-microblaze\Vitis\sha_256_test_app_system\_ide\scripts\debugger_sha_256_test_app-default.tcl'
17:18:57 INFO  : Disconnected from the channel tcfchan#62.
17:22:47 INFO  : Connected to target on host '127.0.0.1' and port '3121'.
17:22:47 INFO  : Jtag cable 'Digilent Nexys A7 -100T 210292BCFFDAA' is selected.
17:22:47 INFO  : 'jtag frequency' command is executed.
17:22:47 INFO  : 'targets -set -filter {jtag_cable_name =~ "Digilent Nexys A7 -100T 210292BCFFDAA" && level==0 && jtag_device_ctx=="jsn-Nexys A7 -100T-210292BCFFDAA-13631093-0"}' command is executed.
17:22:49 INFO  : Device configured successfully with "C:/Users/maxgr/Projects/Classes/ECE4300/ECE4300-sha256-microblaze/Vitis/sha_256_test_app/_ide/bitstream/sha256_test_wrapper.bit"
17:22:49 INFO  : Context for processor 'microblaze_0' is selected.
17:22:49 INFO  : Hardware design and registers information is loaded from 'C:/Users/maxgr/Projects/Classes/ECE4300/ECE4300-sha256-microblaze/Vitis/sha256_test_wrapper/export/sha256_test_wrapper/hw/sha256_test_wrapper.xsa'.
17:22:49 INFO  : 'configparams mdm-detect-bscan-mask 2' command is executed.
17:22:49 INFO  : Context for processor 'microblaze_0' is selected.
17:22:49 INFO  : System reset is completed.
17:22:52 INFO  : 'after 3000' command is executed.
17:22:52 INFO  : Context for processor 'microblaze_0' is selected.
17:22:52 INFO  : The application 'C:/Users/maxgr/Projects/Classes/ECE4300/ECE4300-sha256-microblaze/Vitis/sha_256_test_app/Debug/sha_256_test_app.elf' is downloaded to processor 'microblaze_0'.
17:22:52 INFO  : ----------------XSDB Script----------------
connect -url tcp:127.0.0.1:3121
targets -set -filter {jtag_cable_name =~ "Digilent Nexys A7 -100T 210292BCFFDAA" && level==0 && jtag_device_ctx=="jsn-Nexys A7 -100T-210292BCFFDAA-13631093-0"}
fpga -file C:/Users/maxgr/Projects/Classes/ECE4300/ECE4300-sha256-microblaze/Vitis/sha_256_test_app/_ide/bitstream/sha256_test_wrapper.bit
targets -set -nocase -filter {name =~ "*microblaze*#0" && bscan=="USER2" }
loadhw -hw C:/Users/maxgr/Projects/Classes/ECE4300/ECE4300-sha256-microblaze/Vitis/sha256_test_wrapper/export/sha256_test_wrapper/hw/sha256_test_wrapper.xsa -regs
configparams mdm-detect-bscan-mask 2
targets -set -nocase -filter {name =~ "*microblaze*#0" && bscan=="USER2" }
rst -system
after 3000
targets -set -nocase -filter {name =~ "*microblaze*#0" && bscan=="USER2" }
dow C:/Users/maxgr/Projects/Classes/ECE4300/ECE4300-sha256-microblaze/Vitis/sha_256_test_app/Debug/sha_256_test_app.elf
----------------End of Script----------------

17:22:52 INFO  : Context for processor 'microblaze_0' is selected.
17:22:53 INFO  : 'con' command is executed.
17:22:53 INFO  : ----------------XSDB Script (After Launch)----------------
targets -set -nocase -filter {name =~ "*microblaze*#0" && bscan=="USER2" }
con
----------------End of Script----------------

17:22:53 INFO  : Launch script is exported to file 'C:\Users\maxgr\Projects\Classes\ECE4300\ECE4300-sha256-microblaze\Vitis\sha_256_test_app_system\_ide\scripts\debugger_sha_256_test_app-default.tcl'
17:30:04 INFO  : Disconnected from the channel tcfchan#63.
17:30:11 INFO  : Connected to target on host '127.0.0.1' and port '3121'.
17:30:12 INFO  : Jtag cable 'Digilent Nexys A7 -100T 210292BCFFDAA' is selected.
17:30:12 INFO  : 'jtag frequency' command is executed.
17:30:12 INFO  : 'targets -set -filter {jtag_cable_name =~ "Digilent Nexys A7 -100T 210292BCFFDAA" && level==0 && jtag_device_ctx=="jsn-Nexys A7 -100T-210292BCFFDAA-13631093-0"}' command is executed.
17:30:14 INFO  : Device configured successfully with "C:/Users/maxgr/Projects/Classes/ECE4300/ECE4300-sha256-microblaze/Vitis/sha_256_test_app/_ide/bitstream/sha256_test_wrapper.bit"
17:30:14 INFO  : Context for processor 'microblaze_0' is selected.
17:30:14 INFO  : Hardware design and registers information is loaded from 'C:/Users/maxgr/Projects/Classes/ECE4300/ECE4300-sha256-microblaze/Vitis/sha256_test_wrapper/export/sha256_test_wrapper/hw/sha256_test_wrapper.xsa'.
17:30:14 INFO  : 'configparams mdm-detect-bscan-mask 2' command is executed.
17:30:14 INFO  : Context for processor 'microblaze_0' is selected.
17:30:14 INFO  : System reset is completed.
17:30:17 INFO  : 'after 3000' command is executed.
17:30:17 INFO  : Context for processor 'microblaze_0' is selected.
17:30:17 INFO  : The application 'C:/Users/maxgr/Projects/Classes/ECE4300/ECE4300-sha256-microblaze/Vitis/sha_256_test_app/Debug/sha_256_test_app.elf' is downloaded to processor 'microblaze_0'.
17:30:17 INFO  : ----------------XSDB Script----------------
connect -url tcp:127.0.0.1:3121
targets -set -filter {jtag_cable_name =~ "Digilent Nexys A7 -100T 210292BCFFDAA" && level==0 && jtag_device_ctx=="jsn-Nexys A7 -100T-210292BCFFDAA-13631093-0"}
fpga -file C:/Users/maxgr/Projects/Classes/ECE4300/ECE4300-sha256-microblaze/Vitis/sha_256_test_app/_ide/bitstream/sha256_test_wrapper.bit
targets -set -nocase -filter {name =~ "*microblaze*#0" && bscan=="USER2" }
loadhw -hw C:/Users/maxgr/Projects/Classes/ECE4300/ECE4300-sha256-microblaze/Vitis/sha256_test_wrapper/export/sha256_test_wrapper/hw/sha256_test_wrapper.xsa -regs
configparams mdm-detect-bscan-mask 2
targets -set -nocase -filter {name =~ "*microblaze*#0" && bscan=="USER2" }
rst -system
after 3000
targets -set -nocase -filter {name =~ "*microblaze*#0" && bscan=="USER2" }
dow C:/Users/maxgr/Projects/Classes/ECE4300/ECE4300-sha256-microblaze/Vitis/sha_256_test_app/Debug/sha_256_test_app.elf
----------------End of Script----------------

17:30:17 INFO  : Context for processor 'microblaze_0' is selected.
17:30:17 INFO  : 'con' command is executed.
17:30:17 INFO  : ----------------XSDB Script (After Launch)----------------
targets -set -nocase -filter {name =~ "*microblaze*#0" && bscan=="USER2" }
con
----------------End of Script----------------

17:30:17 INFO  : Launch script is exported to file 'C:\Users\maxgr\Projects\Classes\ECE4300\ECE4300-sha256-microblaze\Vitis\sha_256_test_app_system\_ide\scripts\debugger_sha_256_test_app-default.tcl'
17:35:16 INFO  : Disconnected from the channel tcfchan#64.
17:35:20 INFO  : Connected to target on host '127.0.0.1' and port '3121'.
17:35:21 INFO  : Jtag cable 'Digilent Nexys A7 -100T 210292BCFFDAA' is selected.
17:35:21 INFO  : 'jtag frequency' command is executed.
17:35:21 INFO  : 'targets -set -filter {jtag_cable_name =~ "Digilent Nexys A7 -100T 210292BCFFDAA" && level==0 && jtag_device_ctx=="jsn-Nexys A7 -100T-210292BCFFDAA-13631093-0"}' command is executed.
17:35:23 INFO  : Device configured successfully with "C:/Users/maxgr/Projects/Classes/ECE4300/ECE4300-sha256-microblaze/Vitis/sha_256_test_app/_ide/bitstream/sha256_test_wrapper.bit"
17:35:23 INFO  : Context for processor 'microblaze_0' is selected.
17:35:23 INFO  : Hardware design and registers information is loaded from 'C:/Users/maxgr/Projects/Classes/ECE4300/ECE4300-sha256-microblaze/Vitis/sha256_test_wrapper/export/sha256_test_wrapper/hw/sha256_test_wrapper.xsa'.
17:35:23 INFO  : 'configparams mdm-detect-bscan-mask 2' command is executed.
17:35:23 INFO  : Context for processor 'microblaze_0' is selected.
17:35:23 INFO  : System reset is completed.
17:35:26 INFO  : 'after 3000' command is executed.
17:35:26 INFO  : Context for processor 'microblaze_0' is selected.
17:35:26 INFO  : The application 'C:/Users/maxgr/Projects/Classes/ECE4300/ECE4300-sha256-microblaze/Vitis/sha_256_test_app/Debug/sha_256_test_app.elf' is downloaded to processor 'microblaze_0'.
17:35:26 INFO  : ----------------XSDB Script----------------
connect -url tcp:127.0.0.1:3121
targets -set -filter {jtag_cable_name =~ "Digilent Nexys A7 -100T 210292BCFFDAA" && level==0 && jtag_device_ctx=="jsn-Nexys A7 -100T-210292BCFFDAA-13631093-0"}
fpga -file C:/Users/maxgr/Projects/Classes/ECE4300/ECE4300-sha256-microblaze/Vitis/sha_256_test_app/_ide/bitstream/sha256_test_wrapper.bit
targets -set -nocase -filter {name =~ "*microblaze*#0" && bscan=="USER2" }
loadhw -hw C:/Users/maxgr/Projects/Classes/ECE4300/ECE4300-sha256-microblaze/Vitis/sha256_test_wrapper/export/sha256_test_wrapper/hw/sha256_test_wrapper.xsa -regs
configparams mdm-detect-bscan-mask 2
targets -set -nocase -filter {name =~ "*microblaze*#0" && bscan=="USER2" }
rst -system
after 3000
targets -set -nocase -filter {name =~ "*microblaze*#0" && bscan=="USER2" }
dow C:/Users/maxgr/Projects/Classes/ECE4300/ECE4300-sha256-microblaze/Vitis/sha_256_test_app/Debug/sha_256_test_app.elf
----------------End of Script----------------

17:35:26 INFO  : Context for processor 'microblaze_0' is selected.
17:35:26 INFO  : 'con' command is executed.
17:35:26 INFO  : ----------------XSDB Script (After Launch)----------------
targets -set -nocase -filter {name =~ "*microblaze*#0" && bscan=="USER2" }
con
----------------End of Script----------------

17:35:26 INFO  : Launch script is exported to file 'C:\Users\maxgr\Projects\Classes\ECE4300\ECE4300-sha256-microblaze\Vitis\sha_256_test_app_system\_ide\scripts\debugger_sha_256_test_app-default.tcl'
17:40:08 INFO  : Disconnected from the channel tcfchan#65.
17:40:12 INFO  : Checking for BSP changes to sync application flags for project 'sha_256_test_app'...
17:40:16 INFO  : Connected to target on host '127.0.0.1' and port '3121'.
17:40:16 INFO  : Jtag cable 'Digilent Nexys A7 -100T 210292BCFFDAA' is selected.
17:40:16 INFO  : 'jtag frequency' command is executed.
17:40:16 INFO  : 'targets -set -filter {jtag_cable_name =~ "Digilent Nexys A7 -100T 210292BCFFDAA" && level==0 && jtag_device_ctx=="jsn-Nexys A7 -100T-210292BCFFDAA-13631093-0"}' command is executed.
17:40:18 INFO  : Device configured successfully with "C:/Users/maxgr/Projects/Classes/ECE4300/ECE4300-sha256-microblaze/Vitis/sha_256_test_app/_ide/bitstream/sha256_test_wrapper.bit"
17:40:18 INFO  : Context for processor 'microblaze_0' is selected.
17:40:18 INFO  : Hardware design and registers information is loaded from 'C:/Users/maxgr/Projects/Classes/ECE4300/ECE4300-sha256-microblaze/Vitis/sha256_test_wrapper/export/sha256_test_wrapper/hw/sha256_test_wrapper.xsa'.
17:40:18 INFO  : 'configparams mdm-detect-bscan-mask 2' command is executed.
17:40:18 INFO  : Context for processor 'microblaze_0' is selected.
17:40:18 INFO  : System reset is completed.
17:40:21 INFO  : 'after 3000' command is executed.
17:40:21 INFO  : Context for processor 'microblaze_0' is selected.
17:40:21 INFO  : The application 'C:/Users/maxgr/Projects/Classes/ECE4300/ECE4300-sha256-microblaze/Vitis/sha_256_test_app/Debug/sha_256_test_app.elf' is downloaded to processor 'microblaze_0'.
17:40:21 INFO  : ----------------XSDB Script----------------
connect -url tcp:127.0.0.1:3121
targets -set -filter {jtag_cable_name =~ "Digilent Nexys A7 -100T 210292BCFFDAA" && level==0 && jtag_device_ctx=="jsn-Nexys A7 -100T-210292BCFFDAA-13631093-0"}
fpga -file C:/Users/maxgr/Projects/Classes/ECE4300/ECE4300-sha256-microblaze/Vitis/sha_256_test_app/_ide/bitstream/sha256_test_wrapper.bit
targets -set -nocase -filter {name =~ "*microblaze*#0" && bscan=="USER2" }
loadhw -hw C:/Users/maxgr/Projects/Classes/ECE4300/ECE4300-sha256-microblaze/Vitis/sha256_test_wrapper/export/sha256_test_wrapper/hw/sha256_test_wrapper.xsa -regs
configparams mdm-detect-bscan-mask 2
targets -set -nocase -filter {name =~ "*microblaze*#0" && bscan=="USER2" }
rst -system
after 3000
targets -set -nocase -filter {name =~ "*microblaze*#0" && bscan=="USER2" }
dow C:/Users/maxgr/Projects/Classes/ECE4300/ECE4300-sha256-microblaze/Vitis/sha_256_test_app/Debug/sha_256_test_app.elf
----------------End of Script----------------

17:40:22 INFO  : Context for processor 'microblaze_0' is selected.
17:40:22 INFO  : 'con' command is executed.
17:40:22 INFO  : ----------------XSDB Script (After Launch)----------------
targets -set -nocase -filter {name =~ "*microblaze*#0" && bscan=="USER2" }
con
----------------End of Script----------------

17:40:22 INFO  : Launch script is exported to file 'C:\Users\maxgr\Projects\Classes\ECE4300\ECE4300-sha256-microblaze\Vitis\sha_256_test_app_system\_ide\scripts\debugger_sha_256_test_app-default.tcl'
17:40:38 INFO  : Disconnected from the channel tcfchan#66.
17:40:40 INFO  : Connected to target on host '127.0.0.1' and port '3121'.
17:40:40 INFO  : Jtag cable 'Digilent Nexys A7 -100T 210292BCFFDAA' is selected.
17:40:40 INFO  : 'jtag frequency' command is executed.
17:40:40 INFO  : 'targets -set -filter {jtag_cable_name =~ "Digilent Nexys A7 -100T 210292BCFFDAA" && level==0 && jtag_device_ctx=="jsn-Nexys A7 -100T-210292BCFFDAA-13631093-0"}' command is executed.
17:40:43 INFO  : Device configured successfully with "C:/Users/maxgr/Projects/Classes/ECE4300/ECE4300-sha256-microblaze/Vitis/sha_256_test_app/_ide/bitstream/sha256_test_wrapper.bit"
17:40:43 INFO  : Context for processor 'microblaze_0' is selected.
17:40:43 INFO  : Hardware design and registers information is loaded from 'C:/Users/maxgr/Projects/Classes/ECE4300/ECE4300-sha256-microblaze/Vitis/sha256_test_wrapper/export/sha256_test_wrapper/hw/sha256_test_wrapper.xsa'.
17:40:43 INFO  : 'configparams mdm-detect-bscan-mask 2' command is executed.
17:40:43 INFO  : Context for processor 'microblaze_0' is selected.
17:40:43 INFO  : System reset is completed.
17:40:46 INFO  : 'after 3000' command is executed.
17:40:46 INFO  : Context for processor 'microblaze_0' is selected.
17:40:46 INFO  : The application 'C:/Users/maxgr/Projects/Classes/ECE4300/ECE4300-sha256-microblaze/Vitis/sha_256_test_app/Debug/sha_256_test_app.elf' is downloaded to processor 'microblaze_0'.
17:40:46 INFO  : ----------------XSDB Script----------------
connect -url tcp:127.0.0.1:3121
targets -set -filter {jtag_cable_name =~ "Digilent Nexys A7 -100T 210292BCFFDAA" && level==0 && jtag_device_ctx=="jsn-Nexys A7 -100T-210292BCFFDAA-13631093-0"}
fpga -file C:/Users/maxgr/Projects/Classes/ECE4300/ECE4300-sha256-microblaze/Vitis/sha_256_test_app/_ide/bitstream/sha256_test_wrapper.bit
targets -set -nocase -filter {name =~ "*microblaze*#0" && bscan=="USER2" }
loadhw -hw C:/Users/maxgr/Projects/Classes/ECE4300/ECE4300-sha256-microblaze/Vitis/sha256_test_wrapper/export/sha256_test_wrapper/hw/sha256_test_wrapper.xsa -regs
configparams mdm-detect-bscan-mask 2
targets -set -nocase -filter {name =~ "*microblaze*#0" && bscan=="USER2" }
rst -system
after 3000
targets -set -nocase -filter {name =~ "*microblaze*#0" && bscan=="USER2" }
dow C:/Users/maxgr/Projects/Classes/ECE4300/ECE4300-sha256-microblaze/Vitis/sha_256_test_app/Debug/sha_256_test_app.elf
----------------End of Script----------------

17:40:46 INFO  : Context for processor 'microblaze_0' is selected.
17:40:46 INFO  : 'con' command is executed.
17:40:46 INFO  : ----------------XSDB Script (After Launch)----------------
targets -set -nocase -filter {name =~ "*microblaze*#0" && bscan=="USER2" }
con
----------------End of Script----------------

17:40:46 INFO  : Launch script is exported to file 'C:\Users\maxgr\Projects\Classes\ECE4300\ECE4300-sha256-microblaze\Vitis\sha_256_test_app_system\_ide\scripts\debugger_sha_256_test_app-default.tcl'
17:48:16 INFO  : Disconnected from the channel tcfchan#67.
17:48:19 INFO  : Connected to target on host '127.0.0.1' and port '3121'.
17:48:19 INFO  : Jtag cable 'Digilent Nexys A7 -100T 210292BCFFDAA' is selected.
17:48:19 INFO  : 'jtag frequency' command is executed.
17:48:19 INFO  : 'targets -set -filter {jtag_cable_name =~ "Digilent Nexys A7 -100T 210292BCFFDAA" && level==0 && jtag_device_ctx=="jsn-Nexys A7 -100T-210292BCFFDAA-13631093-0"}' command is executed.
17:48:21 INFO  : Device configured successfully with "C:/Users/maxgr/Projects/Classes/ECE4300/ECE4300-sha256-microblaze/Vitis/sha_256_test_app/_ide/bitstream/sha256_test_wrapper.bit"
17:48:21 INFO  : Context for processor 'microblaze_0' is selected.
17:48:22 INFO  : Hardware design and registers information is loaded from 'C:/Users/maxgr/Projects/Classes/ECE4300/ECE4300-sha256-microblaze/Vitis/sha256_test_wrapper/export/sha256_test_wrapper/hw/sha256_test_wrapper.xsa'.
17:48:22 INFO  : 'configparams mdm-detect-bscan-mask 2' command is executed.
17:48:22 INFO  : Context for processor 'microblaze_0' is selected.
17:48:22 INFO  : System reset is completed.
17:48:25 INFO  : 'after 3000' command is executed.
17:48:25 INFO  : Context for processor 'microblaze_0' is selected.
17:48:25 INFO  : The application 'C:/Users/maxgr/Projects/Classes/ECE4300/ECE4300-sha256-microblaze/Vitis/sha_256_test_app/Debug/sha_256_test_app.elf' is downloaded to processor 'microblaze_0'.
17:48:25 INFO  : ----------------XSDB Script----------------
connect -url tcp:127.0.0.1:3121
targets -set -filter {jtag_cable_name =~ "Digilent Nexys A7 -100T 210292BCFFDAA" && level==0 && jtag_device_ctx=="jsn-Nexys A7 -100T-210292BCFFDAA-13631093-0"}
fpga -file C:/Users/maxgr/Projects/Classes/ECE4300/ECE4300-sha256-microblaze/Vitis/sha_256_test_app/_ide/bitstream/sha256_test_wrapper.bit
targets -set -nocase -filter {name =~ "*microblaze*#0" && bscan=="USER2" }
loadhw -hw C:/Users/maxgr/Projects/Classes/ECE4300/ECE4300-sha256-microblaze/Vitis/sha256_test_wrapper/export/sha256_test_wrapper/hw/sha256_test_wrapper.xsa -regs
configparams mdm-detect-bscan-mask 2
targets -set -nocase -filter {name =~ "*microblaze*#0" && bscan=="USER2" }
rst -system
after 3000
targets -set -nocase -filter {name =~ "*microblaze*#0" && bscan=="USER2" }
dow C:/Users/maxgr/Projects/Classes/ECE4300/ECE4300-sha256-microblaze/Vitis/sha_256_test_app/Debug/sha_256_test_app.elf
----------------End of Script----------------

17:48:25 INFO  : Context for processor 'microblaze_0' is selected.
17:48:25 INFO  : 'con' command is executed.
17:48:25 INFO  : ----------------XSDB Script (After Launch)----------------
targets -set -nocase -filter {name =~ "*microblaze*#0" && bscan=="USER2" }
con
----------------End of Script----------------

17:48:25 INFO  : Launch script is exported to file 'C:\Users\maxgr\Projects\Classes\ECE4300\ECE4300-sha256-microblaze\Vitis\sha_256_test_app_system\_ide\scripts\debugger_sha_256_test_app-default.tcl'
18:07:58 INFO  : Disconnected from the channel tcfchan#68.
18:08:01 INFO  : Connected to target on host '127.0.0.1' and port '3121'.
18:08:02 INFO  : Jtag cable 'Digilent Nexys A7 -100T 210292BCFFDAA' is selected.
18:08:02 INFO  : 'jtag frequency' command is executed.
18:08:02 INFO  : 'targets -set -filter {jtag_cable_name =~ "Digilent Nexys A7 -100T 210292BCFFDAA" && level==0 && jtag_device_ctx=="jsn-Nexys A7 -100T-210292BCFFDAA-13631093-0"}' command is executed.
18:08:04 INFO  : Device configured successfully with "C:/Users/maxgr/Projects/Classes/ECE4300/ECE4300-sha256-microblaze/Vitis/sha_256_test_app/_ide/bitstream/sha256_test_wrapper.bit"
18:08:04 INFO  : Context for processor 'microblaze_0' is selected.
18:08:04 INFO  : Hardware design and registers information is loaded from 'C:/Users/maxgr/Projects/Classes/ECE4300/ECE4300-sha256-microblaze/Vitis/sha256_test_wrapper/export/sha256_test_wrapper/hw/sha256_test_wrapper.xsa'.
18:08:04 INFO  : 'configparams mdm-detect-bscan-mask 2' command is executed.
18:08:04 INFO  : Context for processor 'microblaze_0' is selected.
18:08:04 INFO  : System reset is completed.
18:08:07 INFO  : 'after 3000' command is executed.
18:08:07 INFO  : Context for processor 'microblaze_0' is selected.
18:08:07 INFO  : The application 'C:/Users/maxgr/Projects/Classes/ECE4300/ECE4300-sha256-microblaze/Vitis/sha_256_test_app/Debug/sha_256_test_app.elf' is downloaded to processor 'microblaze_0'.
18:08:07 INFO  : ----------------XSDB Script----------------
connect -url tcp:127.0.0.1:3121
targets -set -filter {jtag_cable_name =~ "Digilent Nexys A7 -100T 210292BCFFDAA" && level==0 && jtag_device_ctx=="jsn-Nexys A7 -100T-210292BCFFDAA-13631093-0"}
fpga -file C:/Users/maxgr/Projects/Classes/ECE4300/ECE4300-sha256-microblaze/Vitis/sha_256_test_app/_ide/bitstream/sha256_test_wrapper.bit
targets -set -nocase -filter {name =~ "*microblaze*#0" && bscan=="USER2" }
loadhw -hw C:/Users/maxgr/Projects/Classes/ECE4300/ECE4300-sha256-microblaze/Vitis/sha256_test_wrapper/export/sha256_test_wrapper/hw/sha256_test_wrapper.xsa -regs
configparams mdm-detect-bscan-mask 2
targets -set -nocase -filter {name =~ "*microblaze*#0" && bscan=="USER2" }
rst -system
after 3000
targets -set -nocase -filter {name =~ "*microblaze*#0" && bscan=="USER2" }
dow C:/Users/maxgr/Projects/Classes/ECE4300/ECE4300-sha256-microblaze/Vitis/sha_256_test_app/Debug/sha_256_test_app.elf
----------------End of Script----------------

18:08:07 INFO  : Context for processor 'microblaze_0' is selected.
18:08:07 INFO  : 'con' command is executed.
18:08:07 INFO  : ----------------XSDB Script (After Launch)----------------
targets -set -nocase -filter {name =~ "*microblaze*#0" && bscan=="USER2" }
con
----------------End of Script----------------

18:08:07 INFO  : Launch script is exported to file 'C:\Users\maxgr\Projects\Classes\ECE4300\ECE4300-sha256-microblaze\Vitis\sha_256_test_app_system\_ide\scripts\debugger_sha_256_test_app-default.tcl'
18:08:14 INFO  : Disconnected from the channel tcfchan#69.
18:08:17 INFO  : Checking for BSP changes to sync application flags for project 'sha_256_test_app'...
18:08:22 INFO  : Connected to target on host '127.0.0.1' and port '3121'.
18:08:23 INFO  : Jtag cable 'Digilent Nexys A7 -100T 210292BCFFDAA' is selected.
18:08:23 INFO  : 'jtag frequency' command is executed.
18:08:23 INFO  : 'targets -set -filter {jtag_cable_name =~ "Digilent Nexys A7 -100T 210292BCFFDAA" && level==0 && jtag_device_ctx=="jsn-Nexys A7 -100T-210292BCFFDAA-13631093-0"}' command is executed.
18:08:25 INFO  : Device configured successfully with "C:/Users/maxgr/Projects/Classes/ECE4300/ECE4300-sha256-microblaze/Vitis/sha_256_test_app/_ide/bitstream/sha256_test_wrapper.bit"
18:08:25 INFO  : Context for processor 'microblaze_0' is selected.
18:08:25 INFO  : Hardware design and registers information is loaded from 'C:/Users/maxgr/Projects/Classes/ECE4300/ECE4300-sha256-microblaze/Vitis/sha256_test_wrapper/export/sha256_test_wrapper/hw/sha256_test_wrapper.xsa'.
18:08:25 INFO  : 'configparams mdm-detect-bscan-mask 2' command is executed.
18:08:25 INFO  : Context for processor 'microblaze_0' is selected.
18:08:25 INFO  : System reset is completed.
18:08:28 INFO  : 'after 3000' command is executed.
18:08:28 INFO  : Context for processor 'microblaze_0' is selected.
18:08:28 INFO  : The application 'C:/Users/maxgr/Projects/Classes/ECE4300/ECE4300-sha256-microblaze/Vitis/sha_256_test_app/Debug/sha_256_test_app.elf' is downloaded to processor 'microblaze_0'.
18:08:28 INFO  : ----------------XSDB Script----------------
connect -url tcp:127.0.0.1:3121
targets -set -filter {jtag_cable_name =~ "Digilent Nexys A7 -100T 210292BCFFDAA" && level==0 && jtag_device_ctx=="jsn-Nexys A7 -100T-210292BCFFDAA-13631093-0"}
fpga -file C:/Users/maxgr/Projects/Classes/ECE4300/ECE4300-sha256-microblaze/Vitis/sha_256_test_app/_ide/bitstream/sha256_test_wrapper.bit
targets -set -nocase -filter {name =~ "*microblaze*#0" && bscan=="USER2" }
loadhw -hw C:/Users/maxgr/Projects/Classes/ECE4300/ECE4300-sha256-microblaze/Vitis/sha256_test_wrapper/export/sha256_test_wrapper/hw/sha256_test_wrapper.xsa -regs
configparams mdm-detect-bscan-mask 2
targets -set -nocase -filter {name =~ "*microblaze*#0" && bscan=="USER2" }
rst -system
after 3000
targets -set -nocase -filter {name =~ "*microblaze*#0" && bscan=="USER2" }
dow C:/Users/maxgr/Projects/Classes/ECE4300/ECE4300-sha256-microblaze/Vitis/sha_256_test_app/Debug/sha_256_test_app.elf
----------------End of Script----------------

18:08:28 INFO  : Context for processor 'microblaze_0' is selected.
18:08:28 INFO  : 'con' command is executed.
18:08:28 INFO  : ----------------XSDB Script (After Launch)----------------
targets -set -nocase -filter {name =~ "*microblaze*#0" && bscan=="USER2" }
con
----------------End of Script----------------

18:08:28 INFO  : Launch script is exported to file 'C:\Users\maxgr\Projects\Classes\ECE4300\ECE4300-sha256-microblaze\Vitis\sha_256_test_app_system\_ide\scripts\debugger_sha_256_test_app-default.tcl'
01:48:46 DEBUG : Logs will be stored at 'C:/Users/maxgr/Projects/Classes/ECE4300/ECE4300-sha256-microblaze/Vitis/IDE.log'.
01:48:47 INFO  : Launching XSCT server: xsct.bat -n  -interactive C:\Users\maxgr\Projects\Classes\ECE4300\ECE4300-sha256-microblaze\Vitis\temp_xsdb_launch_script.tcl
01:48:51 INFO  : Registering command handlers for Vitis TCF services
01:48:51 INFO  : XSCT server has started successfully.
01:48:51 INFO  : Platform repository initialization has completed.
01:48:56 INFO  : plnx-install-location is set to ''
01:48:56 INFO  : Successfully done setting XSCT server connection channel  
01:48:56 INFO  : Successfully done query RDI_DATADIR 
01:48:56 INFO  : Successfully done setting workspace for the tool. 
02:00:38 INFO  : Result from executing command 'getProjects': sha256_test_wrapper
02:00:38 INFO  : Result from executing command 'getPlatforms': sha256_test_wrapper|C:/Users/maxgr/Projects/Classes/ECE4300/ECE4300-sha256-microblaze/Vitis/sha256_test_wrapper/export/sha256_test_wrapper/sha256_test_wrapper.xpfm;xilinx_zcu102_base_202320_1|C:/Xilinx/Vitis/2023.2/base_platforms/xilinx_zcu102_base_202320_1/xilinx_zcu102_base_202320_1.xpfm;xilinx_zcu102_base_dfx_202320_1|C:/Xilinx/Vitis/2023.2/base_platforms/xilinx_zcu102_base_dfx_202320_1/xilinx_zcu102_base_dfx_202320_1.xpfm;xilinx_zcu104_base_202320_1|C:/Xilinx/Vitis/2023.2/base_platforms/xilinx_zcu104_base_202320_1/xilinx_zcu104_base_202320_1.xpfm
02:00:39 INFO  : Checking for BSP changes to sync application flags for project 'sha_256_test_app'...
02:01:11 INFO  : Connected to target on host '127.0.0.1' and port '3121'.
02:01:12 INFO  : Jtag cable 'Digilent Nexys A7 -100T 210292BCFFDAA' is selected.
02:01:12 INFO  : 'jtag frequency' command is executed.
02:01:12 INFO  : 'targets -set -filter {jtag_cable_name =~ "Digilent Nexys A7 -100T 210292BCFFDAA" && level==0 && jtag_device_ctx=="jsn-Nexys A7 -100T-210292BCFFDAA-13631093-0"}' command is executed.
02:01:14 INFO  : Device configured successfully with "C:/Users/maxgr/Projects/Classes/ECE4300/ECE4300-sha256-microblaze/Vitis/sha_256_test_app/_ide/bitstream/sha256_test_wrapper.bit"
02:01:14 INFO  : Context for processor 'microblaze_0' is selected.
02:01:14 INFO  : Hardware design and registers information is loaded from 'C:/Users/maxgr/Projects/Classes/ECE4300/ECE4300-sha256-microblaze/Vitis/sha256_test_wrapper/export/sha256_test_wrapper/hw/sha256_test_wrapper.xsa'.
02:01:14 INFO  : 'configparams mdm-detect-bscan-mask 2' command is executed.
02:01:14 INFO  : Context for processor 'microblaze_0' is selected.
02:01:14 INFO  : System reset is completed.
02:01:17 INFO  : 'after 3000' command is executed.
02:01:17 INFO  : Context for processor 'microblaze_0' is selected.
02:01:17 INFO  : The application 'C:/Users/maxgr/Projects/Classes/ECE4300/ECE4300-sha256-microblaze/Vitis/sha_256_test_app/Debug/sha_256_test_app.elf' is downloaded to processor 'microblaze_0'.
02:01:17 INFO  : ----------------XSDB Script----------------
connect -url tcp:127.0.0.1:3121
targets -set -filter {jtag_cable_name =~ "Digilent Nexys A7 -100T 210292BCFFDAA" && level==0 && jtag_device_ctx=="jsn-Nexys A7 -100T-210292BCFFDAA-13631093-0"}
fpga -file C:/Users/maxgr/Projects/Classes/ECE4300/ECE4300-sha256-microblaze/Vitis/sha_256_test_app/_ide/bitstream/sha256_test_wrapper.bit
targets -set -nocase -filter {name =~ "*microblaze*#0" && bscan=="USER2" }
loadhw -hw C:/Users/maxgr/Projects/Classes/ECE4300/ECE4300-sha256-microblaze/Vitis/sha256_test_wrapper/export/sha256_test_wrapper/hw/sha256_test_wrapper.xsa -regs
configparams mdm-detect-bscan-mask 2
targets -set -nocase -filter {name =~ "*microblaze*#0" && bscan=="USER2" }
rst -system
after 3000
targets -set -nocase -filter {name =~ "*microblaze*#0" && bscan=="USER2" }
dow C:/Users/maxgr/Projects/Classes/ECE4300/ECE4300-sha256-microblaze/Vitis/sha_256_test_app/Debug/sha_256_test_app.elf
----------------End of Script----------------

02:01:17 INFO  : Context for processor 'microblaze_0' is selected.
02:01:17 INFO  : 'con' command is executed.
02:01:17 INFO  : ----------------XSDB Script (After Launch)----------------
targets -set -nocase -filter {name =~ "*microblaze*#0" && bscan=="USER2" }
con
----------------End of Script----------------

02:01:17 INFO  : Launch script is exported to file 'C:\Users\maxgr\Projects\Classes\ECE4300\ECE4300-sha256-microblaze\Vitis\sha_256_test_app_system\_ide\scripts\debugger_sha_256_test_app-default.tcl'
02:02:18 INFO  : Checking for BSP changes to sync application flags for project 'sha_256_test_app'...
02:10:33 INFO  : Checking for BSP changes to sync application flags for project 'sha_256_test_app'...
02:13:33 INFO  : Checking for BSP changes to sync application flags for project 'sha_256_test_app'...
02:13:42 INFO  : Disconnected from the channel tcfchan#2.
02:13:50 INFO  : Connected to target on host '127.0.0.1' and port '3121'.
02:13:50 INFO  : Jtag cable 'Digilent Nexys A7 -100T 210292BCFFDAA' is selected.
02:13:50 INFO  : 'jtag frequency' command is executed.
02:13:50 INFO  : 'targets -set -filter {jtag_cable_name =~ "Digilent Nexys A7 -100T 210292BCFFDAA" && level==0 && jtag_device_ctx=="jsn-Nexys A7 -100T-210292BCFFDAA-13631093-0"}' command is executed.
02:13:53 INFO  : Device configured successfully with "C:/Users/maxgr/Projects/Classes/ECE4300/ECE4300-sha256-microblaze/Vitis/sha_256_test_app/_ide/bitstream/sha256_test_wrapper.bit"
02:13:53 INFO  : Context for processor 'microblaze_0' is selected.
02:13:53 INFO  : Hardware design and registers information is loaded from 'C:/Users/maxgr/Projects/Classes/ECE4300/ECE4300-sha256-microblaze/Vitis/sha256_test_wrapper/export/sha256_test_wrapper/hw/sha256_test_wrapper.xsa'.
02:13:53 INFO  : 'configparams mdm-detect-bscan-mask 2' command is executed.
02:13:53 INFO  : Context for processor 'microblaze_0' is selected.
02:13:53 INFO  : System reset is completed.
02:13:56 INFO  : 'after 3000' command is executed.
02:13:56 INFO  : Context for processor 'microblaze_0' is selected.
02:13:56 INFO  : The application 'C:/Users/maxgr/Projects/Classes/ECE4300/ECE4300-sha256-microblaze/Vitis/sha_256_test_app/Debug/sha_256_test_app.elf' is downloaded to processor 'microblaze_0'.
02:13:56 INFO  : ----------------XSDB Script----------------
connect -url tcp:127.0.0.1:3121
targets -set -filter {jtag_cable_name =~ "Digilent Nexys A7 -100T 210292BCFFDAA" && level==0 && jtag_device_ctx=="jsn-Nexys A7 -100T-210292BCFFDAA-13631093-0"}
fpga -file C:/Users/maxgr/Projects/Classes/ECE4300/ECE4300-sha256-microblaze/Vitis/sha_256_test_app/_ide/bitstream/sha256_test_wrapper.bit
targets -set -nocase -filter {name =~ "*microblaze*#0" && bscan=="USER2" }
loadhw -hw C:/Users/maxgr/Projects/Classes/ECE4300/ECE4300-sha256-microblaze/Vitis/sha256_test_wrapper/export/sha256_test_wrapper/hw/sha256_test_wrapper.xsa -regs
configparams mdm-detect-bscan-mask 2
targets -set -nocase -filter {name =~ "*microblaze*#0" && bscan=="USER2" }
rst -system
after 3000
targets -set -nocase -filter {name =~ "*microblaze*#0" && bscan=="USER2" }
dow C:/Users/maxgr/Projects/Classes/ECE4300/ECE4300-sha256-microblaze/Vitis/sha_256_test_app/Debug/sha_256_test_app.elf
----------------End of Script----------------

02:13:56 INFO  : Context for processor 'microblaze_0' is selected.
02:13:56 INFO  : 'con' command is executed.
02:13:56 INFO  : ----------------XSDB Script (After Launch)----------------
targets -set -nocase -filter {name =~ "*microblaze*#0" && bscan=="USER2" }
con
----------------End of Script----------------

02:13:56 INFO  : Launch script is exported to file 'C:\Users\maxgr\Projects\Classes\ECE4300\ECE4300-sha256-microblaze\Vitis\sha_256_test_app_system\_ide\scripts\debugger_sha_256_test_app-default.tcl'
02:16:24 INFO  : Checking for BSP changes to sync application flags for project 'sha_256_test_app'...
02:16:28 INFO  : Disconnected from the channel tcfchan#3.
02:16:29 INFO  : Connected to target on host '127.0.0.1' and port '3121'.
02:16:30 INFO  : Jtag cable 'Digilent Nexys A7 -100T 210292BCFFDAA' is selected.
02:16:30 INFO  : 'jtag frequency' command is executed.
02:16:30 INFO  : 'targets -set -filter {jtag_cable_name =~ "Digilent Nexys A7 -100T 210292BCFFDAA" && level==0 && jtag_device_ctx=="jsn-Nexys A7 -100T-210292BCFFDAA-13631093-0"}' command is executed.
02:16:32 INFO  : Device configured successfully with "C:/Users/maxgr/Projects/Classes/ECE4300/ECE4300-sha256-microblaze/Vitis/sha_256_test_app/_ide/bitstream/sha256_test_wrapper.bit"
02:16:32 INFO  : Context for processor 'microblaze_0' is selected.
02:16:32 INFO  : Hardware design and registers information is loaded from 'C:/Users/maxgr/Projects/Classes/ECE4300/ECE4300-sha256-microblaze/Vitis/sha256_test_wrapper/export/sha256_test_wrapper/hw/sha256_test_wrapper.xsa'.
02:16:32 INFO  : 'configparams mdm-detect-bscan-mask 2' command is executed.
02:16:32 INFO  : Context for processor 'microblaze_0' is selected.
02:16:32 INFO  : System reset is completed.
02:16:35 INFO  : 'after 3000' command is executed.
02:16:35 INFO  : Context for processor 'microblaze_0' is selected.
02:16:35 INFO  : The application 'C:/Users/maxgr/Projects/Classes/ECE4300/ECE4300-sha256-microblaze/Vitis/sha_256_test_app/Debug/sha_256_test_app.elf' is downloaded to processor 'microblaze_0'.
02:16:35 INFO  : ----------------XSDB Script----------------
connect -url tcp:127.0.0.1:3121
targets -set -filter {jtag_cable_name =~ "Digilent Nexys A7 -100T 210292BCFFDAA" && level==0 && jtag_device_ctx=="jsn-Nexys A7 -100T-210292BCFFDAA-13631093-0"}
fpga -file C:/Users/maxgr/Projects/Classes/ECE4300/ECE4300-sha256-microblaze/Vitis/sha_256_test_app/_ide/bitstream/sha256_test_wrapper.bit
targets -set -nocase -filter {name =~ "*microblaze*#0" && bscan=="USER2" }
loadhw -hw C:/Users/maxgr/Projects/Classes/ECE4300/ECE4300-sha256-microblaze/Vitis/sha256_test_wrapper/export/sha256_test_wrapper/hw/sha256_test_wrapper.xsa -regs
configparams mdm-detect-bscan-mask 2
targets -set -nocase -filter {name =~ "*microblaze*#0" && bscan=="USER2" }
rst -system
after 3000
targets -set -nocase -filter {name =~ "*microblaze*#0" && bscan=="USER2" }
dow C:/Users/maxgr/Projects/Classes/ECE4300/ECE4300-sha256-microblaze/Vitis/sha_256_test_app/Debug/sha_256_test_app.elf
----------------End of Script----------------

02:16:35 INFO  : Context for processor 'microblaze_0' is selected.
02:16:35 INFO  : 'con' command is executed.
02:16:35 INFO  : ----------------XSDB Script (After Launch)----------------
targets -set -nocase -filter {name =~ "*microblaze*#0" && bscan=="USER2" }
con
----------------End of Script----------------

02:16:35 INFO  : Launch script is exported to file 'C:\Users\maxgr\Projects\Classes\ECE4300\ECE4300-sha256-microblaze\Vitis\sha_256_test_app_system\_ide\scripts\debugger_sha_256_test_app-default.tcl'
02:17:27 INFO  : Disconnected from the channel tcfchan#4.
02:17:28 INFO  : Connected to target on host '127.0.0.1' and port '3121'.
02:17:28 INFO  : Jtag cable 'Digilent Nexys A7 -100T 210292BCFFDAA' is selected.
02:17:28 INFO  : 'jtag frequency' command is executed.
02:17:28 INFO  : 'targets -set -filter {jtag_cable_name =~ "Digilent Nexys A7 -100T 210292BCFFDAA" && level==0 && jtag_device_ctx=="jsn-Nexys A7 -100T-210292BCFFDAA-13631093-0"}' command is executed.
02:17:31 INFO  : Device configured successfully with "C:/Users/maxgr/Projects/Classes/ECE4300/ECE4300-sha256-microblaze/Vitis/sha_256_test_app/_ide/bitstream/sha256_test_wrapper.bit"
02:17:31 INFO  : Context for processor 'microblaze_0' is selected.
02:17:31 INFO  : Hardware design and registers information is loaded from 'C:/Users/maxgr/Projects/Classes/ECE4300/ECE4300-sha256-microblaze/Vitis/sha256_test_wrapper/export/sha256_test_wrapper/hw/sha256_test_wrapper.xsa'.
02:17:31 INFO  : 'configparams mdm-detect-bscan-mask 2' command is executed.
02:17:31 INFO  : Context for processor 'microblaze_0' is selected.
02:17:31 INFO  : System reset is completed.
02:17:34 INFO  : 'after 3000' command is executed.
02:17:34 INFO  : Context for processor 'microblaze_0' is selected.
02:17:34 INFO  : The application 'C:/Users/maxgr/Projects/Classes/ECE4300/ECE4300-sha256-microblaze/Vitis/sha_256_test_app/Debug/sha_256_test_app.elf' is downloaded to processor 'microblaze_0'.
02:17:34 INFO  : ----------------XSDB Script----------------
connect -url tcp:127.0.0.1:3121
targets -set -filter {jtag_cable_name =~ "Digilent Nexys A7 -100T 210292BCFFDAA" && level==0 && jtag_device_ctx=="jsn-Nexys A7 -100T-210292BCFFDAA-13631093-0"}
fpga -file C:/Users/maxgr/Projects/Classes/ECE4300/ECE4300-sha256-microblaze/Vitis/sha_256_test_app/_ide/bitstream/sha256_test_wrapper.bit
targets -set -nocase -filter {name =~ "*microblaze*#0" && bscan=="USER2" }
loadhw -hw C:/Users/maxgr/Projects/Classes/ECE4300/ECE4300-sha256-microblaze/Vitis/sha256_test_wrapper/export/sha256_test_wrapper/hw/sha256_test_wrapper.xsa -regs
configparams mdm-detect-bscan-mask 2
targets -set -nocase -filter {name =~ "*microblaze*#0" && bscan=="USER2" }
rst -system
after 3000
targets -set -nocase -filter {name =~ "*microblaze*#0" && bscan=="USER2" }
dow C:/Users/maxgr/Projects/Classes/ECE4300/ECE4300-sha256-microblaze/Vitis/sha_256_test_app/Debug/sha_256_test_app.elf
----------------End of Script----------------

02:17:34 INFO  : Context for processor 'microblaze_0' is selected.
02:17:34 INFO  : 'con' command is executed.
02:17:34 INFO  : ----------------XSDB Script (After Launch)----------------
targets -set -nocase -filter {name =~ "*microblaze*#0" && bscan=="USER2" }
con
----------------End of Script----------------

02:17:34 INFO  : Launch script is exported to file 'C:\Users\maxgr\Projects\Classes\ECE4300\ECE4300-sha256-microblaze\Vitis\sha_256_test_app_system\_ide\scripts\debugger_sha_256_test_app-default.tcl'
02:21:15 INFO  : Disconnected from the channel tcfchan#5.
02:21:17 INFO  : Checking for BSP changes to sync application flags for project 'sha_256_test_app'...
02:21:24 INFO  : Connected to target on host '127.0.0.1' and port '3121'.
02:21:24 INFO  : Jtag cable 'Digilent Nexys A7 -100T 210292BCFFDAA' is selected.
02:21:24 INFO  : 'jtag frequency' command is executed.
02:21:24 INFO  : 'targets -set -filter {jtag_cable_name =~ "Digilent Nexys A7 -100T 210292BCFFDAA" && level==0 && jtag_device_ctx=="jsn-Nexys A7 -100T-210292BCFFDAA-13631093-0"}' command is executed.
02:21:26 INFO  : Device configured successfully with "C:/Users/maxgr/Projects/Classes/ECE4300/ECE4300-sha256-microblaze/Vitis/sha_256_test_app/_ide/bitstream/sha256_test_wrapper.bit"
02:21:26 INFO  : Context for processor 'microblaze_0' is selected.
02:21:26 INFO  : Hardware design and registers information is loaded from 'C:/Users/maxgr/Projects/Classes/ECE4300/ECE4300-sha256-microblaze/Vitis/sha256_test_wrapper/export/sha256_test_wrapper/hw/sha256_test_wrapper.xsa'.
02:21:26 INFO  : 'configparams mdm-detect-bscan-mask 2' command is executed.
02:21:26 INFO  : Context for processor 'microblaze_0' is selected.
02:21:26 INFO  : System reset is completed.
02:21:29 INFO  : 'after 3000' command is executed.
02:21:29 INFO  : Context for processor 'microblaze_0' is selected.
02:21:29 INFO  : The application 'C:/Users/maxgr/Projects/Classes/ECE4300/ECE4300-sha256-microblaze/Vitis/sha_256_test_app/Debug/sha_256_test_app.elf' is downloaded to processor 'microblaze_0'.
02:21:29 INFO  : ----------------XSDB Script----------------
connect -url tcp:127.0.0.1:3121
targets -set -filter {jtag_cable_name =~ "Digilent Nexys A7 -100T 210292BCFFDAA" && level==0 && jtag_device_ctx=="jsn-Nexys A7 -100T-210292BCFFDAA-13631093-0"}
fpga -file C:/Users/maxgr/Projects/Classes/ECE4300/ECE4300-sha256-microblaze/Vitis/sha_256_test_app/_ide/bitstream/sha256_test_wrapper.bit
targets -set -nocase -filter {name =~ "*microblaze*#0" && bscan=="USER2" }
loadhw -hw C:/Users/maxgr/Projects/Classes/ECE4300/ECE4300-sha256-microblaze/Vitis/sha256_test_wrapper/export/sha256_test_wrapper/hw/sha256_test_wrapper.xsa -regs
configparams mdm-detect-bscan-mask 2
targets -set -nocase -filter {name =~ "*microblaze*#0" && bscan=="USER2" }
rst -system
after 3000
targets -set -nocase -filter {name =~ "*microblaze*#0" && bscan=="USER2" }
dow C:/Users/maxgr/Projects/Classes/ECE4300/ECE4300-sha256-microblaze/Vitis/sha_256_test_app/Debug/sha_256_test_app.elf
----------------End of Script----------------

02:21:30 INFO  : Context for processor 'microblaze_0' is selected.
02:21:30 INFO  : 'con' command is executed.
02:21:30 INFO  : ----------------XSDB Script (After Launch)----------------
targets -set -nocase -filter {name =~ "*microblaze*#0" && bscan=="USER2" }
con
----------------End of Script----------------

02:21:30 INFO  : Launch script is exported to file 'C:\Users\maxgr\Projects\Classes\ECE4300\ECE4300-sha256-microblaze\Vitis\sha_256_test_app_system\_ide\scripts\debugger_sha_256_test_app-default.tcl'
02:24:20 INFO  : Disconnected from the channel tcfchan#6.
02:24:22 INFO  : Checking for BSP changes to sync application flags for project 'sha_256_test_app'...
02:24:25 INFO  : Connected to target on host '127.0.0.1' and port '3121'.
02:24:25 INFO  : Jtag cable 'Digilent Nexys A7 -100T 210292BCFFDAA' is selected.
02:24:25 INFO  : 'jtag frequency' command is executed.
02:24:25 INFO  : 'targets -set -filter {jtag_cable_name =~ "Digilent Nexys A7 -100T 210292BCFFDAA" && level==0 && jtag_device_ctx=="jsn-Nexys A7 -100T-210292BCFFDAA-13631093-0"}' command is executed.
02:24:28 INFO  : Device configured successfully with "C:/Users/maxgr/Projects/Classes/ECE4300/ECE4300-sha256-microblaze/Vitis/sha_256_test_app/_ide/bitstream/sha256_test_wrapper.bit"
02:24:28 INFO  : Context for processor 'microblaze_0' is selected.
02:24:28 INFO  : Hardware design and registers information is loaded from 'C:/Users/maxgr/Projects/Classes/ECE4300/ECE4300-sha256-microblaze/Vitis/sha256_test_wrapper/export/sha256_test_wrapper/hw/sha256_test_wrapper.xsa'.
02:24:28 INFO  : 'configparams mdm-detect-bscan-mask 2' command is executed.
02:24:28 INFO  : Context for processor 'microblaze_0' is selected.
02:24:28 INFO  : System reset is completed.
02:24:31 INFO  : 'after 3000' command is executed.
02:24:31 INFO  : Context for processor 'microblaze_0' is selected.
02:24:31 INFO  : The application 'C:/Users/maxgr/Projects/Classes/ECE4300/ECE4300-sha256-microblaze/Vitis/sha_256_test_app/Debug/sha_256_test_app.elf' is downloaded to processor 'microblaze_0'.
02:24:31 INFO  : ----------------XSDB Script----------------
connect -url tcp:127.0.0.1:3121
targets -set -filter {jtag_cable_name =~ "Digilent Nexys A7 -100T 210292BCFFDAA" && level==0 && jtag_device_ctx=="jsn-Nexys A7 -100T-210292BCFFDAA-13631093-0"}
fpga -file C:/Users/maxgr/Projects/Classes/ECE4300/ECE4300-sha256-microblaze/Vitis/sha_256_test_app/_ide/bitstream/sha256_test_wrapper.bit
targets -set -nocase -filter {name =~ "*microblaze*#0" && bscan=="USER2" }
loadhw -hw C:/Users/maxgr/Projects/Classes/ECE4300/ECE4300-sha256-microblaze/Vitis/sha256_test_wrapper/export/sha256_test_wrapper/hw/sha256_test_wrapper.xsa -regs
configparams mdm-detect-bscan-mask 2
targets -set -nocase -filter {name =~ "*microblaze*#0" && bscan=="USER2" }
rst -system
after 3000
targets -set -nocase -filter {name =~ "*microblaze*#0" && bscan=="USER2" }
dow C:/Users/maxgr/Projects/Classes/ECE4300/ECE4300-sha256-microblaze/Vitis/sha_256_test_app/Debug/sha_256_test_app.elf
----------------End of Script----------------

02:24:31 INFO  : Context for processor 'microblaze_0' is selected.
02:24:31 INFO  : 'con' command is executed.
02:24:31 INFO  : ----------------XSDB Script (After Launch)----------------
targets -set -nocase -filter {name =~ "*microblaze*#0" && bscan=="USER2" }
con
----------------End of Script----------------

02:24:31 INFO  : Launch script is exported to file 'C:\Users\maxgr\Projects\Classes\ECE4300\ECE4300-sha256-microblaze\Vitis\sha_256_test_app_system\_ide\scripts\debugger_sha_256_test_app-default.tcl'
02:25:05 INFO  : Disconnected from the channel tcfchan#7.
02:25:06 INFO  : Checking for BSP changes to sync application flags for project 'sha_256_test_app'...
02:25:15 INFO  : Connected to target on host '127.0.0.1' and port '3121'.
02:25:16 INFO  : Jtag cable 'Digilent Nexys A7 -100T 210292BCFFDAA' is selected.
02:25:16 INFO  : 'jtag frequency' command is executed.
02:25:16 INFO  : 'targets -set -filter {jtag_cable_name =~ "Digilent Nexys A7 -100T 210292BCFFDAA" && level==0 && jtag_device_ctx=="jsn-Nexys A7 -100T-210292BCFFDAA-13631093-0"}' command is executed.
02:25:18 INFO  : Device configured successfully with "C:/Users/maxgr/Projects/Classes/ECE4300/ECE4300-sha256-microblaze/Vitis/sha_256_test_app/_ide/bitstream/sha256_test_wrapper.bit"
02:25:18 INFO  : Context for processor 'microblaze_0' is selected.
02:25:18 INFO  : Hardware design and registers information is loaded from 'C:/Users/maxgr/Projects/Classes/ECE4300/ECE4300-sha256-microblaze/Vitis/sha256_test_wrapper/export/sha256_test_wrapper/hw/sha256_test_wrapper.xsa'.
02:25:18 INFO  : 'configparams mdm-detect-bscan-mask 2' command is executed.
02:25:18 INFO  : Context for processor 'microblaze_0' is selected.
02:25:18 INFO  : System reset is completed.
02:25:21 INFO  : 'after 3000' command is executed.
02:25:21 INFO  : Context for processor 'microblaze_0' is selected.
02:25:21 INFO  : The application 'C:/Users/maxgr/Projects/Classes/ECE4300/ECE4300-sha256-microblaze/Vitis/sha_256_test_app/Debug/sha_256_test_app.elf' is downloaded to processor 'microblaze_0'.
02:25:21 INFO  : ----------------XSDB Script----------------
connect -url tcp:127.0.0.1:3121
targets -set -filter {jtag_cable_name =~ "Digilent Nexys A7 -100T 210292BCFFDAA" && level==0 && jtag_device_ctx=="jsn-Nexys A7 -100T-210292BCFFDAA-13631093-0"}
fpga -file C:/Users/maxgr/Projects/Classes/ECE4300/ECE4300-sha256-microblaze/Vitis/sha_256_test_app/_ide/bitstream/sha256_test_wrapper.bit
targets -set -nocase -filter {name =~ "*microblaze*#0" && bscan=="USER2" }
loadhw -hw C:/Users/maxgr/Projects/Classes/ECE4300/ECE4300-sha256-microblaze/Vitis/sha256_test_wrapper/export/sha256_test_wrapper/hw/sha256_test_wrapper.xsa -regs
configparams mdm-detect-bscan-mask 2
targets -set -nocase -filter {name =~ "*microblaze*#0" && bscan=="USER2" }
rst -system
after 3000
targets -set -nocase -filter {name =~ "*microblaze*#0" && bscan=="USER2" }
dow C:/Users/maxgr/Projects/Classes/ECE4300/ECE4300-sha256-microblaze/Vitis/sha_256_test_app/Debug/sha_256_test_app.elf
----------------End of Script----------------

02:25:21 INFO  : Context for processor 'microblaze_0' is selected.
02:25:21 INFO  : 'con' command is executed.
02:25:21 INFO  : ----------------XSDB Script (After Launch)----------------
targets -set -nocase -filter {name =~ "*microblaze*#0" && bscan=="USER2" }
con
----------------End of Script----------------

02:25:21 INFO  : Launch script is exported to file 'C:\Users\maxgr\Projects\Classes\ECE4300\ECE4300-sha256-microblaze\Vitis\sha_256_test_app_system\_ide\scripts\debugger_sha_256_test_app-default.tcl'
02:26:10 INFO  : Checking for BSP changes to sync application flags for project 'sha_256_test_app'...
02:26:17 INFO  : Checking for BSP changes to sync application flags for project 'sha_256_test_app'...
02:26:18 INFO  : Disconnected from the channel tcfchan#8.
02:26:32 INFO  : Connected to target on host '127.0.0.1' and port '3121'.
02:26:32 INFO  : Jtag cable 'Digilent Nexys A7 -100T 210292BCFFDAA' is selected.
02:26:32 INFO  : 'jtag frequency' command is executed.
02:26:32 INFO  : 'targets -set -filter {jtag_cable_name =~ "Digilent Nexys A7 -100T 210292BCFFDAA" && level==0 && jtag_device_ctx=="jsn-Nexys A7 -100T-210292BCFFDAA-13631093-0"}' command is executed.
02:26:34 INFO  : Device configured successfully with "C:/Users/maxgr/Projects/Classes/ECE4300/ECE4300-sha256-microblaze/Vitis/sha_256_test_app/_ide/bitstream/sha256_test_wrapper.bit"
02:26:34 INFO  : Context for processor 'microblaze_0' is selected.
02:26:34 INFO  : Hardware design and registers information is loaded from 'C:/Users/maxgr/Projects/Classes/ECE4300/ECE4300-sha256-microblaze/Vitis/sha256_test_wrapper/export/sha256_test_wrapper/hw/sha256_test_wrapper.xsa'.
02:26:34 INFO  : 'configparams mdm-detect-bscan-mask 2' command is executed.
02:26:34 INFO  : Context for processor 'microblaze_0' is selected.
02:26:34 INFO  : System reset is completed.
02:26:37 INFO  : 'after 3000' command is executed.
02:26:37 INFO  : Context for processor 'microblaze_0' is selected.
02:26:37 INFO  : The application 'C:/Users/maxgr/Projects/Classes/ECE4300/ECE4300-sha256-microblaze/Vitis/sha_256_test_app/Debug/sha_256_test_app.elf' is downloaded to processor 'microblaze_0'.
02:26:37 INFO  : ----------------XSDB Script----------------
connect -url tcp:127.0.0.1:3121
targets -set -filter {jtag_cable_name =~ "Digilent Nexys A7 -100T 210292BCFFDAA" && level==0 && jtag_device_ctx=="jsn-Nexys A7 -100T-210292BCFFDAA-13631093-0"}
fpga -file C:/Users/maxgr/Projects/Classes/ECE4300/ECE4300-sha256-microblaze/Vitis/sha_256_test_app/_ide/bitstream/sha256_test_wrapper.bit
targets -set -nocase -filter {name =~ "*microblaze*#0" && bscan=="USER2" }
loadhw -hw C:/Users/maxgr/Projects/Classes/ECE4300/ECE4300-sha256-microblaze/Vitis/sha256_test_wrapper/export/sha256_test_wrapper/hw/sha256_test_wrapper.xsa -regs
configparams mdm-detect-bscan-mask 2
targets -set -nocase -filter {name =~ "*microblaze*#0" && bscan=="USER2" }
rst -system
after 3000
targets -set -nocase -filter {name =~ "*microblaze*#0" && bscan=="USER2" }
dow C:/Users/maxgr/Projects/Classes/ECE4300/ECE4300-sha256-microblaze/Vitis/sha_256_test_app/Debug/sha_256_test_app.elf
----------------End of Script----------------

02:26:37 INFO  : Context for processor 'microblaze_0' is selected.
02:26:37 INFO  : 'con' command is executed.
02:26:37 INFO  : ----------------XSDB Script (After Launch)----------------
targets -set -nocase -filter {name =~ "*microblaze*#0" && bscan=="USER2" }
con
----------------End of Script----------------

02:26:37 INFO  : Launch script is exported to file 'C:\Users\maxgr\Projects\Classes\ECE4300\ECE4300-sha256-microblaze\Vitis\sha_256_test_app_system\_ide\scripts\debugger_sha_256_test_app-default.tcl'
02:29:46 INFO  : Disconnected from the channel tcfchan#9.
02:29:47 INFO  : Checking for BSP changes to sync application flags for project 'sha_256_test_app'...
02:29:55 INFO  : Checking for BSP changes to sync application flags for project 'sha_256_test_app'...
02:30:00 INFO  : Connected to target on host '127.0.0.1' and port '3121'.
02:30:00 INFO  : Jtag cable 'Digilent Nexys A7 -100T 210292BCFFDAA' is selected.
02:30:00 INFO  : 'jtag frequency' command is executed.
02:30:00 INFO  : 'targets -set -filter {jtag_cable_name =~ "Digilent Nexys A7 -100T 210292BCFFDAA" && level==0 && jtag_device_ctx=="jsn-Nexys A7 -100T-210292BCFFDAA-13631093-0"}' command is executed.
02:30:02 INFO  : Device configured successfully with "C:/Users/maxgr/Projects/Classes/ECE4300/ECE4300-sha256-microblaze/Vitis/sha_256_test_app/_ide/bitstream/sha256_test_wrapper.bit"
02:30:02 INFO  : Context for processor 'microblaze_0' is selected.
02:30:02 INFO  : Hardware design and registers information is loaded from 'C:/Users/maxgr/Projects/Classes/ECE4300/ECE4300-sha256-microblaze/Vitis/sha256_test_wrapper/export/sha256_test_wrapper/hw/sha256_test_wrapper.xsa'.
02:30:02 INFO  : 'configparams mdm-detect-bscan-mask 2' command is executed.
02:30:02 INFO  : Context for processor 'microblaze_0' is selected.
02:30:02 INFO  : System reset is completed.
02:30:06 INFO  : 'after 3000' command is executed.
02:30:06 INFO  : Context for processor 'microblaze_0' is selected.
02:30:06 INFO  : The application 'C:/Users/maxgr/Projects/Classes/ECE4300/ECE4300-sha256-microblaze/Vitis/sha_256_test_app/Debug/sha_256_test_app.elf' is downloaded to processor 'microblaze_0'.
02:30:06 INFO  : ----------------XSDB Script----------------
connect -url tcp:127.0.0.1:3121
targets -set -filter {jtag_cable_name =~ "Digilent Nexys A7 -100T 210292BCFFDAA" && level==0 && jtag_device_ctx=="jsn-Nexys A7 -100T-210292BCFFDAA-13631093-0"}
fpga -file C:/Users/maxgr/Projects/Classes/ECE4300/ECE4300-sha256-microblaze/Vitis/sha_256_test_app/_ide/bitstream/sha256_test_wrapper.bit
targets -set -nocase -filter {name =~ "*microblaze*#0" && bscan=="USER2" }
loadhw -hw C:/Users/maxgr/Projects/Classes/ECE4300/ECE4300-sha256-microblaze/Vitis/sha256_test_wrapper/export/sha256_test_wrapper/hw/sha256_test_wrapper.xsa -regs
configparams mdm-detect-bscan-mask 2
targets -set -nocase -filter {name =~ "*microblaze*#0" && bscan=="USER2" }
rst -system
after 3000
targets -set -nocase -filter {name =~ "*microblaze*#0" && bscan=="USER2" }
dow C:/Users/maxgr/Projects/Classes/ECE4300/ECE4300-sha256-microblaze/Vitis/sha_256_test_app/Debug/sha_256_test_app.elf
----------------End of Script----------------

02:30:06 INFO  : Context for processor 'microblaze_0' is selected.
02:30:06 INFO  : 'con' command is executed.
02:30:06 INFO  : ----------------XSDB Script (After Launch)----------------
targets -set -nocase -filter {name =~ "*microblaze*#0" && bscan=="USER2" }
con
----------------End of Script----------------

02:30:06 INFO  : Launch script is exported to file 'C:\Users\maxgr\Projects\Classes\ECE4300\ECE4300-sha256-microblaze\Vitis\sha_256_test_app_system\_ide\scripts\debugger_sha_256_test_app-default.tcl'
02:31:37 INFO  : Disconnected from the channel tcfchan#10.
02:31:58 INFO  : Connected to target on host '127.0.0.1' and port '3121'.
02:31:58 INFO  : Jtag cable 'Digilent Nexys A7 -100T 210292BCFFDAA' is selected.
02:31:58 INFO  : 'jtag frequency' command is executed.
02:31:59 INFO  : 'targets -set -filter {jtag_cable_name =~ "Digilent Nexys A7 -100T 210292BCFFDAA" && level==0 && jtag_device_ctx=="jsn-Nexys A7 -100T-210292BCFFDAA-13631093-0"}' command is executed.
02:32:01 INFO  : Device configured successfully with "C:/Users/maxgr/Projects/Classes/ECE4300/ECE4300-sha256-microblaze/Vitis/sha_256_test_app/_ide/bitstream/sha256_test_wrapper.bit"
02:32:01 INFO  : Context for processor 'microblaze_0' is selected.
02:32:01 INFO  : Hardware design and registers information is loaded from 'C:/Users/maxgr/Projects/Classes/ECE4300/ECE4300-sha256-microblaze/Vitis/sha256_test_wrapper/export/sha256_test_wrapper/hw/sha256_test_wrapper.xsa'.
02:32:01 INFO  : 'configparams mdm-detect-bscan-mask 2' command is executed.
02:32:01 INFO  : Context for processor 'microblaze_0' is selected.
02:32:01 INFO  : System reset is completed.
02:32:04 INFO  : 'after 3000' command is executed.
02:32:04 INFO  : Context for processor 'microblaze_0' is selected.
02:32:04 INFO  : The application 'C:/Users/maxgr/Projects/Classes/ECE4300/ECE4300-sha256-microblaze/Vitis/sha_256_test_app/Debug/sha_256_test_app.elf' is downloaded to processor 'microblaze_0'.
02:32:04 INFO  : ----------------XSDB Script----------------
connect -url tcp:127.0.0.1:3121
targets -set -filter {jtag_cable_name =~ "Digilent Nexys A7 -100T 210292BCFFDAA" && level==0 && jtag_device_ctx=="jsn-Nexys A7 -100T-210292BCFFDAA-13631093-0"}
fpga -file C:/Users/maxgr/Projects/Classes/ECE4300/ECE4300-sha256-microblaze/Vitis/sha_256_test_app/_ide/bitstream/sha256_test_wrapper.bit
targets -set -nocase -filter {name =~ "*microblaze*#0" && bscan=="USER2" }
loadhw -hw C:/Users/maxgr/Projects/Classes/ECE4300/ECE4300-sha256-microblaze/Vitis/sha256_test_wrapper/export/sha256_test_wrapper/hw/sha256_test_wrapper.xsa -regs
configparams mdm-detect-bscan-mask 2
targets -set -nocase -filter {name =~ "*microblaze*#0" && bscan=="USER2" }
rst -system
after 3000
targets -set -nocase -filter {name =~ "*microblaze*#0" && bscan=="USER2" }
dow C:/Users/maxgr/Projects/Classes/ECE4300/ECE4300-sha256-microblaze/Vitis/sha_256_test_app/Debug/sha_256_test_app.elf
----------------End of Script----------------

02:32:04 INFO  : Context for processor 'microblaze_0' is selected.
02:32:04 INFO  : 'con' command is executed.
02:32:04 INFO  : ----------------XSDB Script (After Launch)----------------
targets -set -nocase -filter {name =~ "*microblaze*#0" && bscan=="USER2" }
con
----------------End of Script----------------

02:32:04 INFO  : Launch script is exported to file 'C:\Users\maxgr\Projects\Classes\ECE4300\ECE4300-sha256-microblaze\Vitis\sha_256_test_app_system\_ide\scripts\debugger_sha_256_test_app-default.tcl'
02:34:45 INFO  : Checking for BSP changes to sync application flags for project 'sha_256_test_app'...
02:34:48 INFO  : Disconnected from the channel tcfchan#11.
02:34:51 INFO  : Connected to target on host '127.0.0.1' and port '3121'.
02:34:51 INFO  : Jtag cable 'Digilent Nexys A7 -100T 210292BCFFDAA' is selected.
02:34:51 INFO  : 'jtag frequency' command is executed.
02:34:51 INFO  : 'targets -set -filter {jtag_cable_name =~ "Digilent Nexys A7 -100T 210292BCFFDAA" && level==0 && jtag_device_ctx=="jsn-Nexys A7 -100T-210292BCFFDAA-13631093-0"}' command is executed.
02:34:53 INFO  : Device configured successfully with "C:/Users/maxgr/Projects/Classes/ECE4300/ECE4300-sha256-microblaze/Vitis/sha_256_test_app/_ide/bitstream/sha256_test_wrapper.bit"
02:34:53 INFO  : Context for processor 'microblaze_0' is selected.
02:34:53 INFO  : Hardware design and registers information is loaded from 'C:/Users/maxgr/Projects/Classes/ECE4300/ECE4300-sha256-microblaze/Vitis/sha256_test_wrapper/export/sha256_test_wrapper/hw/sha256_test_wrapper.xsa'.
02:34:53 INFO  : 'configparams mdm-detect-bscan-mask 2' command is executed.
02:34:53 INFO  : Context for processor 'microblaze_0' is selected.
02:34:53 INFO  : System reset is completed.
02:34:56 INFO  : 'after 3000' command is executed.
02:34:56 INFO  : Context for processor 'microblaze_0' is selected.
02:34:56 INFO  : The application 'C:/Users/maxgr/Projects/Classes/ECE4300/ECE4300-sha256-microblaze/Vitis/sha_256_test_app/Debug/sha_256_test_app.elf' is downloaded to processor 'microblaze_0'.
02:34:56 INFO  : ----------------XSDB Script----------------
connect -url tcp:127.0.0.1:3121
targets -set -filter {jtag_cable_name =~ "Digilent Nexys A7 -100T 210292BCFFDAA" && level==0 && jtag_device_ctx=="jsn-Nexys A7 -100T-210292BCFFDAA-13631093-0"}
fpga -file C:/Users/maxgr/Projects/Classes/ECE4300/ECE4300-sha256-microblaze/Vitis/sha_256_test_app/_ide/bitstream/sha256_test_wrapper.bit
targets -set -nocase -filter {name =~ "*microblaze*#0" && bscan=="USER2" }
loadhw -hw C:/Users/maxgr/Projects/Classes/ECE4300/ECE4300-sha256-microblaze/Vitis/sha256_test_wrapper/export/sha256_test_wrapper/hw/sha256_test_wrapper.xsa -regs
configparams mdm-detect-bscan-mask 2
targets -set -nocase -filter {name =~ "*microblaze*#0" && bscan=="USER2" }
rst -system
after 3000
targets -set -nocase -filter {name =~ "*microblaze*#0" && bscan=="USER2" }
dow C:/Users/maxgr/Projects/Classes/ECE4300/ECE4300-sha256-microblaze/Vitis/sha_256_test_app/Debug/sha_256_test_app.elf
----------------End of Script----------------

02:34:57 INFO  : Context for processor 'microblaze_0' is selected.
02:34:57 INFO  : 'con' command is executed.
02:34:57 INFO  : ----------------XSDB Script (After Launch)----------------
targets -set -nocase -filter {name =~ "*microblaze*#0" && bscan=="USER2" }
con
----------------End of Script----------------

02:34:57 INFO  : Launch script is exported to file 'C:\Users\maxgr\Projects\Classes\ECE4300\ECE4300-sha256-microblaze\Vitis\sha_256_test_app_system\_ide\scripts\debugger_sha_256_test_app-default.tcl'
02:35:40 INFO  : Disconnected from the channel tcfchan#12.
02:35:41 INFO  : Checking for BSP changes to sync application flags for project 'sha_256_test_app'...
02:35:46 INFO  : Connected to target on host '127.0.0.1' and port '3121'.
02:35:46 INFO  : Jtag cable 'Digilent Nexys A7 -100T 210292BCFFDAA' is selected.
02:35:46 INFO  : 'jtag frequency' command is executed.
02:35:46 INFO  : 'targets -set -filter {jtag_cable_name =~ "Digilent Nexys A7 -100T 210292BCFFDAA" && level==0 && jtag_device_ctx=="jsn-Nexys A7 -100T-210292BCFFDAA-13631093-0"}' command is executed.
02:35:48 INFO  : Device configured successfully with "C:/Users/maxgr/Projects/Classes/ECE4300/ECE4300-sha256-microblaze/Vitis/sha_256_test_app/_ide/bitstream/sha256_test_wrapper.bit"
02:35:48 INFO  : Context for processor 'microblaze_0' is selected.
02:35:48 INFO  : Hardware design and registers information is loaded from 'C:/Users/maxgr/Projects/Classes/ECE4300/ECE4300-sha256-microblaze/Vitis/sha256_test_wrapper/export/sha256_test_wrapper/hw/sha256_test_wrapper.xsa'.
02:35:48 INFO  : 'configparams mdm-detect-bscan-mask 2' command is executed.
02:35:48 INFO  : Context for processor 'microblaze_0' is selected.
02:35:48 INFO  : System reset is completed.
02:35:51 INFO  : 'after 3000' command is executed.
02:35:51 INFO  : Context for processor 'microblaze_0' is selected.
02:35:51 INFO  : The application 'C:/Users/maxgr/Projects/Classes/ECE4300/ECE4300-sha256-microblaze/Vitis/sha_256_test_app/Debug/sha_256_test_app.elf' is downloaded to processor 'microblaze_0'.
02:35:51 INFO  : ----------------XSDB Script----------------
connect -url tcp:127.0.0.1:3121
targets -set -filter {jtag_cable_name =~ "Digilent Nexys A7 -100T 210292BCFFDAA" && level==0 && jtag_device_ctx=="jsn-Nexys A7 -100T-210292BCFFDAA-13631093-0"}
fpga -file C:/Users/maxgr/Projects/Classes/ECE4300/ECE4300-sha256-microblaze/Vitis/sha_256_test_app/_ide/bitstream/sha256_test_wrapper.bit
targets -set -nocase -filter {name =~ "*microblaze*#0" && bscan=="USER2" }
loadhw -hw C:/Users/maxgr/Projects/Classes/ECE4300/ECE4300-sha256-microblaze/Vitis/sha256_test_wrapper/export/sha256_test_wrapper/hw/sha256_test_wrapper.xsa -regs
configparams mdm-detect-bscan-mask 2
targets -set -nocase -filter {name =~ "*microblaze*#0" && bscan=="USER2" }
rst -system
after 3000
targets -set -nocase -filter {name =~ "*microblaze*#0" && bscan=="USER2" }
dow C:/Users/maxgr/Projects/Classes/ECE4300/ECE4300-sha256-microblaze/Vitis/sha_256_test_app/Debug/sha_256_test_app.elf
----------------End of Script----------------

02:35:52 INFO  : Context for processor 'microblaze_0' is selected.
02:35:52 INFO  : 'con' command is executed.
02:35:52 INFO  : ----------------XSDB Script (After Launch)----------------
targets -set -nocase -filter {name =~ "*microblaze*#0" && bscan=="USER2" }
con
----------------End of Script----------------

02:35:52 INFO  : Launch script is exported to file 'C:\Users\maxgr\Projects\Classes\ECE4300\ECE4300-sha256-microblaze\Vitis\sha_256_test_app_system\_ide\scripts\debugger_sha_256_test_app-default.tcl'
02:36:34 INFO  : Disconnected from the channel tcfchan#13.
02:36:41 INFO  : Connected to target on host '127.0.0.1' and port '3121'.
02:36:41 INFO  : Jtag cable 'Digilent Nexys A7 -100T 210292BCFFDAA' is selected.
02:36:41 INFO  : 'jtag frequency' command is executed.
02:36:41 INFO  : 'targets -set -filter {jtag_cable_name =~ "Digilent Nexys A7 -100T 210292BCFFDAA" && level==0 && jtag_device_ctx=="jsn-Nexys A7 -100T-210292BCFFDAA-13631093-0"}' command is executed.
02:36:43 INFO  : Device configured successfully with "C:/Users/maxgr/Projects/Classes/ECE4300/ECE4300-sha256-microblaze/Vitis/sha_256_test_app/_ide/bitstream/sha256_test_wrapper.bit"
02:36:43 INFO  : Context for processor 'microblaze_0' is selected.
02:36:43 INFO  : Hardware design and registers information is loaded from 'C:/Users/maxgr/Projects/Classes/ECE4300/ECE4300-sha256-microblaze/Vitis/sha256_test_wrapper/export/sha256_test_wrapper/hw/sha256_test_wrapper.xsa'.
02:36:43 INFO  : 'configparams mdm-detect-bscan-mask 2' command is executed.
02:36:43 INFO  : Context for processor 'microblaze_0' is selected.
02:36:43 INFO  : System reset is completed.
02:36:46 INFO  : 'after 3000' command is executed.
02:36:46 INFO  : Context for processor 'microblaze_0' is selected.
02:36:47 INFO  : The application 'C:/Users/maxgr/Projects/Classes/ECE4300/ECE4300-sha256-microblaze/Vitis/sha_256_test_app/Debug/sha_256_test_app.elf' is downloaded to processor 'microblaze_0'.
02:36:47 INFO  : ----------------XSDB Script----------------
connect -url tcp:127.0.0.1:3121
targets -set -filter {jtag_cable_name =~ "Digilent Nexys A7 -100T 210292BCFFDAA" && level==0 && jtag_device_ctx=="jsn-Nexys A7 -100T-210292BCFFDAA-13631093-0"}
fpga -file C:/Users/maxgr/Projects/Classes/ECE4300/ECE4300-sha256-microblaze/Vitis/sha_256_test_app/_ide/bitstream/sha256_test_wrapper.bit
targets -set -nocase -filter {name =~ "*microblaze*#0" && bscan=="USER2" }
loadhw -hw C:/Users/maxgr/Projects/Classes/ECE4300/ECE4300-sha256-microblaze/Vitis/sha256_test_wrapper/export/sha256_test_wrapper/hw/sha256_test_wrapper.xsa -regs
configparams mdm-detect-bscan-mask 2
targets -set -nocase -filter {name =~ "*microblaze*#0" && bscan=="USER2" }
rst -system
after 3000
targets -set -nocase -filter {name =~ "*microblaze*#0" && bscan=="USER2" }
dow C:/Users/maxgr/Projects/Classes/ECE4300/ECE4300-sha256-microblaze/Vitis/sha_256_test_app/Debug/sha_256_test_app.elf
----------------End of Script----------------

02:36:47 INFO  : Context for processor 'microblaze_0' is selected.
02:36:47 INFO  : 'con' command is executed.
02:36:47 INFO  : ----------------XSDB Script (After Launch)----------------
targets -set -nocase -filter {name =~ "*microblaze*#0" && bscan=="USER2" }
con
----------------End of Script----------------

02:36:47 INFO  : Launch script is exported to file 'C:\Users\maxgr\Projects\Classes\ECE4300\ECE4300-sha256-microblaze\Vitis\sha_256_test_app_system\_ide\scripts\debugger_sha_256_test_app-default.tcl'
02:38:49 INFO  : Disconnected from the channel tcfchan#14.
02:38:51 INFO  : Connected to target on host '127.0.0.1' and port '3121'.
02:38:51 INFO  : Jtag cable 'Digilent Nexys A7 -100T 210292BCFFDAA' is selected.
02:38:51 INFO  : 'jtag frequency' command is executed.
02:38:51 INFO  : 'targets -set -filter {jtag_cable_name =~ "Digilent Nexys A7 -100T 210292BCFFDAA" && level==0 && jtag_device_ctx=="jsn-Nexys A7 -100T-210292BCFFDAA-13631093-0"}' command is executed.
02:38:53 INFO  : Device configured successfully with "C:/Users/maxgr/Projects/Classes/ECE4300/ECE4300-sha256-microblaze/Vitis/sha_256_test_app/_ide/bitstream/sha256_test_wrapper.bit"
02:38:53 INFO  : Context for processor 'microblaze_0' is selected.
02:38:53 INFO  : Hardware design and registers information is loaded from 'C:/Users/maxgr/Projects/Classes/ECE4300/ECE4300-sha256-microblaze/Vitis/sha256_test_wrapper/export/sha256_test_wrapper/hw/sha256_test_wrapper.xsa'.
02:38:53 INFO  : 'configparams mdm-detect-bscan-mask 2' command is executed.
02:38:53 INFO  : Context for processor 'microblaze_0' is selected.
02:38:53 INFO  : System reset is completed.
02:38:56 INFO  : 'after 3000' command is executed.
02:38:56 INFO  : Context for processor 'microblaze_0' is selected.
02:38:57 INFO  : The application 'C:/Users/maxgr/Projects/Classes/ECE4300/ECE4300-sha256-microblaze/Vitis/sha_256_test_app/Debug/sha_256_test_app.elf' is downloaded to processor 'microblaze_0'.
02:38:57 INFO  : ----------------XSDB Script----------------
connect -url tcp:127.0.0.1:3121
targets -set -filter {jtag_cable_name =~ "Digilent Nexys A7 -100T 210292BCFFDAA" && level==0 && jtag_device_ctx=="jsn-Nexys A7 -100T-210292BCFFDAA-13631093-0"}
fpga -file C:/Users/maxgr/Projects/Classes/ECE4300/ECE4300-sha256-microblaze/Vitis/sha_256_test_app/_ide/bitstream/sha256_test_wrapper.bit
targets -set -nocase -filter {name =~ "*microblaze*#0" && bscan=="USER2" }
loadhw -hw C:/Users/maxgr/Projects/Classes/ECE4300/ECE4300-sha256-microblaze/Vitis/sha256_test_wrapper/export/sha256_test_wrapper/hw/sha256_test_wrapper.xsa -regs
configparams mdm-detect-bscan-mask 2
targets -set -nocase -filter {name =~ "*microblaze*#0" && bscan=="USER2" }
rst -system
after 3000
targets -set -nocase -filter {name =~ "*microblaze*#0" && bscan=="USER2" }
dow C:/Users/maxgr/Projects/Classes/ECE4300/ECE4300-sha256-microblaze/Vitis/sha_256_test_app/Debug/sha_256_test_app.elf
----------------End of Script----------------

02:38:57 INFO  : Context for processor 'microblaze_0' is selected.
02:38:57 INFO  : 'con' command is executed.
02:38:57 INFO  : ----------------XSDB Script (After Launch)----------------
targets -set -nocase -filter {name =~ "*microblaze*#0" && bscan=="USER2" }
con
----------------End of Script----------------

02:38:57 INFO  : Launch script is exported to file 'C:\Users\maxgr\Projects\Classes\ECE4300\ECE4300-sha256-microblaze\Vitis\sha_256_test_app_system\_ide\scripts\debugger_sha_256_test_app-default.tcl'
02:39:59 INFO  : Disconnected from the channel tcfchan#15.
02:40:00 INFO  : Connected to target on host '127.0.0.1' and port '3121'.
02:40:00 INFO  : Jtag cable 'Digilent Nexys A7 -100T 210292BCFFDAA' is selected.
02:40:00 INFO  : 'jtag frequency' command is executed.
02:40:01 INFO  : 'targets -set -filter {jtag_cable_name =~ "Digilent Nexys A7 -100T 210292BCFFDAA" && level==0 && jtag_device_ctx=="jsn-Nexys A7 -100T-210292BCFFDAA-13631093-0"}' command is executed.
02:40:03 INFO  : Device configured successfully with "C:/Users/maxgr/Projects/Classes/ECE4300/ECE4300-sha256-microblaze/Vitis/sha_256_test_app/_ide/bitstream/sha256_test_wrapper.bit"
02:40:03 INFO  : Context for processor 'microblaze_0' is selected.
02:40:03 INFO  : Hardware design and registers information is loaded from 'C:/Users/maxgr/Projects/Classes/ECE4300/ECE4300-sha256-microblaze/Vitis/sha256_test_wrapper/export/sha256_test_wrapper/hw/sha256_test_wrapper.xsa'.
02:40:03 INFO  : 'configparams mdm-detect-bscan-mask 2' command is executed.
02:40:03 INFO  : Context for processor 'microblaze_0' is selected.
02:40:03 INFO  : System reset is completed.
02:40:06 INFO  : 'after 3000' command is executed.
02:40:06 INFO  : Context for processor 'microblaze_0' is selected.
02:40:06 INFO  : The application 'C:/Users/maxgr/Projects/Classes/ECE4300/ECE4300-sha256-microblaze/Vitis/sha_256_test_app/Debug/sha_256_test_app.elf' is downloaded to processor 'microblaze_0'.
02:40:06 INFO  : ----------------XSDB Script----------------
connect -url tcp:127.0.0.1:3121
targets -set -filter {jtag_cable_name =~ "Digilent Nexys A7 -100T 210292BCFFDAA" && level==0 && jtag_device_ctx=="jsn-Nexys A7 -100T-210292BCFFDAA-13631093-0"}
fpga -file C:/Users/maxgr/Projects/Classes/ECE4300/ECE4300-sha256-microblaze/Vitis/sha_256_test_app/_ide/bitstream/sha256_test_wrapper.bit
targets -set -nocase -filter {name =~ "*microblaze*#0" && bscan=="USER2" }
loadhw -hw C:/Users/maxgr/Projects/Classes/ECE4300/ECE4300-sha256-microblaze/Vitis/sha256_test_wrapper/export/sha256_test_wrapper/hw/sha256_test_wrapper.xsa -regs
configparams mdm-detect-bscan-mask 2
targets -set -nocase -filter {name =~ "*microblaze*#0" && bscan=="USER2" }
rst -system
after 3000
targets -set -nocase -filter {name =~ "*microblaze*#0" && bscan=="USER2" }
dow C:/Users/maxgr/Projects/Classes/ECE4300/ECE4300-sha256-microblaze/Vitis/sha_256_test_app/Debug/sha_256_test_app.elf
----------------End of Script----------------

02:40:06 INFO  : Context for processor 'microblaze_0' is selected.
02:40:06 INFO  : 'con' command is executed.
02:40:06 INFO  : ----------------XSDB Script (After Launch)----------------
targets -set -nocase -filter {name =~ "*microblaze*#0" && bscan=="USER2" }
con
----------------End of Script----------------

02:40:06 INFO  : Launch script is exported to file 'C:\Users\maxgr\Projects\Classes\ECE4300\ECE4300-sha256-microblaze\Vitis\sha_256_test_app_system\_ide\scripts\debugger_sha_256_test_app-default.tcl'
02:44:12 INFO  : Disconnected from the channel tcfchan#16.
02:44:14 INFO  : Connected to target on host '127.0.0.1' and port '3121'.
02:44:14 INFO  : Jtag cable 'Digilent Nexys A7 -100T 210292BCFFDAA' is selected.
02:44:14 INFO  : 'jtag frequency' command is executed.
02:44:14 INFO  : 'targets -set -filter {jtag_cable_name =~ "Digilent Nexys A7 -100T 210292BCFFDAA" && level==0 && jtag_device_ctx=="jsn-Nexys A7 -100T-210292BCFFDAA-13631093-0"}' command is executed.
02:44:16 INFO  : Device configured successfully with "C:/Users/maxgr/Projects/Classes/ECE4300/ECE4300-sha256-microblaze/Vitis/sha_256_test_app/_ide/bitstream/sha256_test_wrapper.bit"
02:44:16 INFO  : Context for processor 'microblaze_0' is selected.
02:44:16 INFO  : Hardware design and registers information is loaded from 'C:/Users/maxgr/Projects/Classes/ECE4300/ECE4300-sha256-microblaze/Vitis/sha256_test_wrapper/export/sha256_test_wrapper/hw/sha256_test_wrapper.xsa'.
02:44:16 INFO  : 'configparams mdm-detect-bscan-mask 2' command is executed.
02:44:16 INFO  : Context for processor 'microblaze_0' is selected.
02:44:16 INFO  : System reset is completed.
02:44:19 INFO  : 'after 3000' command is executed.
02:44:19 INFO  : Context for processor 'microblaze_0' is selected.
02:44:19 INFO  : The application 'C:/Users/maxgr/Projects/Classes/ECE4300/ECE4300-sha256-microblaze/Vitis/sha_256_test_app/Debug/sha_256_test_app.elf' is downloaded to processor 'microblaze_0'.
02:44:19 INFO  : ----------------XSDB Script----------------
connect -url tcp:127.0.0.1:3121
targets -set -filter {jtag_cable_name =~ "Digilent Nexys A7 -100T 210292BCFFDAA" && level==0 && jtag_device_ctx=="jsn-Nexys A7 -100T-210292BCFFDAA-13631093-0"}
fpga -file C:/Users/maxgr/Projects/Classes/ECE4300/ECE4300-sha256-microblaze/Vitis/sha_256_test_app/_ide/bitstream/sha256_test_wrapper.bit
targets -set -nocase -filter {name =~ "*microblaze*#0" && bscan=="USER2" }
loadhw -hw C:/Users/maxgr/Projects/Classes/ECE4300/ECE4300-sha256-microblaze/Vitis/sha256_test_wrapper/export/sha256_test_wrapper/hw/sha256_test_wrapper.xsa -regs
configparams mdm-detect-bscan-mask 2
targets -set -nocase -filter {name =~ "*microblaze*#0" && bscan=="USER2" }
rst -system
after 3000
targets -set -nocase -filter {name =~ "*microblaze*#0" && bscan=="USER2" }
dow C:/Users/maxgr/Projects/Classes/ECE4300/ECE4300-sha256-microblaze/Vitis/sha_256_test_app/Debug/sha_256_test_app.elf
----------------End of Script----------------

02:44:19 INFO  : Context for processor 'microblaze_0' is selected.
02:44:19 INFO  : 'con' command is executed.
02:44:19 INFO  : ----------------XSDB Script (After Launch)----------------
targets -set -nocase -filter {name =~ "*microblaze*#0" && bscan=="USER2" }
con
----------------End of Script----------------

02:44:19 INFO  : Launch script is exported to file 'C:\Users\maxgr\Projects\Classes\ECE4300\ECE4300-sha256-microblaze\Vitis\sha_256_test_app_system\_ide\scripts\debugger_sha_256_test_app-default.tcl'
02:55:06 INFO  : Disconnected from the channel tcfchan#17.
02:55:07 INFO  : Connected to target on host '127.0.0.1' and port '3121'.
02:55:07 INFO  : Jtag cable 'Digilent Nexys A7 -100T 210292BCFFDAA' is selected.
02:55:07 INFO  : 'jtag frequency' command is executed.
02:55:07 INFO  : 'targets -set -filter {jtag_cable_name =~ "Digilent Nexys A7 -100T 210292BCFFDAA" && level==0 && jtag_device_ctx=="jsn-Nexys A7 -100T-210292BCFFDAA-13631093-0"}' command is executed.
02:55:10 INFO  : Device configured successfully with "C:/Users/maxgr/Projects/Classes/ECE4300/ECE4300-sha256-microblaze/Vitis/sha_256_test_app/_ide/bitstream/sha256_test_wrapper.bit"
02:55:10 INFO  : Context for processor 'microblaze_0' is selected.
02:55:10 INFO  : Hardware design and registers information is loaded from 'C:/Users/maxgr/Projects/Classes/ECE4300/ECE4300-sha256-microblaze/Vitis/sha256_test_wrapper/export/sha256_test_wrapper/hw/sha256_test_wrapper.xsa'.
02:55:10 INFO  : 'configparams mdm-detect-bscan-mask 2' command is executed.
02:55:10 INFO  : Context for processor 'microblaze_0' is selected.
02:55:10 INFO  : System reset is completed.
02:55:13 INFO  : 'after 3000' command is executed.
02:55:13 INFO  : Context for processor 'microblaze_0' is selected.
02:55:13 INFO  : The application 'C:/Users/maxgr/Projects/Classes/ECE4300/ECE4300-sha256-microblaze/Vitis/sha_256_test_app/Debug/sha_256_test_app.elf' is downloaded to processor 'microblaze_0'.
02:55:13 INFO  : ----------------XSDB Script----------------
connect -url tcp:127.0.0.1:3121
targets -set -filter {jtag_cable_name =~ "Digilent Nexys A7 -100T 210292BCFFDAA" && level==0 && jtag_device_ctx=="jsn-Nexys A7 -100T-210292BCFFDAA-13631093-0"}
fpga -file C:/Users/maxgr/Projects/Classes/ECE4300/ECE4300-sha256-microblaze/Vitis/sha_256_test_app/_ide/bitstream/sha256_test_wrapper.bit
targets -set -nocase -filter {name =~ "*microblaze*#0" && bscan=="USER2" }
loadhw -hw C:/Users/maxgr/Projects/Classes/ECE4300/ECE4300-sha256-microblaze/Vitis/sha256_test_wrapper/export/sha256_test_wrapper/hw/sha256_test_wrapper.xsa -regs
configparams mdm-detect-bscan-mask 2
targets -set -nocase -filter {name =~ "*microblaze*#0" && bscan=="USER2" }
rst -system
after 3000
targets -set -nocase -filter {name =~ "*microblaze*#0" && bscan=="USER2" }
dow C:/Users/maxgr/Projects/Classes/ECE4300/ECE4300-sha256-microblaze/Vitis/sha_256_test_app/Debug/sha_256_test_app.elf
----------------End of Script----------------

02:55:13 INFO  : Context for processor 'microblaze_0' is selected.
02:55:13 INFO  : 'con' command is executed.
02:55:13 INFO  : ----------------XSDB Script (After Launch)----------------
targets -set -nocase -filter {name =~ "*microblaze*#0" && bscan=="USER2" }
con
----------------End of Script----------------

02:55:13 INFO  : Launch script is exported to file 'C:\Users\maxgr\Projects\Classes\ECE4300\ECE4300-sha256-microblaze\Vitis\sha_256_test_app_system\_ide\scripts\debugger_sha_256_test_app-default.tcl'
03:06:34 INFO  : Checking for BSP changes to sync application flags for project 'sha_256_test_app'...
03:06:40 INFO  : Disconnected from the channel tcfchan#18.
03:06:42 INFO  : Connected to target on host '127.0.0.1' and port '3121'.
03:06:42 INFO  : Jtag cable 'Digilent Nexys A7 -100T 210292BCFFDAA' is selected.
03:06:42 INFO  : 'jtag frequency' command is executed.
03:06:42 INFO  : 'targets -set -filter {jtag_cable_name =~ "Digilent Nexys A7 -100T 210292BCFFDAA" && level==0 && jtag_device_ctx=="jsn-Nexys A7 -100T-210292BCFFDAA-13631093-0"}' command is executed.
03:06:44 INFO  : Device configured successfully with "C:/Users/maxgr/Projects/Classes/ECE4300/ECE4300-sha256-microblaze/Vitis/sha_256_test_app/_ide/bitstream/sha256_test_wrapper.bit"
03:06:44 INFO  : Context for processor 'microblaze_0' is selected.
03:06:44 INFO  : Hardware design and registers information is loaded from 'C:/Users/maxgr/Projects/Classes/ECE4300/ECE4300-sha256-microblaze/Vitis/sha256_test_wrapper/export/sha256_test_wrapper/hw/sha256_test_wrapper.xsa'.
03:06:45 INFO  : 'configparams mdm-detect-bscan-mask 2' command is executed.
03:06:45 INFO  : Context for processor 'microblaze_0' is selected.
03:06:45 INFO  : System reset is completed.
03:06:48 INFO  : 'after 3000' command is executed.
03:06:48 INFO  : Context for processor 'microblaze_0' is selected.
03:06:48 INFO  : The application 'C:/Users/maxgr/Projects/Classes/ECE4300/ECE4300-sha256-microblaze/Vitis/sha_256_test_app/Debug/sha_256_test_app.elf' is downloaded to processor 'microblaze_0'.
03:06:48 INFO  : ----------------XSDB Script----------------
connect -url tcp:127.0.0.1:3121
targets -set -filter {jtag_cable_name =~ "Digilent Nexys A7 -100T 210292BCFFDAA" && level==0 && jtag_device_ctx=="jsn-Nexys A7 -100T-210292BCFFDAA-13631093-0"}
fpga -file C:/Users/maxgr/Projects/Classes/ECE4300/ECE4300-sha256-microblaze/Vitis/sha_256_test_app/_ide/bitstream/sha256_test_wrapper.bit
targets -set -nocase -filter {name =~ "*microblaze*#0" && bscan=="USER2" }
loadhw -hw C:/Users/maxgr/Projects/Classes/ECE4300/ECE4300-sha256-microblaze/Vitis/sha256_test_wrapper/export/sha256_test_wrapper/hw/sha256_test_wrapper.xsa -regs
configparams mdm-detect-bscan-mask 2
targets -set -nocase -filter {name =~ "*microblaze*#0" && bscan=="USER2" }
rst -system
after 3000
targets -set -nocase -filter {name =~ "*microblaze*#0" && bscan=="USER2" }
dow C:/Users/maxgr/Projects/Classes/ECE4300/ECE4300-sha256-microblaze/Vitis/sha_256_test_app/Debug/sha_256_test_app.elf
----------------End of Script----------------

03:06:48 INFO  : Context for processor 'microblaze_0' is selected.
03:06:48 INFO  : 'con' command is executed.
03:06:48 INFO  : ----------------XSDB Script (After Launch)----------------
targets -set -nocase -filter {name =~ "*microblaze*#0" && bscan=="USER2" }
con
----------------End of Script----------------

03:06:48 INFO  : Launch script is exported to file 'C:\Users\maxgr\Projects\Classes\ECE4300\ECE4300-sha256-microblaze\Vitis\sha_256_test_app_system\_ide\scripts\debugger_sha_256_test_app-default.tcl'
03:17:06 INFO  : Checking for BSP changes to sync application flags for project 'sha_256_test_app'...
03:17:16 INFO  : Disconnected from the channel tcfchan#19.
03:17:18 INFO  : Connected to target on host '127.0.0.1' and port '3121'.
03:17:18 INFO  : Jtag cable 'Digilent Nexys A7 -100T 210292BCFFDAA' is selected.
03:17:18 INFO  : 'jtag frequency' command is executed.
03:17:18 INFO  : 'targets -set -filter {jtag_cable_name =~ "Digilent Nexys A7 -100T 210292BCFFDAA" && level==0 && jtag_device_ctx=="jsn-Nexys A7 -100T-210292BCFFDAA-13631093-0"}' command is executed.
03:17:20 INFO  : Device configured successfully with "C:/Users/maxgr/Projects/Classes/ECE4300/ECE4300-sha256-microblaze/Vitis/sha_256_test_app/_ide/bitstream/sha256_test_wrapper.bit"
03:17:20 INFO  : Context for processor 'microblaze_0' is selected.
03:17:20 INFO  : Hardware design and registers information is loaded from 'C:/Users/maxgr/Projects/Classes/ECE4300/ECE4300-sha256-microblaze/Vitis/sha256_test_wrapper/export/sha256_test_wrapper/hw/sha256_test_wrapper.xsa'.
03:17:20 INFO  : 'configparams mdm-detect-bscan-mask 2' command is executed.
03:17:20 INFO  : Context for processor 'microblaze_0' is selected.
03:17:20 INFO  : System reset is completed.
03:17:23 INFO  : 'after 3000' command is executed.
03:17:23 INFO  : Context for processor 'microblaze_0' is selected.
03:17:23 INFO  : The application 'C:/Users/maxgr/Projects/Classes/ECE4300/ECE4300-sha256-microblaze/Vitis/sha_256_test_app/Debug/sha_256_test_app.elf' is downloaded to processor 'microblaze_0'.
03:17:23 INFO  : ----------------XSDB Script----------------
connect -url tcp:127.0.0.1:3121
targets -set -filter {jtag_cable_name =~ "Digilent Nexys A7 -100T 210292BCFFDAA" && level==0 && jtag_device_ctx=="jsn-Nexys A7 -100T-210292BCFFDAA-13631093-0"}
fpga -file C:/Users/maxgr/Projects/Classes/ECE4300/ECE4300-sha256-microblaze/Vitis/sha_256_test_app/_ide/bitstream/sha256_test_wrapper.bit
targets -set -nocase -filter {name =~ "*microblaze*#0" && bscan=="USER2" }
loadhw -hw C:/Users/maxgr/Projects/Classes/ECE4300/ECE4300-sha256-microblaze/Vitis/sha256_test_wrapper/export/sha256_test_wrapper/hw/sha256_test_wrapper.xsa -regs
configparams mdm-detect-bscan-mask 2
targets -set -nocase -filter {name =~ "*microblaze*#0" && bscan=="USER2" }
rst -system
after 3000
targets -set -nocase -filter {name =~ "*microblaze*#0" && bscan=="USER2" }
dow C:/Users/maxgr/Projects/Classes/ECE4300/ECE4300-sha256-microblaze/Vitis/sha_256_test_app/Debug/sha_256_test_app.elf
----------------End of Script----------------

03:17:24 INFO  : Context for processor 'microblaze_0' is selected.
03:17:24 INFO  : 'con' command is executed.
03:17:24 INFO  : ----------------XSDB Script (After Launch)----------------
targets -set -nocase -filter {name =~ "*microblaze*#0" && bscan=="USER2" }
con
----------------End of Script----------------

03:17:24 INFO  : Launch script is exported to file 'C:\Users\maxgr\Projects\Classes\ECE4300\ECE4300-sha256-microblaze\Vitis\sha_256_test_app_system\_ide\scripts\debugger_sha_256_test_app-default.tcl'
03:18:04 INFO  : Checking for BSP changes to sync application flags for project 'sha_256_test_app'...
03:18:06 INFO  : Disconnected from the channel tcfchan#20.
03:18:16 INFO  : Connected to target on host '127.0.0.1' and port '3121'.
03:18:16 INFO  : Jtag cable 'Digilent Nexys A7 -100T 210292BCFFDAA' is selected.
03:18:16 INFO  : 'jtag frequency' command is executed.
03:18:16 INFO  : 'targets -set -filter {jtag_cable_name =~ "Digilent Nexys A7 -100T 210292BCFFDAA" && level==0 && jtag_device_ctx=="jsn-Nexys A7 -100T-210292BCFFDAA-13631093-0"}' command is executed.
03:18:18 INFO  : Device configured successfully with "C:/Users/maxgr/Projects/Classes/ECE4300/ECE4300-sha256-microblaze/Vitis/sha_256_test_app/_ide/bitstream/sha256_test_wrapper.bit"
03:18:18 INFO  : Context for processor 'microblaze_0' is selected.
03:18:18 INFO  : Hardware design and registers information is loaded from 'C:/Users/maxgr/Projects/Classes/ECE4300/ECE4300-sha256-microblaze/Vitis/sha256_test_wrapper/export/sha256_test_wrapper/hw/sha256_test_wrapper.xsa'.
03:18:18 INFO  : 'configparams mdm-detect-bscan-mask 2' command is executed.
03:18:18 INFO  : Context for processor 'microblaze_0' is selected.
03:18:18 INFO  : System reset is completed.
03:18:21 INFO  : 'after 3000' command is executed.
03:18:21 INFO  : Context for processor 'microblaze_0' is selected.
03:18:21 INFO  : The application 'C:/Users/maxgr/Projects/Classes/ECE4300/ECE4300-sha256-microblaze/Vitis/sha_256_test_app/Debug/sha_256_test_app.elf' is downloaded to processor 'microblaze_0'.
03:18:21 INFO  : ----------------XSDB Script----------------
connect -url tcp:127.0.0.1:3121
targets -set -filter {jtag_cable_name =~ "Digilent Nexys A7 -100T 210292BCFFDAA" && level==0 && jtag_device_ctx=="jsn-Nexys A7 -100T-210292BCFFDAA-13631093-0"}
fpga -file C:/Users/maxgr/Projects/Classes/ECE4300/ECE4300-sha256-microblaze/Vitis/sha_256_test_app/_ide/bitstream/sha256_test_wrapper.bit
targets -set -nocase -filter {name =~ "*microblaze*#0" && bscan=="USER2" }
loadhw -hw C:/Users/maxgr/Projects/Classes/ECE4300/ECE4300-sha256-microblaze/Vitis/sha256_test_wrapper/export/sha256_test_wrapper/hw/sha256_test_wrapper.xsa -regs
configparams mdm-detect-bscan-mask 2
targets -set -nocase -filter {name =~ "*microblaze*#0" && bscan=="USER2" }
rst -system
after 3000
targets -set -nocase -filter {name =~ "*microblaze*#0" && bscan=="USER2" }
dow C:/Users/maxgr/Projects/Classes/ECE4300/ECE4300-sha256-microblaze/Vitis/sha_256_test_app/Debug/sha_256_test_app.elf
----------------End of Script----------------

03:18:21 INFO  : Context for processor 'microblaze_0' is selected.
03:18:21 INFO  : 'con' command is executed.
03:18:21 INFO  : ----------------XSDB Script (After Launch)----------------
targets -set -nocase -filter {name =~ "*microblaze*#0" && bscan=="USER2" }
con
----------------End of Script----------------

03:18:21 INFO  : Launch script is exported to file 'C:\Users\maxgr\Projects\Classes\ECE4300\ECE4300-sha256-microblaze\Vitis\sha_256_test_app_system\_ide\scripts\debugger_sha_256_test_app-default.tcl'
03:21:14 INFO  : Disconnected from the channel tcfchan#21.
03:21:16 INFO  : Checking for BSP changes to sync application flags for project 'sha_256_test_app'...
03:21:20 INFO  : Connected to target on host '127.0.0.1' and port '3121'.
03:21:20 INFO  : Jtag cable 'Digilent Nexys A7 -100T 210292BCFFDAA' is selected.
03:21:20 INFO  : 'jtag frequency' command is executed.
03:21:20 INFO  : 'targets -set -filter {jtag_cable_name =~ "Digilent Nexys A7 -100T 210292BCFFDAA" && level==0 && jtag_device_ctx=="jsn-Nexys A7 -100T-210292BCFFDAA-13631093-0"}' command is executed.
03:21:22 INFO  : Device configured successfully with "C:/Users/maxgr/Projects/Classes/ECE4300/ECE4300-sha256-microblaze/Vitis/sha_256_test_app/_ide/bitstream/sha256_test_wrapper.bit"
03:21:23 INFO  : Context for processor 'microblaze_0' is selected.
03:21:23 INFO  : Hardware design and registers information is loaded from 'C:/Users/maxgr/Projects/Classes/ECE4300/ECE4300-sha256-microblaze/Vitis/sha256_test_wrapper/export/sha256_test_wrapper/hw/sha256_test_wrapper.xsa'.
03:21:23 INFO  : 'configparams mdm-detect-bscan-mask 2' command is executed.
03:21:23 INFO  : Context for processor 'microblaze_0' is selected.
03:21:23 INFO  : System reset is completed.
03:21:26 INFO  : 'after 3000' command is executed.
03:21:26 INFO  : Context for processor 'microblaze_0' is selected.
03:21:26 INFO  : The application 'C:/Users/maxgr/Projects/Classes/ECE4300/ECE4300-sha256-microblaze/Vitis/sha_256_test_app/Debug/sha_256_test_app.elf' is downloaded to processor 'microblaze_0'.
03:21:26 INFO  : ----------------XSDB Script----------------
connect -url tcp:127.0.0.1:3121
targets -set -filter {jtag_cable_name =~ "Digilent Nexys A7 -100T 210292BCFFDAA" && level==0 && jtag_device_ctx=="jsn-Nexys A7 -100T-210292BCFFDAA-13631093-0"}
fpga -file C:/Users/maxgr/Projects/Classes/ECE4300/ECE4300-sha256-microblaze/Vitis/sha_256_test_app/_ide/bitstream/sha256_test_wrapper.bit
targets -set -nocase -filter {name =~ "*microblaze*#0" && bscan=="USER2" }
loadhw -hw C:/Users/maxgr/Projects/Classes/ECE4300/ECE4300-sha256-microblaze/Vitis/sha256_test_wrapper/export/sha256_test_wrapper/hw/sha256_test_wrapper.xsa -regs
configparams mdm-detect-bscan-mask 2
targets -set -nocase -filter {name =~ "*microblaze*#0" && bscan=="USER2" }
rst -system
after 3000
targets -set -nocase -filter {name =~ "*microblaze*#0" && bscan=="USER2" }
dow C:/Users/maxgr/Projects/Classes/ECE4300/ECE4300-sha256-microblaze/Vitis/sha_256_test_app/Debug/sha_256_test_app.elf
----------------End of Script----------------

03:21:26 INFO  : Context for processor 'microblaze_0' is selected.
03:21:26 INFO  : 'con' command is executed.
03:21:26 INFO  : ----------------XSDB Script (After Launch)----------------
targets -set -nocase -filter {name =~ "*microblaze*#0" && bscan=="USER2" }
con
----------------End of Script----------------

03:21:26 INFO  : Launch script is exported to file 'C:\Users\maxgr\Projects\Classes\ECE4300\ECE4300-sha256-microblaze\Vitis\sha_256_test_app_system\_ide\scripts\debugger_sha_256_test_app-default.tcl'
03:21:41 INFO  : Checking for BSP changes to sync application flags for project 'sha_256_test_app'...
03:22:15 INFO  : Disconnected from the channel tcfchan#22.
03:22:16 INFO  : Checking for BSP changes to sync application flags for project 'sha_256_test_app'...
03:22:21 INFO  : Connected to target on host '127.0.0.1' and port '3121'.
03:22:21 INFO  : Jtag cable 'Digilent Nexys A7 -100T 210292BCFFDAA' is selected.
03:22:21 INFO  : 'jtag frequency' command is executed.
03:22:21 INFO  : 'targets -set -filter {jtag_cable_name =~ "Digilent Nexys A7 -100T 210292BCFFDAA" && level==0 && jtag_device_ctx=="jsn-Nexys A7 -100T-210292BCFFDAA-13631093-0"}' command is executed.
03:22:24 INFO  : Device configured successfully with "C:/Users/maxgr/Projects/Classes/ECE4300/ECE4300-sha256-microblaze/Vitis/sha_256_test_app/_ide/bitstream/sha256_test_wrapper.bit"
03:22:24 INFO  : Context for processor 'microblaze_0' is selected.
03:22:24 INFO  : Hardware design and registers information is loaded from 'C:/Users/maxgr/Projects/Classes/ECE4300/ECE4300-sha256-microblaze/Vitis/sha256_test_wrapper/export/sha256_test_wrapper/hw/sha256_test_wrapper.xsa'.
03:22:24 INFO  : 'configparams mdm-detect-bscan-mask 2' command is executed.
03:22:24 INFO  : Context for processor 'microblaze_0' is selected.
03:22:24 INFO  : System reset is completed.
03:22:27 INFO  : 'after 3000' command is executed.
03:22:27 INFO  : Context for processor 'microblaze_0' is selected.
03:22:27 INFO  : The application 'C:/Users/maxgr/Projects/Classes/ECE4300/ECE4300-sha256-microblaze/Vitis/sha_256_test_app/Debug/sha_256_test_app.elf' is downloaded to processor 'microblaze_0'.
03:22:27 INFO  : ----------------XSDB Script----------------
connect -url tcp:127.0.0.1:3121
targets -set -filter {jtag_cable_name =~ "Digilent Nexys A7 -100T 210292BCFFDAA" && level==0 && jtag_device_ctx=="jsn-Nexys A7 -100T-210292BCFFDAA-13631093-0"}
fpga -file C:/Users/maxgr/Projects/Classes/ECE4300/ECE4300-sha256-microblaze/Vitis/sha_256_test_app/_ide/bitstream/sha256_test_wrapper.bit
targets -set -nocase -filter {name =~ "*microblaze*#0" && bscan=="USER2" }
loadhw -hw C:/Users/maxgr/Projects/Classes/ECE4300/ECE4300-sha256-microblaze/Vitis/sha256_test_wrapper/export/sha256_test_wrapper/hw/sha256_test_wrapper.xsa -regs
configparams mdm-detect-bscan-mask 2
targets -set -nocase -filter {name =~ "*microblaze*#0" && bscan=="USER2" }
rst -system
after 3000
targets -set -nocase -filter {name =~ "*microblaze*#0" && bscan=="USER2" }
dow C:/Users/maxgr/Projects/Classes/ECE4300/ECE4300-sha256-microblaze/Vitis/sha_256_test_app/Debug/sha_256_test_app.elf
----------------End of Script----------------

03:22:27 INFO  : Context for processor 'microblaze_0' is selected.
03:22:27 INFO  : 'con' command is executed.
03:22:27 INFO  : ----------------XSDB Script (After Launch)----------------
targets -set -nocase -filter {name =~ "*microblaze*#0" && bscan=="USER2" }
con
----------------End of Script----------------

03:22:27 INFO  : Launch script is exported to file 'C:\Users\maxgr\Projects\Classes\ECE4300\ECE4300-sha256-microblaze\Vitis\sha_256_test_app_system\_ide\scripts\debugger_sha_256_test_app-default.tcl'
03:25:44 INFO  : Disconnected from the channel tcfchan#23.
03:25:45 INFO  : Checking for BSP changes to sync application flags for project 'sha_256_test_app'...
03:25:59 INFO  : Checking for BSP changes to sync application flags for project 'sha_256_test_app'...
03:26:07 INFO  : Connected to target on host '127.0.0.1' and port '3121'.
03:26:07 INFO  : Jtag cable 'Digilent Nexys A7 -100T 210292BCFFDAA' is selected.
03:26:07 INFO  : 'jtag frequency' command is executed.
03:26:07 INFO  : 'targets -set -filter {jtag_cable_name =~ "Digilent Nexys A7 -100T 210292BCFFDAA" && level==0 && jtag_device_ctx=="jsn-Nexys A7 -100T-210292BCFFDAA-13631093-0"}' command is executed.
03:26:09 INFO  : Device configured successfully with "C:/Users/maxgr/Projects/Classes/ECE4300/ECE4300-sha256-microblaze/Vitis/sha_256_test_app/_ide/bitstream/sha256_test_wrapper.bit"
03:26:10 INFO  : Context for processor 'microblaze_0' is selected.
03:26:10 INFO  : Hardware design and registers information is loaded from 'C:/Users/maxgr/Projects/Classes/ECE4300/ECE4300-sha256-microblaze/Vitis/sha256_test_wrapper/export/sha256_test_wrapper/hw/sha256_test_wrapper.xsa'.
03:26:10 INFO  : 'configparams mdm-detect-bscan-mask 2' command is executed.
03:26:10 INFO  : Context for processor 'microblaze_0' is selected.
03:26:10 INFO  : System reset is completed.
03:26:13 INFO  : 'after 3000' command is executed.
03:26:13 INFO  : Context for processor 'microblaze_0' is selected.
03:26:13 INFO  : The application 'C:/Users/maxgr/Projects/Classes/ECE4300/ECE4300-sha256-microblaze/Vitis/sha_256_test_app/Debug/sha_256_test_app.elf' is downloaded to processor 'microblaze_0'.
03:26:13 INFO  : ----------------XSDB Script----------------
connect -url tcp:127.0.0.1:3121
targets -set -filter {jtag_cable_name =~ "Digilent Nexys A7 -100T 210292BCFFDAA" && level==0 && jtag_device_ctx=="jsn-Nexys A7 -100T-210292BCFFDAA-13631093-0"}
fpga -file C:/Users/maxgr/Projects/Classes/ECE4300/ECE4300-sha256-microblaze/Vitis/sha_256_test_app/_ide/bitstream/sha256_test_wrapper.bit
targets -set -nocase -filter {name =~ "*microblaze*#0" && bscan=="USER2" }
loadhw -hw C:/Users/maxgr/Projects/Classes/ECE4300/ECE4300-sha256-microblaze/Vitis/sha256_test_wrapper/export/sha256_test_wrapper/hw/sha256_test_wrapper.xsa -regs
configparams mdm-detect-bscan-mask 2
targets -set -nocase -filter {name =~ "*microblaze*#0" && bscan=="USER2" }
rst -system
after 3000
targets -set -nocase -filter {name =~ "*microblaze*#0" && bscan=="USER2" }
dow C:/Users/maxgr/Projects/Classes/ECE4300/ECE4300-sha256-microblaze/Vitis/sha_256_test_app/Debug/sha_256_test_app.elf
----------------End of Script----------------

03:26:13 INFO  : Context for processor 'microblaze_0' is selected.
03:26:13 INFO  : 'con' command is executed.
03:26:13 INFO  : ----------------XSDB Script (After Launch)----------------
targets -set -nocase -filter {name =~ "*microblaze*#0" && bscan=="USER2" }
con
----------------End of Script----------------

03:26:13 INFO  : Launch script is exported to file 'C:\Users\maxgr\Projects\Classes\ECE4300\ECE4300-sha256-microblaze\Vitis\sha_256_test_app_system\_ide\scripts\debugger_sha_256_test_app-default.tcl'
03:28:48 INFO  : Disconnected from the channel tcfchan#24.
03:28:49 INFO  : Checking for BSP changes to sync application flags for project 'sha_256_test_app'...
03:28:54 INFO  : Connected to target on host '127.0.0.1' and port '3121'.
03:28:54 INFO  : Jtag cable 'Digilent Nexys A7 -100T 210292BCFFDAA' is selected.
03:28:54 INFO  : 'jtag frequency' command is executed.
03:28:54 INFO  : 'targets -set -filter {jtag_cable_name =~ "Digilent Nexys A7 -100T 210292BCFFDAA" && level==0 && jtag_device_ctx=="jsn-Nexys A7 -100T-210292BCFFDAA-13631093-0"}' command is executed.
03:28:56 INFO  : Device configured successfully with "C:/Users/maxgr/Projects/Classes/ECE4300/ECE4300-sha256-microblaze/Vitis/sha_256_test_app/_ide/bitstream/sha256_test_wrapper.bit"
03:28:56 INFO  : Context for processor 'microblaze_0' is selected.
03:28:56 INFO  : Hardware design and registers information is loaded from 'C:/Users/maxgr/Projects/Classes/ECE4300/ECE4300-sha256-microblaze/Vitis/sha256_test_wrapper/export/sha256_test_wrapper/hw/sha256_test_wrapper.xsa'.
03:28:56 INFO  : 'configparams mdm-detect-bscan-mask 2' command is executed.
03:28:56 INFO  : Context for processor 'microblaze_0' is selected.
03:28:56 INFO  : System reset is completed.
03:28:59 INFO  : 'after 3000' command is executed.
03:28:59 INFO  : Context for processor 'microblaze_0' is selected.
03:28:59 INFO  : The application 'C:/Users/maxgr/Projects/Classes/ECE4300/ECE4300-sha256-microblaze/Vitis/sha_256_test_app/Debug/sha_256_test_app.elf' is downloaded to processor 'microblaze_0'.
03:28:59 INFO  : ----------------XSDB Script----------------
connect -url tcp:127.0.0.1:3121
targets -set -filter {jtag_cable_name =~ "Digilent Nexys A7 -100T 210292BCFFDAA" && level==0 && jtag_device_ctx=="jsn-Nexys A7 -100T-210292BCFFDAA-13631093-0"}
fpga -file C:/Users/maxgr/Projects/Classes/ECE4300/ECE4300-sha256-microblaze/Vitis/sha_256_test_app/_ide/bitstream/sha256_test_wrapper.bit
targets -set -nocase -filter {name =~ "*microblaze*#0" && bscan=="USER2" }
loadhw -hw C:/Users/maxgr/Projects/Classes/ECE4300/ECE4300-sha256-microblaze/Vitis/sha256_test_wrapper/export/sha256_test_wrapper/hw/sha256_test_wrapper.xsa -regs
configparams mdm-detect-bscan-mask 2
targets -set -nocase -filter {name =~ "*microblaze*#0" && bscan=="USER2" }
rst -system
after 3000
targets -set -nocase -filter {name =~ "*microblaze*#0" && bscan=="USER2" }
dow C:/Users/maxgr/Projects/Classes/ECE4300/ECE4300-sha256-microblaze/Vitis/sha_256_test_app/Debug/sha_256_test_app.elf
----------------End of Script----------------

03:28:59 INFO  : Context for processor 'microblaze_0' is selected.
03:28:59 INFO  : 'con' command is executed.
03:28:59 INFO  : ----------------XSDB Script (After Launch)----------------
targets -set -nocase -filter {name =~ "*microblaze*#0" && bscan=="USER2" }
con
----------------End of Script----------------

03:28:59 INFO  : Launch script is exported to file 'C:\Users\maxgr\Projects\Classes\ECE4300\ECE4300-sha256-microblaze\Vitis\sha_256_test_app_system\_ide\scripts\debugger_sha_256_test_app-default.tcl'
12:22:13 INFO  : Disconnected from the channel tcfchan#25.
01:17:14 DEBUG : Logs will be stored at 'C:/Users/maxgr/Projects/Classes/ECE4300/ECE4300-sha256-microblaze/Vitis/IDE.log'.
01:17:15 INFO  : Launching XSCT server: xsct.bat -n  -interactive C:\Users\maxgr\Projects\Classes\ECE4300\ECE4300-sha256-microblaze\Vitis\temp_xsdb_launch_script.tcl
01:17:20 INFO  : XSCT server has started successfully.
01:17:20 INFO  : Successfully done setting XSCT server connection channel  
01:17:20 INFO  : plnx-install-location is set to ''
01:17:20 INFO  : Successfully done setting workspace for the tool. 
01:19:55 INFO  : Registering command handlers for Vitis TCF services
01:19:56 INFO  : Platform repository initialization has completed.
01:20:00 INFO  : Successfully done query RDI_DATADIR 
01:40:40 INFO  : Checking for BSP changes to sync application flags for project 'sha_256_test_app'...
01:42:01 INFO  : Checking for BSP changes to sync application flags for project 'sha_256_test_app'...
01:43:29 INFO  : Checking for BSP changes to sync application flags for project 'sha_256_test_app'...
01:43:55 INFO  : Checking for BSP changes to sync application flags for project 'sha_256_test_app'...
01:44:08 INFO  : Checking for BSP changes to sync application flags for project 'sha_256_test_app'...
01:44:38 INFO  : Checking for BSP changes to sync application flags for project 'sha_256_test_app'...
01:44:45 INFO  : Checking for BSP changes to sync application flags for project 'sha_256_test_app'...
01:45:15 INFO  : Checking for BSP changes to sync application flags for project 'sha_256_test_app'...
01:45:29 INFO  : Checking for BSP changes to sync application flags for project 'sha_256_test_app'...
01:45:58 INFO  : Checking for BSP changes to sync application flags for project 'sha_256_test_app'...
01:46:18 INFO  : Checking for BSP changes to sync application flags for project 'sha_256_test_app'...
01:46:30 INFO  : Checking for BSP changes to sync application flags for project 'sha_256_test_app'...
01:46:58 INFO  : Checking for BSP changes to sync application flags for project 'sha_256_test_app'...
01:47:13 INFO  : Checking for BSP changes to sync application flags for project 'sha_256_test_app'...
01:48:31 INFO  : Checking for BSP changes to sync application flags for project 'sha_256_test_app'...
01:48:54 INFO  : Checking for BSP changes to sync application flags for project 'sha_256_test_app'...
01:49:14 INFO  : Checking for BSP changes to sync application flags for project 'sha_256_test_app'...
01:49:24 INFO  : Checking for BSP changes to sync application flags for project 'sha_256_test_app'...
01:50:16 INFO  : Checking for BSP changes to sync application flags for project 'sha_256_test_app'...
01:50:35 INFO  : Checking for BSP changes to sync application flags for project 'sha_256_test_app'...
01:51:02 INFO  : Checking for BSP changes to sync application flags for project 'sha_256_test_app'...
01:51:15 INFO  : Checking for BSP changes to sync application flags for project 'sha_256_test_app'...
01:51:51 INFO  : Checking for BSP changes to sync application flags for project 'sha_256_test_app'...
01:52:08 INFO  : Checking for BSP changes to sync application flags for project 'sha_256_test_app'...
01:53:24 INFO  : Checking for BSP changes to sync application flags for project 'sha_256_test_app'...
01:53:49 INFO  : Checking for BSP changes to sync application flags for project 'sha_256_test_app'...
01:54:08 INFO  : Checking for BSP changes to sync application flags for project 'sha_256_test_app'...
01:54:32 INFO  : Checking for BSP changes to sync application flags for project 'sha_256_test_app'...
01:54:46 INFO  : Checking for BSP changes to sync application flags for project 'sha_256_test_app'...
01:56:04 INFO  : Connected to target on host '127.0.0.1' and port '3121'.
01:56:04 INFO  : Jtag cable 'Digilent Nexys A7 -100T 210292BCFFDAA' is selected.
01:56:04 INFO  : 'jtag frequency' command is executed.
01:56:05 INFO  : 'targets -set -filter {jtag_cable_name =~ "Digilent Nexys A7 -100T 210292BCFFDAA" && level==0 && jtag_device_ctx=="jsn-Nexys A7 -100T-210292BCFFDAA-13631093-0"}' command is executed.
01:56:07 INFO  : Device configured successfully with "C:/Users/maxgr/Projects/Classes/ECE4300/ECE4300-sha256-microblaze/Vitis/sha_256_test_app/_ide/bitstream/sha256_test_wrapper.bit"
01:56:07 INFO  : Context for processor 'microblaze_0' is selected.
01:56:07 INFO  : Hardware design and registers information is loaded from 'C:/Users/maxgr/Projects/Classes/ECE4300/ECE4300-sha256-microblaze/Vitis/sha256_test_wrapper/export/sha256_test_wrapper/hw/sha256_test_wrapper.xsa'.
01:56:07 INFO  : 'configparams mdm-detect-bscan-mask 2' command is executed.
01:56:07 INFO  : Context for processor 'microblaze_0' is selected.
01:56:07 INFO  : System reset is completed.
01:56:10 INFO  : 'after 3000' command is executed.
01:56:10 INFO  : Context for processor 'microblaze_0' is selected.
01:56:10 INFO  : The application 'C:/Users/maxgr/Projects/Classes/ECE4300/ECE4300-sha256-microblaze/Vitis/sha_256_test_app/Debug/sha_256_test_app.elf' is downloaded to processor 'microblaze_0'.
01:56:10 INFO  : ----------------XSDB Script----------------
connect -url tcp:127.0.0.1:3121
targets -set -filter {jtag_cable_name =~ "Digilent Nexys A7 -100T 210292BCFFDAA" && level==0 && jtag_device_ctx=="jsn-Nexys A7 -100T-210292BCFFDAA-13631093-0"}
fpga -file C:/Users/maxgr/Projects/Classes/ECE4300/ECE4300-sha256-microblaze/Vitis/sha_256_test_app/_ide/bitstream/sha256_test_wrapper.bit
targets -set -nocase -filter {name =~ "*microblaze*#0" && bscan=="USER2" }
loadhw -hw C:/Users/maxgr/Projects/Classes/ECE4300/ECE4300-sha256-microblaze/Vitis/sha256_test_wrapper/export/sha256_test_wrapper/hw/sha256_test_wrapper.xsa -regs
configparams mdm-detect-bscan-mask 2
targets -set -nocase -filter {name =~ "*microblaze*#0" && bscan=="USER2" }
rst -system
after 3000
targets -set -nocase -filter {name =~ "*microblaze*#0" && bscan=="USER2" }
dow C:/Users/maxgr/Projects/Classes/ECE4300/ECE4300-sha256-microblaze/Vitis/sha_256_test_app/Debug/sha_256_test_app.elf
----------------End of Script----------------

01:56:10 INFO  : Context for processor 'microblaze_0' is selected.
01:56:10 INFO  : 'con' command is executed.
01:56:10 INFO  : ----------------XSDB Script (After Launch)----------------
targets -set -nocase -filter {name =~ "*microblaze*#0" && bscan=="USER2" }
con
----------------End of Script----------------

01:56:10 INFO  : Launch script is exported to file 'C:\Users\maxgr\Projects\Classes\ECE4300\ECE4300-sha256-microblaze\Vitis\sha_256_test_app_system\_ide\scripts\debugger_sha_256_test_app-default.tcl'
02:01:19 INFO  : Checking for BSP changes to sync application flags for project 'sha_256_test_app'...
02:01:25 INFO  : Disconnected from the channel tcfchan#1.
02:01:26 INFO  : Connected to target on host '127.0.0.1' and port '3121'.
02:01:26 INFO  : Jtag cable 'Digilent Nexys A7 -100T 210292BCFFDAA' is selected.
02:01:26 INFO  : 'jtag frequency' command is executed.
02:01:26 INFO  : 'targets -set -filter {jtag_cable_name =~ "Digilent Nexys A7 -100T 210292BCFFDAA" && level==0 && jtag_device_ctx=="jsn-Nexys A7 -100T-210292BCFFDAA-13631093-0"}' command is executed.
02:01:28 INFO  : Device configured successfully with "C:/Users/maxgr/Projects/Classes/ECE4300/ECE4300-sha256-microblaze/Vitis/sha_256_test_app/_ide/bitstream/sha256_test_wrapper.bit"
02:01:28 INFO  : Context for processor 'microblaze_0' is selected.
02:01:29 INFO  : Hardware design and registers information is loaded from 'C:/Users/maxgr/Projects/Classes/ECE4300/ECE4300-sha256-microblaze/Vitis/sha256_test_wrapper/export/sha256_test_wrapper/hw/sha256_test_wrapper.xsa'.
02:01:29 INFO  : 'configparams mdm-detect-bscan-mask 2' command is executed.
02:01:29 INFO  : Context for processor 'microblaze_0' is selected.
02:01:29 INFO  : System reset is completed.
02:01:32 INFO  : 'after 3000' command is executed.
02:01:32 INFO  : Context for processor 'microblaze_0' is selected.
02:01:32 INFO  : The application 'C:/Users/maxgr/Projects/Classes/ECE4300/ECE4300-sha256-microblaze/Vitis/sha_256_test_app/Debug/sha_256_test_app.elf' is downloaded to processor 'microblaze_0'.
02:01:32 INFO  : ----------------XSDB Script----------------
connect -url tcp:127.0.0.1:3121
targets -set -filter {jtag_cable_name =~ "Digilent Nexys A7 -100T 210292BCFFDAA" && level==0 && jtag_device_ctx=="jsn-Nexys A7 -100T-210292BCFFDAA-13631093-0"}
fpga -file C:/Users/maxgr/Projects/Classes/ECE4300/ECE4300-sha256-microblaze/Vitis/sha_256_test_app/_ide/bitstream/sha256_test_wrapper.bit
targets -set -nocase -filter {name =~ "*microblaze*#0" && bscan=="USER2" }
loadhw -hw C:/Users/maxgr/Projects/Classes/ECE4300/ECE4300-sha256-microblaze/Vitis/sha256_test_wrapper/export/sha256_test_wrapper/hw/sha256_test_wrapper.xsa -regs
configparams mdm-detect-bscan-mask 2
targets -set -nocase -filter {name =~ "*microblaze*#0" && bscan=="USER2" }
rst -system
after 3000
targets -set -nocase -filter {name =~ "*microblaze*#0" && bscan=="USER2" }
dow C:/Users/maxgr/Projects/Classes/ECE4300/ECE4300-sha256-microblaze/Vitis/sha_256_test_app/Debug/sha_256_test_app.elf
----------------End of Script----------------

02:01:32 INFO  : Context for processor 'microblaze_0' is selected.
02:01:32 INFO  : 'con' command is executed.
02:01:32 INFO  : ----------------XSDB Script (After Launch)----------------
targets -set -nocase -filter {name =~ "*microblaze*#0" && bscan=="USER2" }
con
----------------End of Script----------------

02:01:32 INFO  : Launch script is exported to file 'C:\Users\maxgr\Projects\Classes\ECE4300\ECE4300-sha256-microblaze\Vitis\sha_256_test_app_system\_ide\scripts\debugger_sha_256_test_app-default.tcl'
02:01:49 INFO  : Disconnected from the channel tcfchan#2.
02:01:50 INFO  : Checking for BSP changes to sync application flags for project 'sha_256_test_app'...
02:01:54 INFO  : Connected to target on host '127.0.0.1' and port '3121'.
02:01:54 INFO  : Jtag cable 'Digilent Nexys A7 -100T 210292BCFFDAA' is selected.
02:01:54 INFO  : 'jtag frequency' command is executed.
02:01:54 INFO  : 'targets -set -filter {jtag_cable_name =~ "Digilent Nexys A7 -100T 210292BCFFDAA" && level==0 && jtag_device_ctx=="jsn-Nexys A7 -100T-210292BCFFDAA-13631093-0"}' command is executed.
02:01:56 INFO  : Device configured successfully with "C:/Users/maxgr/Projects/Classes/ECE4300/ECE4300-sha256-microblaze/Vitis/sha_256_test_app/_ide/bitstream/sha256_test_wrapper.bit"
02:01:56 INFO  : Context for processor 'microblaze_0' is selected.
02:01:56 INFO  : Hardware design and registers information is loaded from 'C:/Users/maxgr/Projects/Classes/ECE4300/ECE4300-sha256-microblaze/Vitis/sha256_test_wrapper/export/sha256_test_wrapper/hw/sha256_test_wrapper.xsa'.
02:01:57 INFO  : 'configparams mdm-detect-bscan-mask 2' command is executed.
02:01:57 INFO  : Context for processor 'microblaze_0' is selected.
02:01:57 INFO  : System reset is completed.
02:02:00 INFO  : 'after 3000' command is executed.
02:02:00 INFO  : Context for processor 'microblaze_0' is selected.
02:02:00 INFO  : The application 'C:/Users/maxgr/Projects/Classes/ECE4300/ECE4300-sha256-microblaze/Vitis/sha_256_test_app/Debug/sha_256_test_app.elf' is downloaded to processor 'microblaze_0'.
02:02:00 INFO  : ----------------XSDB Script----------------
connect -url tcp:127.0.0.1:3121
targets -set -filter {jtag_cable_name =~ "Digilent Nexys A7 -100T 210292BCFFDAA" && level==0 && jtag_device_ctx=="jsn-Nexys A7 -100T-210292BCFFDAA-13631093-0"}
fpga -file C:/Users/maxgr/Projects/Classes/ECE4300/ECE4300-sha256-microblaze/Vitis/sha_256_test_app/_ide/bitstream/sha256_test_wrapper.bit
targets -set -nocase -filter {name =~ "*microblaze*#0" && bscan=="USER2" }
loadhw -hw C:/Users/maxgr/Projects/Classes/ECE4300/ECE4300-sha256-microblaze/Vitis/sha256_test_wrapper/export/sha256_test_wrapper/hw/sha256_test_wrapper.xsa -regs
configparams mdm-detect-bscan-mask 2
targets -set -nocase -filter {name =~ "*microblaze*#0" && bscan=="USER2" }
rst -system
after 3000
targets -set -nocase -filter {name =~ "*microblaze*#0" && bscan=="USER2" }
dow C:/Users/maxgr/Projects/Classes/ECE4300/ECE4300-sha256-microblaze/Vitis/sha_256_test_app/Debug/sha_256_test_app.elf
----------------End of Script----------------

02:02:00 INFO  : Context for processor 'microblaze_0' is selected.
02:02:00 INFO  : 'con' command is executed.
02:02:00 INFO  : ----------------XSDB Script (After Launch)----------------
targets -set -nocase -filter {name =~ "*microblaze*#0" && bscan=="USER2" }
con
----------------End of Script----------------

02:02:00 INFO  : Launch script is exported to file 'C:\Users\maxgr\Projects\Classes\ECE4300\ECE4300-sha256-microblaze\Vitis\sha_256_test_app_system\_ide\scripts\debugger_sha_256_test_app-default.tcl'
02:02:45 INFO  : Disconnected from the channel tcfchan#3.
02:02:46 INFO  : Checking for BSP changes to sync application flags for project 'sha_256_test_app'...
02:02:48 INFO  : Connected to target on host '127.0.0.1' and port '3121'.
02:02:48 INFO  : Jtag cable 'Digilent Nexys A7 -100T 210292BCFFDAA' is selected.
02:02:48 INFO  : 'jtag frequency' command is executed.
02:02:48 INFO  : 'targets -set -filter {jtag_cable_name =~ "Digilent Nexys A7 -100T 210292BCFFDAA" && level==0 && jtag_device_ctx=="jsn-Nexys A7 -100T-210292BCFFDAA-13631093-0"}' command is executed.
02:02:50 INFO  : Device configured successfully with "C:/Users/maxgr/Projects/Classes/ECE4300/ECE4300-sha256-microblaze/Vitis/sha_256_test_app/_ide/bitstream/sha256_test_wrapper.bit"
02:02:50 INFO  : Context for processor 'microblaze_0' is selected.
02:02:50 INFO  : Hardware design and registers information is loaded from 'C:/Users/maxgr/Projects/Classes/ECE4300/ECE4300-sha256-microblaze/Vitis/sha256_test_wrapper/export/sha256_test_wrapper/hw/sha256_test_wrapper.xsa'.
02:02:50 INFO  : 'configparams mdm-detect-bscan-mask 2' command is executed.
02:02:50 INFO  : Context for processor 'microblaze_0' is selected.
02:02:50 INFO  : System reset is completed.
02:02:53 INFO  : 'after 3000' command is executed.
02:02:53 INFO  : Context for processor 'microblaze_0' is selected.
02:02:53 INFO  : The application 'C:/Users/maxgr/Projects/Classes/ECE4300/ECE4300-sha256-microblaze/Vitis/sha_256_test_app/Debug/sha_256_test_app.elf' is downloaded to processor 'microblaze_0'.
02:02:53 INFO  : ----------------XSDB Script----------------
connect -url tcp:127.0.0.1:3121
targets -set -filter {jtag_cable_name =~ "Digilent Nexys A7 -100T 210292BCFFDAA" && level==0 && jtag_device_ctx=="jsn-Nexys A7 -100T-210292BCFFDAA-13631093-0"}
fpga -file C:/Users/maxgr/Projects/Classes/ECE4300/ECE4300-sha256-microblaze/Vitis/sha_256_test_app/_ide/bitstream/sha256_test_wrapper.bit
targets -set -nocase -filter {name =~ "*microblaze*#0" && bscan=="USER2" }
loadhw -hw C:/Users/maxgr/Projects/Classes/ECE4300/ECE4300-sha256-microblaze/Vitis/sha256_test_wrapper/export/sha256_test_wrapper/hw/sha256_test_wrapper.xsa -regs
configparams mdm-detect-bscan-mask 2
targets -set -nocase -filter {name =~ "*microblaze*#0" && bscan=="USER2" }
rst -system
after 3000
targets -set -nocase -filter {name =~ "*microblaze*#0" && bscan=="USER2" }
dow C:/Users/maxgr/Projects/Classes/ECE4300/ECE4300-sha256-microblaze/Vitis/sha_256_test_app/Debug/sha_256_test_app.elf
----------------End of Script----------------

02:02:53 INFO  : Context for processor 'microblaze_0' is selected.
02:02:53 INFO  : 'con' command is executed.
02:02:53 INFO  : ----------------XSDB Script (After Launch)----------------
targets -set -nocase -filter {name =~ "*microblaze*#0" && bscan=="USER2" }
con
----------------End of Script----------------

02:02:53 INFO  : Launch script is exported to file 'C:\Users\maxgr\Projects\Classes\ECE4300\ECE4300-sha256-microblaze\Vitis\sha_256_test_app_system\_ide\scripts\debugger_sha_256_test_app-default.tcl'
02:04:37 INFO  : Checking for BSP changes to sync application flags for project 'sha_256_test_app'...
02:04:39 INFO  : Disconnected from the channel tcfchan#4.
02:04:41 INFO  : Connected to target on host '127.0.0.1' and port '3121'.
02:04:41 INFO  : Jtag cable 'Digilent Nexys A7 -100T 210292BCFFDAA' is selected.
02:04:41 INFO  : 'jtag frequency' command is executed.
02:04:41 INFO  : 'targets -set -filter {jtag_cable_name =~ "Digilent Nexys A7 -100T 210292BCFFDAA" && level==0 && jtag_device_ctx=="jsn-Nexys A7 -100T-210292BCFFDAA-13631093-0"}' command is executed.
02:04:43 INFO  : Device configured successfully with "C:/Users/maxgr/Projects/Classes/ECE4300/ECE4300-sha256-microblaze/Vitis/sha_256_test_app/_ide/bitstream/sha256_test_wrapper.bit"
02:04:43 INFO  : Context for processor 'microblaze_0' is selected.
02:04:43 INFO  : Hardware design and registers information is loaded from 'C:/Users/maxgr/Projects/Classes/ECE4300/ECE4300-sha256-microblaze/Vitis/sha256_test_wrapper/export/sha256_test_wrapper/hw/sha256_test_wrapper.xsa'.
02:04:43 INFO  : 'configparams mdm-detect-bscan-mask 2' command is executed.
02:04:43 INFO  : Context for processor 'microblaze_0' is selected.
02:04:43 INFO  : System reset is completed.
02:04:46 INFO  : 'after 3000' command is executed.
02:04:46 INFO  : Context for processor 'microblaze_0' is selected.
02:04:46 INFO  : The application 'C:/Users/maxgr/Projects/Classes/ECE4300/ECE4300-sha256-microblaze/Vitis/sha_256_test_app/Debug/sha_256_test_app.elf' is downloaded to processor 'microblaze_0'.
02:04:46 INFO  : ----------------XSDB Script----------------
connect -url tcp:127.0.0.1:3121
targets -set -filter {jtag_cable_name =~ "Digilent Nexys A7 -100T 210292BCFFDAA" && level==0 && jtag_device_ctx=="jsn-Nexys A7 -100T-210292BCFFDAA-13631093-0"}
fpga -file C:/Users/maxgr/Projects/Classes/ECE4300/ECE4300-sha256-microblaze/Vitis/sha_256_test_app/_ide/bitstream/sha256_test_wrapper.bit
targets -set -nocase -filter {name =~ "*microblaze*#0" && bscan=="USER2" }
loadhw -hw C:/Users/maxgr/Projects/Classes/ECE4300/ECE4300-sha256-microblaze/Vitis/sha256_test_wrapper/export/sha256_test_wrapper/hw/sha256_test_wrapper.xsa -regs
configparams mdm-detect-bscan-mask 2
targets -set -nocase -filter {name =~ "*microblaze*#0" && bscan=="USER2" }
rst -system
after 3000
targets -set -nocase -filter {name =~ "*microblaze*#0" && bscan=="USER2" }
dow C:/Users/maxgr/Projects/Classes/ECE4300/ECE4300-sha256-microblaze/Vitis/sha_256_test_app/Debug/sha_256_test_app.elf
----------------End of Script----------------

02:04:47 INFO  : Context for processor 'microblaze_0' is selected.
02:04:47 INFO  : 'con' command is executed.
02:04:47 INFO  : ----------------XSDB Script (After Launch)----------------
targets -set -nocase -filter {name =~ "*microblaze*#0" && bscan=="USER2" }
con
----------------End of Script----------------

02:04:47 INFO  : Launch script is exported to file 'C:\Users\maxgr\Projects\Classes\ECE4300\ECE4300-sha256-microblaze\Vitis\sha_256_test_app_system\_ide\scripts\debugger_sha_256_test_app-default.tcl'
02:05:00 INFO  : Disconnected from the channel tcfchan#5.
02:05:01 INFO  : Checking for BSP changes to sync application flags for project 'sha_256_test_app'...
02:05:16 INFO  : Checking for BSP changes to sync application flags for project 'sha_256_test_app'...
02:05:40 INFO  : Checking for BSP changes to sync application flags for project 'sha_256_test_app'...
02:05:59 INFO  : Checking for BSP changes to sync application flags for project 'sha_256_test_app'...
02:06:04 INFO  : Checking for BSP changes to sync application flags for project 'sha_256_test_app'...
02:07:10 INFO  : Checking for BSP changes to sync application flags for project 'sha_256_test_app'...
02:07:30 INFO  : Checking for BSP changes to sync application flags for project 'sha_256_test_app'...
02:07:48 INFO  : Checking for BSP changes to sync application flags for project 'sha_256_test_app'...
02:22:39 INFO  : Hardware specification for platform project 'sha256_test_wrapper' is updated.
02:23:20 INFO  : Checking for BSP changes to sync application flags for project 'sha_256_test_app'...
02:23:20 INFO  : Result from executing command 'getProjects': RemoteSystemsTempFiles;sha256_test_wrapper;sha_256_test_app;sha_256_test_app_system
02:23:20 WARN  : Failed to closehw "C:/Users/maxgr/Projects/Classes/ECE4300/ECE4300-sha256-microblaze/Vitis/sha256_test_wrapper/export/sha256_test_wrapper/hw/sha256_test_wrapper.xsa"
Reason: C:/Users/maxgr/Projects/Classes/ECE4300/ECE4300-sha256-microblaze/Vitis/sha256_test_wrapper/export/sha256_test_wrapper/hw/sha256_test_wrapper.xsa is not available in the current workspace
use 'getprojects' command to see list of available projects in current workspace
02:23:20 INFO  : Result from executing command 'getProjects': RemoteSystemsTempFiles;sha256_test_wrapper;sha_256_test_app;sha_256_test_app_system
02:23:20 ERROR : Failed to openhw "C:/Users/maxgr/Projects/Classes/ECE4300/ECE4300-sha256-microblaze/Vitis/sha256_test_wrapper/export/sha256_test_wrapper/hw/sha256_test_wrapper.xsa"
Reason: C:/Users/maxgr/Projects/Classes/ECE4300/ECE4300-sha256-microblaze/Vitis/sha256_test_wrapper/export/sha256_test_wrapper/hw/sha256_test_wrapper.xsa is not available in the current workspace
use 'getprojects' command to see list of available projects in current workspace
02:23:20 ERROR : Failed to update application flags from BSP for 'sha_256_test_app'. Reason: null
java.lang.NullPointerException: null
	at com.xilinx.sdx.sw.internal.SDxSwPlatform.<init>(SDxSwPlatform.java:305) ~[com.xilinx.sdx.sw_1.0.0.202310091710.jar:?]
	at com.xilinx.sdx.sw.internal.SDxSwPlatform.create(SDxSwPlatform.java:214) ~[com.xilinx.sdx.sw_1.0.0.202310091710.jar:?]
	at com.xilinx.sdx.sdk.core.util.SdkPlatformHelper.getSwPlatform(SdkPlatformHelper.java:64) ~[com.xilinx.sdx.sdk.core_1.0.0.202310091710.jar:?]
	at com.xilinx.sdx.sdk.core.build.SdkMakefileGenerationListener.getSwPlatform(SdkMakefileGenerationListener.java:160) ~[com.xilinx.sdx.sdk.core_1.0.0.202310091710.jar:?]
	at com.xilinx.sdx.sdk.core.build.SdkMakefileGenerationListener.syncAppFlags(SdkMakefileGenerationListener.java:78) [com.xilinx.sdx.sdk.core_1.0.0.202310091710.jar:?]
	at com.xilinx.sdx.sdk.core.build.SdkMakefileGenerationListener.preMakefileGeneration(SdkMakefileGenerationListener.java:48) [com.xilinx.sdx.sdk.core_1.0.0.202310091710.jar:?]
	at com.xilinx.sdk.managedbuilder.XilinxGnuMakefileGenerator.notifyPreMakefileGenerationListeners(XilinxGnuMakefileGenerator.java:91) [com.xilinx.sdk.managedbuilder_1.0.0.202310091710.jar:?]
	at com.xilinx.sdk.managedbuilder.XilinxGnuMakefileGenerator.generateMakefiles(XilinxGnuMakefileGenerator.java:40) [com.xilinx.sdk.managedbuilder_1.0.0.202310091710.jar:?]
	at org.eclipse.cdt.managedbuilder.internal.core.CommonBuilder.performMakefileGeneration(CommonBuilder.java:1008) [org.eclipse.cdt.managedbuilder.core_8.6.0.201802261533.jar:?]
	at org.eclipse.cdt.managedbuilder.internal.core.CommonBuilder.performPrebuildGeneration(CommonBuilder.java:873) [org.eclipse.cdt.managedbuilder.core_8.6.0.201802261533.jar:?]
	at org.eclipse.cdt.managedbuilder.internal.core.CommonBuilder.build(CommonBuilder.java:748) [org.eclipse.cdt.managedbuilder.core_8.6.0.201802261533.jar:?]
	at org.eclipse.cdt.managedbuilder.internal.core.CommonBuilder.build(CommonBuilder.java:510) [org.eclipse.cdt.managedbuilder.core_8.6.0.201802261533.jar:?]
	at org.eclipse.cdt.managedbuilder.internal.core.CommonBuilder.build(CommonBuilder.java:459) [org.eclipse.cdt.managedbuilder.core_8.6.0.201802261533.jar:?]
	at org.eclipse.core.internal.events.BuildManager$2.run(BuildManager.java:832) [org.eclipse.core.resources_3.13.700.v20200209-1624.jar:?]
	at org.eclipse.core.runtime.SafeRunner.run(SafeRunner.java:45) [org.eclipse.equinox.common_3.11.0.v20200206-0817.jar:?]
	at org.eclipse.core.internal.events.BuildManager.basicBuild(BuildManager.java:220) [org.eclipse.core.resources_3.13.700.v20200209-1624.jar:?]
	at org.eclipse.core.internal.events.BuildManager.basicBuild(BuildManager.java:263) [org.eclipse.core.resources_3.13.700.v20200209-1624.jar:?]
	at org.eclipse.core.internal.events.BuildManager$1.run(BuildManager.java:316) [org.eclipse.core.resources_3.13.700.v20200209-1624.jar:?]
	at org.eclipse.core.runtime.SafeRunner.run(SafeRunner.java:45) [org.eclipse.equinox.common_3.11.0.v20200206-0817.jar:?]
	at org.eclipse.core.internal.events.BuildManager.basicBuild(BuildManager.java:319) [org.eclipse.core.resources_3.13.700.v20200209-1624.jar:?]
	at org.eclipse.core.internal.events.BuildManager.basicBuildLoop(BuildManager.java:371) [org.eclipse.core.resources_3.13.700.v20200209-1624.jar:?]
	at org.eclipse.core.internal.events.BuildManager.build(BuildManager.java:392) [org.eclipse.core.resources_3.13.700.v20200209-1624.jar:?]
	at org.eclipse.core.internal.resources.Workspace.buildInternal(Workspace.java:515) [org.eclipse.core.resources_3.13.700.v20200209-1624.jar:?]
	at org.eclipse.core.internal.resources.Workspace.build(Workspace.java:412) [org.eclipse.core.resources_3.13.700.v20200209-1624.jar:?]
	at org.eclipse.ui.actions.BuildAction$1.runInWorkspace(BuildAction.java:291) [org.eclipse.ui.ide_3.17.0.v20200217-1511.jar:?]
	at org.eclipse.core.internal.resources.InternalWorkspaceJob.run(InternalWorkspaceJob.java:42) [org.eclipse.core.resources_3.13.700.v20200209-1624.jar:?]
	at org.eclipse.core.internal.jobs.Worker.run(Worker.java:63) [org.eclipse.core.jobs_3.10.700.v20200106-1020.jar:?]
02:23:55 INFO  : Checking for BSP changes to sync application flags for project 'sha_256_test_app'...
02:23:55 INFO  : Result from executing command 'getProjects': RemoteSystemsTempFiles;sha256_test_wrapper;sha_256_test_app;sha_256_test_app_system
02:23:55 ERROR : Failed to openhw "C:/Users/maxgr/Projects/Classes/ECE4300/ECE4300-sha256-microblaze/Vitis/sha256_test_wrapper/export/sha256_test_wrapper/hw/sha256_test_wrapper.xsa"
Reason: C:/Users/maxgr/Projects/Classes/ECE4300/ECE4300-sha256-microblaze/Vitis/sha256_test_wrapper/export/sha256_test_wrapper/hw/sha256_test_wrapper.xsa is not available in the current workspace
use 'getprojects' command to see list of available projects in current workspace
02:23:55 ERROR : Failed to update application flags from BSP for 'sha_256_test_app'. Reason: null
java.lang.NullPointerException: null
	at com.xilinx.sdx.sw.internal.SDxSwPlatform.<init>(SDxSwPlatform.java:305) ~[com.xilinx.sdx.sw_1.0.0.202310091710.jar:?]
	at com.xilinx.sdx.sw.internal.SDxSwPlatform.create(SDxSwPlatform.java:214) ~[com.xilinx.sdx.sw_1.0.0.202310091710.jar:?]
	at com.xilinx.sdx.sdk.core.util.SdkPlatformHelper.getSwPlatform(SdkPlatformHelper.java:64) ~[com.xilinx.sdx.sdk.core_1.0.0.202310091710.jar:?]
	at com.xilinx.sdx.sdk.core.build.SdkMakefileGenerationListener.getSwPlatform(SdkMakefileGenerationListener.java:160) ~[com.xilinx.sdx.sdk.core_1.0.0.202310091710.jar:?]
	at com.xilinx.sdx.sdk.core.build.SdkMakefileGenerationListener.syncAppFlags(SdkMakefileGenerationListener.java:78) [com.xilinx.sdx.sdk.core_1.0.0.202310091710.jar:?]
	at com.xilinx.sdx.sdk.core.build.SdkMakefileGenerationListener.preMakefileGeneration(SdkMakefileGenerationListener.java:48) [com.xilinx.sdx.sdk.core_1.0.0.202310091710.jar:?]
	at com.xilinx.sdk.managedbuilder.XilinxGnuMakefileGenerator.notifyPreMakefileGenerationListeners(XilinxGnuMakefileGenerator.java:91) [com.xilinx.sdk.managedbuilder_1.0.0.202310091710.jar:?]
	at com.xilinx.sdk.managedbuilder.XilinxGnuMakefileGenerator.generateMakefiles(XilinxGnuMakefileGenerator.java:40) [com.xilinx.sdk.managedbuilder_1.0.0.202310091710.jar:?]
	at org.eclipse.cdt.managedbuilder.internal.core.CommonBuilder.performMakefileGeneration(CommonBuilder.java:1008) [org.eclipse.cdt.managedbuilder.core_8.6.0.201802261533.jar:?]
	at org.eclipse.cdt.managedbuilder.internal.core.CommonBuilder.performPrebuildGeneration(CommonBuilder.java:873) [org.eclipse.cdt.managedbuilder.core_8.6.0.201802261533.jar:?]
	at org.eclipse.cdt.managedbuilder.internal.core.CommonBuilder.build(CommonBuilder.java:748) [org.eclipse.cdt.managedbuilder.core_8.6.0.201802261533.jar:?]
	at org.eclipse.cdt.managedbuilder.internal.core.CommonBuilder.build(CommonBuilder.java:510) [org.eclipse.cdt.managedbuilder.core_8.6.0.201802261533.jar:?]
	at org.eclipse.cdt.managedbuilder.internal.core.CommonBuilder.build(CommonBuilder.java:459) [org.eclipse.cdt.managedbuilder.core_8.6.0.201802261533.jar:?]
	at org.eclipse.core.internal.events.BuildManager$2.run(BuildManager.java:832) [org.eclipse.core.resources_3.13.700.v20200209-1624.jar:?]
	at org.eclipse.core.runtime.SafeRunner.run(SafeRunner.java:45) [org.eclipse.equinox.common_3.11.0.v20200206-0817.jar:?]
	at org.eclipse.core.internal.events.BuildManager.basicBuild(BuildManager.java:220) [org.eclipse.core.resources_3.13.700.v20200209-1624.jar:?]
	at org.eclipse.core.internal.events.BuildManager.basicBuild(BuildManager.java:263) [org.eclipse.core.resources_3.13.700.v20200209-1624.jar:?]
	at org.eclipse.core.internal.events.BuildManager$1.run(BuildManager.java:316) [org.eclipse.core.resources_3.13.700.v20200209-1624.jar:?]
	at org.eclipse.core.runtime.SafeRunner.run(SafeRunner.java:45) [org.eclipse.equinox.common_3.11.0.v20200206-0817.jar:?]
	at org.eclipse.core.internal.events.BuildManager.basicBuild(BuildManager.java:319) [org.eclipse.core.resources_3.13.700.v20200209-1624.jar:?]
	at org.eclipse.core.internal.events.BuildManager.basicBuildLoop(BuildManager.java:371) [org.eclipse.core.resources_3.13.700.v20200209-1624.jar:?]
	at org.eclipse.core.internal.events.BuildManager.build(BuildManager.java:392) [org.eclipse.core.resources_3.13.700.v20200209-1624.jar:?]
	at org.eclipse.core.internal.resources.Workspace.buildInternal(Workspace.java:515) [org.eclipse.core.resources_3.13.700.v20200209-1624.jar:?]
	at org.eclipse.core.internal.resources.Workspace.build(Workspace.java:412) [org.eclipse.core.resources_3.13.700.v20200209-1624.jar:?]
	at org.eclipse.ui.actions.BuildAction$1.runInWorkspace(BuildAction.java:291) [org.eclipse.ui.ide_3.17.0.v20200217-1511.jar:?]
	at org.eclipse.core.internal.resources.InternalWorkspaceJob.run(InternalWorkspaceJob.java:42) [org.eclipse.core.resources_3.13.700.v20200209-1624.jar:?]
	at org.eclipse.core.internal.jobs.Worker.run(Worker.java:63) [org.eclipse.core.jobs_3.10.700.v20200106-1020.jar:?]
02:24:11 INFO  : Checking for BSP changes to sync application flags for project 'sha_256_test_app'...
02:24:11 INFO  : Result from executing command 'getProjects': RemoteSystemsTempFiles;sha256_test_wrapper;sha_256_test_app;sha_256_test_app_system
02:24:11 ERROR : Failed to openhw "C:/Users/maxgr/Projects/Classes/ECE4300/ECE4300-sha256-microblaze/Vitis/sha256_test_wrapper/export/sha256_test_wrapper/hw/sha256_test_wrapper.xsa"
Reason: C:/Users/maxgr/Projects/Classes/ECE4300/ECE4300-sha256-microblaze/Vitis/sha256_test_wrapper/export/sha256_test_wrapper/hw/sha256_test_wrapper.xsa is not available in the current workspace
use 'getprojects' command to see list of available projects in current workspace
02:24:11 ERROR : Failed to update application flags from BSP for 'sha_256_test_app'. Reason: null
java.lang.NullPointerException: null
	at com.xilinx.sdx.sw.internal.SDxSwPlatform.<init>(SDxSwPlatform.java:305) ~[com.xilinx.sdx.sw_1.0.0.202310091710.jar:?]
	at com.xilinx.sdx.sw.internal.SDxSwPlatform.create(SDxSwPlatform.java:214) ~[com.xilinx.sdx.sw_1.0.0.202310091710.jar:?]
	at com.xilinx.sdx.sdk.core.util.SdkPlatformHelper.getSwPlatform(SdkPlatformHelper.java:64) ~[com.xilinx.sdx.sdk.core_1.0.0.202310091710.jar:?]
	at com.xilinx.sdx.sdk.core.build.SdkMakefileGenerationListener.getSwPlatform(SdkMakefileGenerationListener.java:160) ~[com.xilinx.sdx.sdk.core_1.0.0.202310091710.jar:?]
	at com.xilinx.sdx.sdk.core.build.SdkMakefileGenerationListener.syncAppFlags(SdkMakefileGenerationListener.java:78) [com.xilinx.sdx.sdk.core_1.0.0.202310091710.jar:?]
	at com.xilinx.sdx.sdk.core.build.SdkMakefileGenerationListener.preMakefileGeneration(SdkMakefileGenerationListener.java:48) [com.xilinx.sdx.sdk.core_1.0.0.202310091710.jar:?]
	at com.xilinx.sdk.managedbuilder.XilinxGnuMakefileGenerator.notifyPreMakefileGenerationListeners(XilinxGnuMakefileGenerator.java:91) [com.xilinx.sdk.managedbuilder_1.0.0.202310091710.jar:?]
	at com.xilinx.sdk.managedbuilder.XilinxGnuMakefileGenerator.generateMakefiles(XilinxGnuMakefileGenerator.java:40) [com.xilinx.sdk.managedbuilder_1.0.0.202310091710.jar:?]
	at org.eclipse.cdt.managedbuilder.internal.core.CommonBuilder.performMakefileGeneration(CommonBuilder.java:1008) [org.eclipse.cdt.managedbuilder.core_8.6.0.201802261533.jar:?]
	at org.eclipse.cdt.managedbuilder.internal.core.CommonBuilder.performPrebuildGeneration(CommonBuilder.java:873) [org.eclipse.cdt.managedbuilder.core_8.6.0.201802261533.jar:?]
	at org.eclipse.cdt.managedbuilder.internal.core.CommonBuilder.build(CommonBuilder.java:748) [org.eclipse.cdt.managedbuilder.core_8.6.0.201802261533.jar:?]
	at org.eclipse.cdt.managedbuilder.internal.core.CommonBuilder.build(CommonBuilder.java:510) [org.eclipse.cdt.managedbuilder.core_8.6.0.201802261533.jar:?]
	at org.eclipse.cdt.managedbuilder.internal.core.CommonBuilder.build(CommonBuilder.java:459) [org.eclipse.cdt.managedbuilder.core_8.6.0.201802261533.jar:?]
	at org.eclipse.core.internal.events.BuildManager$2.run(BuildManager.java:832) [org.eclipse.core.resources_3.13.700.v20200209-1624.jar:?]
	at org.eclipse.core.runtime.SafeRunner.run(SafeRunner.java:45) [org.eclipse.equinox.common_3.11.0.v20200206-0817.jar:?]
	at org.eclipse.core.internal.events.BuildManager.basicBuild(BuildManager.java:220) [org.eclipse.core.resources_3.13.700.v20200209-1624.jar:?]
	at org.eclipse.core.internal.events.BuildManager.basicBuild(BuildManager.java:263) [org.eclipse.core.resources_3.13.700.v20200209-1624.jar:?]
	at org.eclipse.core.internal.events.BuildManager$1.run(BuildManager.java:316) [org.eclipse.core.resources_3.13.700.v20200209-1624.jar:?]
	at org.eclipse.core.runtime.SafeRunner.run(SafeRunner.java:45) [org.eclipse.equinox.common_3.11.0.v20200206-0817.jar:?]
	at org.eclipse.core.internal.events.BuildManager.basicBuild(BuildManager.java:319) [org.eclipse.core.resources_3.13.700.v20200209-1624.jar:?]
	at org.eclipse.core.internal.events.BuildManager.basicBuildLoop(BuildManager.java:371) [org.eclipse.core.resources_3.13.700.v20200209-1624.jar:?]
	at org.eclipse.core.internal.events.BuildManager.build(BuildManager.java:392) [org.eclipse.core.resources_3.13.700.v20200209-1624.jar:?]
	at org.eclipse.core.internal.resources.Workspace.buildInternal(Workspace.java:515) [org.eclipse.core.resources_3.13.700.v20200209-1624.jar:?]
	at org.eclipse.core.internal.resources.Workspace.build(Workspace.java:412) [org.eclipse.core.resources_3.13.700.v20200209-1624.jar:?]
	at org.eclipse.ui.actions.BuildAction$1.runInWorkspace(BuildAction.java:291) [org.eclipse.ui.ide_3.17.0.v20200217-1511.jar:?]
	at org.eclipse.core.internal.resources.InternalWorkspaceJob.run(InternalWorkspaceJob.java:42) [org.eclipse.core.resources_3.13.700.v20200209-1624.jar:?]
	at org.eclipse.core.internal.jobs.Worker.run(Worker.java:63) [org.eclipse.core.jobs_3.10.700.v20200106-1020.jar:?]
02:24:46 INFO  : Result from executing command 'getProjects': sha256_test_wrapper
02:24:46 INFO  : Result from executing command 'getPlatforms': sha256_test_wrapper|C:/Users/maxgr/Projects/Classes/ECE4300/ECE4300-sha256-microblaze/Vitis/sha256_test_wrapper/export/sha256_test_wrapper/sha256_test_wrapper.xpfm;xilinx_zcu102_base_202320_1|C:/Xilinx/Vitis/2023.2/base_platforms/xilinx_zcu102_base_202320_1/xilinx_zcu102_base_202320_1.xpfm;xilinx_zcu102_base_dfx_202320_1|C:/Xilinx/Vitis/2023.2/base_platforms/xilinx_zcu102_base_dfx_202320_1/xilinx_zcu102_base_dfx_202320_1.xpfm;xilinx_zcu104_base_202320_1|C:/Xilinx/Vitis/2023.2/base_platforms/xilinx_zcu104_base_202320_1/xilinx_zcu104_base_202320_1.xpfm
02:24:47 INFO  : Checking for BSP changes to sync application flags for project 'sha_256_test_app'...
02:25:10 INFO  : Checking for BSP changes to sync application flags for project 'sha_256_test_app'...
02:27:45 INFO  : Result from executing command 'getProjects': sha256_test_wrapper
02:27:45 INFO  : Result from executing command 'getPlatforms': sha256_test_wrapper|C:/Users/maxgr/Projects/Classes/ECE4300/ECE4300-sha256-microblaze/Vitis/sha256_test_wrapper/export/sha256_test_wrapper/sha256_test_wrapper.xpfm;xilinx_zcu102_base_202320_1|C:/Xilinx/Vitis/2023.2/base_platforms/xilinx_zcu102_base_202320_1/xilinx_zcu102_base_202320_1.xpfm;xilinx_zcu102_base_dfx_202320_1|C:/Xilinx/Vitis/2023.2/base_platforms/xilinx_zcu102_base_dfx_202320_1/xilinx_zcu102_base_dfx_202320_1.xpfm;xilinx_zcu104_base_202320_1|C:/Xilinx/Vitis/2023.2/base_platforms/xilinx_zcu104_base_202320_1/xilinx_zcu104_base_202320_1.xpfm
02:27:46 INFO  : Checking for BSP changes to sync application flags for project 'sha_256_test_app'...
02:30:08 INFO  : Result from executing command 'removePlatformRepo': 
02:30:20 INFO  : Result from executing command 'getProjects': sha256_test_wrapper
02:30:20 INFO  : Result from executing command 'getPlatforms': xilinx_zcu102_base_202320_1|C:/Xilinx/Vitis/2023.2/base_platforms/xilinx_zcu102_base_202320_1/xilinx_zcu102_base_202320_1.xpfm;xilinx_zcu102_base_dfx_202320_1|C:/Xilinx/Vitis/2023.2/base_platforms/xilinx_zcu102_base_dfx_202320_1/xilinx_zcu102_base_dfx_202320_1.xpfm;xilinx_zcu104_base_202320_1|C:/Xilinx/Vitis/2023.2/base_platforms/xilinx_zcu104_base_202320_1/xilinx_zcu104_base_202320_1.xpfm
02:30:26 INFO  : Checking for BSP changes to sync application flags for project 'sha_256_test_app'...
02:30:26 INFO  : The hardware specification used by project 'sha_256_test_app' is out of sync with the platform. Resource files extracted from the hardware specification will be updated.
02:30:26 INFO  : The file 'C:\Users\maxgr\Projects\Classes\ECE4300\ECE4300-sha256-microblaze\Vitis\sha_256_test_app\_ide\bitstream\sha256_test_wrapper.bit' stored in project is removed.
02:30:26 INFO  : The file 'C:\Users\maxgr\Projects\Classes\ECE4300\ECE4300-sha256-microblaze\Vitis\sha_256_test_app\_ide\bitstream\sha256_test_wrapper.mmi' stored in project is removed.
02:30:26 INFO  : The updated bitstream files are copied from platform to folder 'C:\Users\maxgr\Projects\Classes\ECE4300\ECE4300-sha256-microblaze\Vitis\sha_256_test_app\_ide\bitstream' in project 'sha_256_test_app'.
02:34:52 INFO  : Checking for BSP changes to sync application flags for project 'sha_256_test_app'...
02:35:15 INFO  : Checking for BSP changes to sync application flags for project 'sha_256_test_app'...
02:35:26 INFO  : Checking for BSP changes to sync application flags for project 'sha_256_test_app'...
02:35:34 INFO  : Connected to target on host '127.0.0.1' and port '3121'.
02:35:34 INFO  : Jtag cable 'Digilent Nexys A7 -100T 210292BCFFDAA' is selected.
02:35:34 INFO  : 'jtag frequency' command is executed.
02:35:34 INFO  : 'targets -set -filter {jtag_cable_name =~ "Digilent Nexys A7 -100T 210292BCFFDAA" && level==0 && jtag_device_ctx=="jsn-Nexys A7 -100T-210292BCFFDAA-13631093-0"}' command is executed.
02:35:37 INFO  : Device configured successfully with "C:/Users/maxgr/Projects/Classes/ECE4300/ECE4300-sha256-microblaze/Vitis/sha_256_test_app/_ide/bitstream/sha256_test_wrapper.bit"
02:35:37 INFO  : Context for processor 'microblaze_0' is selected.
02:35:37 INFO  : Hardware design and registers information is loaded from 'C:/Users/maxgr/Projects/Classes/ECE4300/ECE4300-sha256-microblaze/Vitis/sha256_test_wrapper/export/sha256_test_wrapper/hw/sha256_test_wrapper.xsa'.
02:35:37 INFO  : 'configparams mdm-detect-bscan-mask 2' command is executed.
02:35:37 INFO  : Context for processor 'microblaze_0' is selected.
02:35:37 INFO  : System reset is completed.
02:35:40 INFO  : 'after 3000' command is executed.
02:35:40 INFO  : Context for processor 'microblaze_0' is selected.
02:35:40 INFO  : The application 'C:/Users/maxgr/Projects/Classes/ECE4300/ECE4300-sha256-microblaze/Vitis/sha_256_test_app/Debug/sha_256_test_app.elf' is downloaded to processor 'microblaze_0'.
02:35:40 INFO  : ----------------XSDB Script----------------
connect -url tcp:127.0.0.1:3121
targets -set -filter {jtag_cable_name =~ "Digilent Nexys A7 -100T 210292BCFFDAA" && level==0 && jtag_device_ctx=="jsn-Nexys A7 -100T-210292BCFFDAA-13631093-0"}
fpga -file C:/Users/maxgr/Projects/Classes/ECE4300/ECE4300-sha256-microblaze/Vitis/sha_256_test_app/_ide/bitstream/sha256_test_wrapper.bit
targets -set -nocase -filter {name =~ "*microblaze*#0" && bscan=="USER2" }
loadhw -hw C:/Users/maxgr/Projects/Classes/ECE4300/ECE4300-sha256-microblaze/Vitis/sha256_test_wrapper/export/sha256_test_wrapper/hw/sha256_test_wrapper.xsa -regs
configparams mdm-detect-bscan-mask 2
targets -set -nocase -filter {name =~ "*microblaze*#0" && bscan=="USER2" }
rst -system
after 3000
targets -set -nocase -filter {name =~ "*microblaze*#0" && bscan=="USER2" }
dow C:/Users/maxgr/Projects/Classes/ECE4300/ECE4300-sha256-microblaze/Vitis/sha_256_test_app/Debug/sha_256_test_app.elf
----------------End of Script----------------

02:35:40 INFO  : Context for processor 'microblaze_0' is selected.
02:35:40 INFO  : 'con' command is executed.
02:35:40 INFO  : ----------------XSDB Script (After Launch)----------------
targets -set -nocase -filter {name =~ "*microblaze*#0" && bscan=="USER2" }
con
----------------End of Script----------------

02:35:40 INFO  : Launch script is exported to file 'C:\Users\maxgr\Projects\Classes\ECE4300\ECE4300-sha256-microblaze\Vitis\sha_256_test_app_system\_ide\scripts\debugger_sha_256_test_app-default.tcl'
02:36:04 INFO  : Checking for BSP changes to sync application flags for project 'sha_256_test_app'...
02:36:06 INFO  : Disconnected from the channel tcfchan#14.
02:36:08 INFO  : Connected to target on host '127.0.0.1' and port '3121'.
02:36:08 INFO  : Jtag cable 'Digilent Nexys A7 -100T 210292BCFFDAA' is selected.
02:36:08 INFO  : 'jtag frequency' command is executed.
02:36:08 INFO  : 'targets -set -filter {jtag_cable_name =~ "Digilent Nexys A7 -100T 210292BCFFDAA" && level==0 && jtag_device_ctx=="jsn-Nexys A7 -100T-210292BCFFDAA-13631093-0"}' command is executed.
02:36:10 INFO  : Device configured successfully with "C:/Users/maxgr/Projects/Classes/ECE4300/ECE4300-sha256-microblaze/Vitis/sha_256_test_app/_ide/bitstream/sha256_test_wrapper.bit"
02:36:10 INFO  : Context for processor 'microblaze_0' is selected.
02:36:10 INFO  : Hardware design and registers information is loaded from 'C:/Users/maxgr/Projects/Classes/ECE4300/ECE4300-sha256-microblaze/Vitis/sha256_test_wrapper/export/sha256_test_wrapper/hw/sha256_test_wrapper.xsa'.
02:36:10 INFO  : 'configparams mdm-detect-bscan-mask 2' command is executed.
02:36:10 INFO  : Context for processor 'microblaze_0' is selected.
02:36:10 INFO  : System reset is completed.
02:36:13 INFO  : 'after 3000' command is executed.
02:36:13 INFO  : Context for processor 'microblaze_0' is selected.
02:36:14 INFO  : The application 'C:/Users/maxgr/Projects/Classes/ECE4300/ECE4300-sha256-microblaze/Vitis/sha_256_test_app/Debug/sha_256_test_app.elf' is downloaded to processor 'microblaze_0'.
02:36:14 INFO  : ----------------XSDB Script----------------
connect -url tcp:127.0.0.1:3121
targets -set -filter {jtag_cable_name =~ "Digilent Nexys A7 -100T 210292BCFFDAA" && level==0 && jtag_device_ctx=="jsn-Nexys A7 -100T-210292BCFFDAA-13631093-0"}
fpga -file C:/Users/maxgr/Projects/Classes/ECE4300/ECE4300-sha256-microblaze/Vitis/sha_256_test_app/_ide/bitstream/sha256_test_wrapper.bit
targets -set -nocase -filter {name =~ "*microblaze*#0" && bscan=="USER2" }
loadhw -hw C:/Users/maxgr/Projects/Classes/ECE4300/ECE4300-sha256-microblaze/Vitis/sha256_test_wrapper/export/sha256_test_wrapper/hw/sha256_test_wrapper.xsa -regs
configparams mdm-detect-bscan-mask 2
targets -set -nocase -filter {name =~ "*microblaze*#0" && bscan=="USER2" }
rst -system
after 3000
targets -set -nocase -filter {name =~ "*microblaze*#0" && bscan=="USER2" }
dow C:/Users/maxgr/Projects/Classes/ECE4300/ECE4300-sha256-microblaze/Vitis/sha_256_test_app/Debug/sha_256_test_app.elf
----------------End of Script----------------

02:36:14 INFO  : Context for processor 'microblaze_0' is selected.
02:36:14 INFO  : 'con' command is executed.
02:36:14 INFO  : ----------------XSDB Script (After Launch)----------------
targets -set -nocase -filter {name =~ "*microblaze*#0" && bscan=="USER2" }
con
----------------End of Script----------------

02:36:14 INFO  : Launch script is exported to file 'C:\Users\maxgr\Projects\Classes\ECE4300\ECE4300-sha256-microblaze\Vitis\sha_256_test_app_system\_ide\scripts\debugger_sha_256_test_app-default.tcl'
02:36:55 INFO  : Checking for BSP changes to sync application flags for project 'sha_256_test_app'...
02:36:58 INFO  : Disconnected from the channel tcfchan#15.
02:37:00 INFO  : Connected to target on host '127.0.0.1' and port '3121'.
02:37:00 INFO  : Jtag cable 'Digilent Nexys A7 -100T 210292BCFFDAA' is selected.
02:37:00 INFO  : 'jtag frequency' command is executed.
02:37:00 INFO  : 'targets -set -filter {jtag_cable_name =~ "Digilent Nexys A7 -100T 210292BCFFDAA" && level==0 && jtag_device_ctx=="jsn-Nexys A7 -100T-210292BCFFDAA-13631093-0"}' command is executed.
02:37:02 INFO  : Device configured successfully with "C:/Users/maxgr/Projects/Classes/ECE4300/ECE4300-sha256-microblaze/Vitis/sha_256_test_app/_ide/bitstream/sha256_test_wrapper.bit"
02:37:02 INFO  : Context for processor 'microblaze_0' is selected.
02:37:02 INFO  : Hardware design and registers information is loaded from 'C:/Users/maxgr/Projects/Classes/ECE4300/ECE4300-sha256-microblaze/Vitis/sha256_test_wrapper/export/sha256_test_wrapper/hw/sha256_test_wrapper.xsa'.
02:37:02 INFO  : 'configparams mdm-detect-bscan-mask 2' command is executed.
02:37:02 INFO  : Context for processor 'microblaze_0' is selected.
02:37:02 INFO  : System reset is completed.
02:37:05 INFO  : 'after 3000' command is executed.
02:37:05 INFO  : Context for processor 'microblaze_0' is selected.
02:37:05 INFO  : The application 'C:/Users/maxgr/Projects/Classes/ECE4300/ECE4300-sha256-microblaze/Vitis/sha_256_test_app/Debug/sha_256_test_app.elf' is downloaded to processor 'microblaze_0'.
02:37:05 INFO  : ----------------XSDB Script----------------
connect -url tcp:127.0.0.1:3121
targets -set -filter {jtag_cable_name =~ "Digilent Nexys A7 -100T 210292BCFFDAA" && level==0 && jtag_device_ctx=="jsn-Nexys A7 -100T-210292BCFFDAA-13631093-0"}
fpga -file C:/Users/maxgr/Projects/Classes/ECE4300/ECE4300-sha256-microblaze/Vitis/sha_256_test_app/_ide/bitstream/sha256_test_wrapper.bit
targets -set -nocase -filter {name =~ "*microblaze*#0" && bscan=="USER2" }
loadhw -hw C:/Users/maxgr/Projects/Classes/ECE4300/ECE4300-sha256-microblaze/Vitis/sha256_test_wrapper/export/sha256_test_wrapper/hw/sha256_test_wrapper.xsa -regs
configparams mdm-detect-bscan-mask 2
targets -set -nocase -filter {name =~ "*microblaze*#0" && bscan=="USER2" }
rst -system
after 3000
targets -set -nocase -filter {name =~ "*microblaze*#0" && bscan=="USER2" }
dow C:/Users/maxgr/Projects/Classes/ECE4300/ECE4300-sha256-microblaze/Vitis/sha_256_test_app/Debug/sha_256_test_app.elf
----------------End of Script----------------

02:37:05 INFO  : Context for processor 'microblaze_0' is selected.
02:37:05 INFO  : 'con' command is executed.
02:37:05 INFO  : ----------------XSDB Script (After Launch)----------------
targets -set -nocase -filter {name =~ "*microblaze*#0" && bscan=="USER2" }
con
----------------End of Script----------------

02:37:05 INFO  : Launch script is exported to file 'C:\Users\maxgr\Projects\Classes\ECE4300\ECE4300-sha256-microblaze\Vitis\sha_256_test_app_system\_ide\scripts\debugger_sha_256_test_app-default.tcl'
02:37:13 INFO  : Checking for BSP changes to sync application flags for project 'sha_256_test_app'...
02:37:20 INFO  : Disconnected from the channel tcfchan#16.
02:37:21 INFO  : Connected to target on host '127.0.0.1' and port '3121'.
02:37:21 INFO  : Jtag cable 'Digilent Nexys A7 -100T 210292BCFFDAA' is selected.
02:37:21 INFO  : 'jtag frequency' command is executed.
02:37:21 INFO  : 'targets -set -filter {jtag_cable_name =~ "Digilent Nexys A7 -100T 210292BCFFDAA" && level==0 && jtag_device_ctx=="jsn-Nexys A7 -100T-210292BCFFDAA-13631093-0"}' command is executed.
02:37:23 INFO  : Device configured successfully with "C:/Users/maxgr/Projects/Classes/ECE4300/ECE4300-sha256-microblaze/Vitis/sha_256_test_app/_ide/bitstream/sha256_test_wrapper.bit"
02:37:23 INFO  : Context for processor 'microblaze_0' is selected.
02:37:23 INFO  : Hardware design and registers information is loaded from 'C:/Users/maxgr/Projects/Classes/ECE4300/ECE4300-sha256-microblaze/Vitis/sha256_test_wrapper/export/sha256_test_wrapper/hw/sha256_test_wrapper.xsa'.
02:37:23 INFO  : 'configparams mdm-detect-bscan-mask 2' command is executed.
02:37:23 INFO  : Context for processor 'microblaze_0' is selected.
02:37:23 INFO  : System reset is completed.
02:37:26 INFO  : 'after 3000' command is executed.
02:37:26 INFO  : Context for processor 'microblaze_0' is selected.
02:37:26 INFO  : The application 'C:/Users/maxgr/Projects/Classes/ECE4300/ECE4300-sha256-microblaze/Vitis/sha_256_test_app/Debug/sha_256_test_app.elf' is downloaded to processor 'microblaze_0'.
02:37:26 INFO  : ----------------XSDB Script----------------
connect -url tcp:127.0.0.1:3121
targets -set -filter {jtag_cable_name =~ "Digilent Nexys A7 -100T 210292BCFFDAA" && level==0 && jtag_device_ctx=="jsn-Nexys A7 -100T-210292BCFFDAA-13631093-0"}
fpga -file C:/Users/maxgr/Projects/Classes/ECE4300/ECE4300-sha256-microblaze/Vitis/sha_256_test_app/_ide/bitstream/sha256_test_wrapper.bit
targets -set -nocase -filter {name =~ "*microblaze*#0" && bscan=="USER2" }
loadhw -hw C:/Users/maxgr/Projects/Classes/ECE4300/ECE4300-sha256-microblaze/Vitis/sha256_test_wrapper/export/sha256_test_wrapper/hw/sha256_test_wrapper.xsa -regs
configparams mdm-detect-bscan-mask 2
targets -set -nocase -filter {name =~ "*microblaze*#0" && bscan=="USER2" }
rst -system
after 3000
targets -set -nocase -filter {name =~ "*microblaze*#0" && bscan=="USER2" }
dow C:/Users/maxgr/Projects/Classes/ECE4300/ECE4300-sha256-microblaze/Vitis/sha_256_test_app/Debug/sha_256_test_app.elf
----------------End of Script----------------

02:37:26 INFO  : Context for processor 'microblaze_0' is selected.
02:37:26 INFO  : 'con' command is executed.
02:37:26 INFO  : ----------------XSDB Script (After Launch)----------------
targets -set -nocase -filter {name =~ "*microblaze*#0" && bscan=="USER2" }
con
----------------End of Script----------------

02:37:26 INFO  : Launch script is exported to file 'C:\Users\maxgr\Projects\Classes\ECE4300\ECE4300-sha256-microblaze\Vitis\sha_256_test_app_system\_ide\scripts\debugger_sha_256_test_app-default.tcl'
02:39:19 INFO  : Checking for BSP changes to sync application flags for project 'sha_256_test_app'...
02:39:22 INFO  : Disconnected from the channel tcfchan#17.
02:39:23 INFO  : Connected to target on host '127.0.0.1' and port '3121'.
02:39:32 INFO  : ----------------XSDB Script----------------
connect -url tcp:127.0.0.1:3121
----------------End of Script----------------

02:39:32 ERROR : Could not find FPGA device on the board for connection 'Local'.


Troubleshooting hints:
1. Check whether board is connected to system properly.
2. In case of zynq board, check whether Digilent/Xilinx cable switch settings are correct.
3. If you are using Xilinx Platform Cable USB, ensure that status LED is green.
02:39:34 INFO  : Connected to target on host '127.0.0.1' and port '3121'.
02:39:35 INFO  : Jtag cable 'Digilent Nexys A7 -100T 210292BCFFDAA' is selected.
02:39:35 INFO  : 'jtag frequency' command is executed.
02:39:35 INFO  : 'targets -set -filter {jtag_cable_name =~ "Digilent Nexys A7 -100T 210292BCFFDAA" && level==0 && jtag_device_ctx=="jsn-Nexys A7 -100T-210292BCFFDAA-13631093-0"}' command is executed.
02:39:37 INFO  : Device configured successfully with "C:/Users/maxgr/Projects/Classes/ECE4300/ECE4300-sha256-microblaze/Vitis/sha_256_test_app/_ide/bitstream/sha256_test_wrapper.bit"
02:39:37 INFO  : Context for processor 'microblaze_0' is selected.
02:39:37 INFO  : Hardware design and registers information is loaded from 'C:/Users/maxgr/Projects/Classes/ECE4300/ECE4300-sha256-microblaze/Vitis/sha256_test_wrapper/export/sha256_test_wrapper/hw/sha256_test_wrapper.xsa'.
02:39:37 INFO  : 'configparams mdm-detect-bscan-mask 2' command is executed.
02:39:37 INFO  : Context for processor 'microblaze_0' is selected.
02:39:37 INFO  : System reset is completed.
02:39:40 INFO  : 'after 3000' command is executed.
02:39:40 INFO  : Context for processor 'microblaze_0' is selected.
02:39:40 INFO  : The application 'C:/Users/maxgr/Projects/Classes/ECE4300/ECE4300-sha256-microblaze/Vitis/sha_256_test_app/Debug/sha_256_test_app.elf' is downloaded to processor 'microblaze_0'.
02:39:40 INFO  : ----------------XSDB Script----------------
connect -url tcp:127.0.0.1:3121
targets -set -filter {jtag_cable_name =~ "Digilent Nexys A7 -100T 210292BCFFDAA" && level==0 && jtag_device_ctx=="jsn-Nexys A7 -100T-210292BCFFDAA-13631093-0"}
fpga -file C:/Users/maxgr/Projects/Classes/ECE4300/ECE4300-sha256-microblaze/Vitis/sha_256_test_app/_ide/bitstream/sha256_test_wrapper.bit
targets -set -nocase -filter {name =~ "*microblaze*#0" && bscan=="USER2" }
loadhw -hw C:/Users/maxgr/Projects/Classes/ECE4300/ECE4300-sha256-microblaze/Vitis/sha256_test_wrapper/export/sha256_test_wrapper/hw/sha256_test_wrapper.xsa -regs
configparams mdm-detect-bscan-mask 2
targets -set -nocase -filter {name =~ "*microblaze*#0" && bscan=="USER2" }
rst -system
after 3000
targets -set -nocase -filter {name =~ "*microblaze*#0" && bscan=="USER2" }
dow C:/Users/maxgr/Projects/Classes/ECE4300/ECE4300-sha256-microblaze/Vitis/sha_256_test_app/Debug/sha_256_test_app.elf
----------------End of Script----------------

02:39:40 INFO  : Context for processor 'microblaze_0' is selected.
02:39:40 INFO  : 'con' command is executed.
02:39:40 INFO  : ----------------XSDB Script (After Launch)----------------
targets -set -nocase -filter {name =~ "*microblaze*#0" && bscan=="USER2" }
con
----------------End of Script----------------

02:39:40 INFO  : Launch script is exported to file 'C:\Users\maxgr\Projects\Classes\ECE4300\ECE4300-sha256-microblaze\Vitis\sha_256_test_app_system\_ide\scripts\debugger_sha_256_test_app-default.tcl'
02:40:31 INFO  : Checking for BSP changes to sync application flags for project 'sha_256_test_app'...
02:40:34 INFO  : Disconnected from the channel tcfchan#18.
02:40:35 INFO  : Connected to target on host '127.0.0.1' and port '3121'.
02:40:35 INFO  : Jtag cable 'Digilent Nexys A7 -100T 210292BCFFDAA' is selected.
02:40:35 INFO  : 'jtag frequency' command is executed.
02:40:35 INFO  : 'targets -set -filter {jtag_cable_name =~ "Digilent Nexys A7 -100T 210292BCFFDAA" && level==0 && jtag_device_ctx=="jsn-Nexys A7 -100T-210292BCFFDAA-13631093-0"}' command is executed.
02:40:37 INFO  : Device configured successfully with "C:/Users/maxgr/Projects/Classes/ECE4300/ECE4300-sha256-microblaze/Vitis/sha_256_test_app/_ide/bitstream/sha256_test_wrapper.bit"
02:40:38 INFO  : Context for processor 'microblaze_0' is selected.
02:40:38 INFO  : Hardware design and registers information is loaded from 'C:/Users/maxgr/Projects/Classes/ECE4300/ECE4300-sha256-microblaze/Vitis/sha256_test_wrapper/export/sha256_test_wrapper/hw/sha256_test_wrapper.xsa'.
02:40:38 INFO  : 'configparams mdm-detect-bscan-mask 2' command is executed.
02:40:38 INFO  : Context for processor 'microblaze_0' is selected.
02:40:38 INFO  : System reset is completed.
02:40:41 INFO  : 'after 3000' command is executed.
02:40:41 INFO  : Context for processor 'microblaze_0' is selected.
02:40:41 INFO  : The application 'C:/Users/maxgr/Projects/Classes/ECE4300/ECE4300-sha256-microblaze/Vitis/sha_256_test_app/Debug/sha_256_test_app.elf' is downloaded to processor 'microblaze_0'.
02:40:41 INFO  : ----------------XSDB Script----------------
connect -url tcp:127.0.0.1:3121
targets -set -filter {jtag_cable_name =~ "Digilent Nexys A7 -100T 210292BCFFDAA" && level==0 && jtag_device_ctx=="jsn-Nexys A7 -100T-210292BCFFDAA-13631093-0"}
fpga -file C:/Users/maxgr/Projects/Classes/ECE4300/ECE4300-sha256-microblaze/Vitis/sha_256_test_app/_ide/bitstream/sha256_test_wrapper.bit
targets -set -nocase -filter {name =~ "*microblaze*#0" && bscan=="USER2" }
loadhw -hw C:/Users/maxgr/Projects/Classes/ECE4300/ECE4300-sha256-microblaze/Vitis/sha256_test_wrapper/export/sha256_test_wrapper/hw/sha256_test_wrapper.xsa -regs
configparams mdm-detect-bscan-mask 2
targets -set -nocase -filter {name =~ "*microblaze*#0" && bscan=="USER2" }
rst -system
after 3000
targets -set -nocase -filter {name =~ "*microblaze*#0" && bscan=="USER2" }
dow C:/Users/maxgr/Projects/Classes/ECE4300/ECE4300-sha256-microblaze/Vitis/sha_256_test_app/Debug/sha_256_test_app.elf
----------------End of Script----------------

02:40:41 INFO  : Context for processor 'microblaze_0' is selected.
02:40:41 INFO  : 'con' command is executed.
02:40:41 INFO  : ----------------XSDB Script (After Launch)----------------
targets -set -nocase -filter {name =~ "*microblaze*#0" && bscan=="USER2" }
con
----------------End of Script----------------

02:40:41 INFO  : Launch script is exported to file 'C:\Users\maxgr\Projects\Classes\ECE4300\ECE4300-sha256-microblaze\Vitis\sha_256_test_app_system\_ide\scripts\debugger_sha_256_test_app-default.tcl'
02:41:41 INFO  : Disconnected from the channel tcfchan#19.
02:41:42 INFO  : Checking for BSP changes to sync application flags for project 'sha_256_test_app'...
02:41:46 INFO  : Connected to target on host '127.0.0.1' and port '3121'.
02:41:46 INFO  : Jtag cable 'Digilent Nexys A7 -100T 210292BCFFDAA' is selected.
02:41:46 INFO  : 'jtag frequency' command is executed.
02:41:46 INFO  : 'targets -set -filter {jtag_cable_name =~ "Digilent Nexys A7 -100T 210292BCFFDAA" && level==0 && jtag_device_ctx=="jsn-Nexys A7 -100T-210292BCFFDAA-13631093-0"}' command is executed.
02:41:49 INFO  : Device configured successfully with "C:/Users/maxgr/Projects/Classes/ECE4300/ECE4300-sha256-microblaze/Vitis/sha_256_test_app/_ide/bitstream/sha256_test_wrapper.bit"
02:41:49 INFO  : Context for processor 'microblaze_0' is selected.
02:41:49 INFO  : Hardware design and registers information is loaded from 'C:/Users/maxgr/Projects/Classes/ECE4300/ECE4300-sha256-microblaze/Vitis/sha256_test_wrapper/export/sha256_test_wrapper/hw/sha256_test_wrapper.xsa'.
02:41:49 INFO  : 'configparams mdm-detect-bscan-mask 2' command is executed.
02:41:49 INFO  : Context for processor 'microblaze_0' is selected.
02:41:49 INFO  : System reset is completed.
02:41:52 INFO  : 'after 3000' command is executed.
02:41:52 INFO  : Context for processor 'microblaze_0' is selected.
02:41:52 INFO  : The application 'C:/Users/maxgr/Projects/Classes/ECE4300/ECE4300-sha256-microblaze/Vitis/sha_256_test_app/Debug/sha_256_test_app.elf' is downloaded to processor 'microblaze_0'.
02:41:52 INFO  : ----------------XSDB Script----------------
connect -url tcp:127.0.0.1:3121
targets -set -filter {jtag_cable_name =~ "Digilent Nexys A7 -100T 210292BCFFDAA" && level==0 && jtag_device_ctx=="jsn-Nexys A7 -100T-210292BCFFDAA-13631093-0"}
fpga -file C:/Users/maxgr/Projects/Classes/ECE4300/ECE4300-sha256-microblaze/Vitis/sha_256_test_app/_ide/bitstream/sha256_test_wrapper.bit
targets -set -nocase -filter {name =~ "*microblaze*#0" && bscan=="USER2" }
loadhw -hw C:/Users/maxgr/Projects/Classes/ECE4300/ECE4300-sha256-microblaze/Vitis/sha256_test_wrapper/export/sha256_test_wrapper/hw/sha256_test_wrapper.xsa -regs
configparams mdm-detect-bscan-mask 2
targets -set -nocase -filter {name =~ "*microblaze*#0" && bscan=="USER2" }
rst -system
after 3000
targets -set -nocase -filter {name =~ "*microblaze*#0" && bscan=="USER2" }
dow C:/Users/maxgr/Projects/Classes/ECE4300/ECE4300-sha256-microblaze/Vitis/sha_256_test_app/Debug/sha_256_test_app.elf
----------------End of Script----------------

02:41:52 INFO  : Context for processor 'microblaze_0' is selected.
02:41:52 INFO  : 'con' command is executed.
02:41:52 INFO  : ----------------XSDB Script (After Launch)----------------
targets -set -nocase -filter {name =~ "*microblaze*#0" && bscan=="USER2" }
con
----------------End of Script----------------

02:41:52 INFO  : Launch script is exported to file 'C:\Users\maxgr\Projects\Classes\ECE4300\ECE4300-sha256-microblaze\Vitis\sha_256_test_app_system\_ide\scripts\debugger_sha_256_test_app-default.tcl'
02:42:13 INFO  : Disconnected from the channel tcfchan#20.
02:42:14 INFO  : Connected to target on host '127.0.0.1' and port '3121'.
02:42:14 INFO  : Jtag cable 'Digilent Nexys A7 -100T 210292BCFFDAA' is selected.
02:42:14 INFO  : 'jtag frequency' command is executed.
02:42:15 INFO  : 'targets -set -filter {jtag_cable_name =~ "Digilent Nexys A7 -100T 210292BCFFDAA" && level==0 && jtag_device_ctx=="jsn-Nexys A7 -100T-210292BCFFDAA-13631093-0"}' command is executed.
02:42:17 INFO  : Device configured successfully with "C:/Users/maxgr/Projects/Classes/ECE4300/ECE4300-sha256-microblaze/Vitis/sha_256_test_app/_ide/bitstream/sha256_test_wrapper.bit"
02:42:17 INFO  : Context for processor 'microblaze_0' is selected.
02:42:17 INFO  : Hardware design and registers information is loaded from 'C:/Users/maxgr/Projects/Classes/ECE4300/ECE4300-sha256-microblaze/Vitis/sha256_test_wrapper/export/sha256_test_wrapper/hw/sha256_test_wrapper.xsa'.
02:42:17 INFO  : 'configparams mdm-detect-bscan-mask 2' command is executed.
02:42:17 INFO  : Context for processor 'microblaze_0' is selected.
02:42:17 INFO  : System reset is completed.
02:42:20 INFO  : 'after 3000' command is executed.
02:42:20 INFO  : Context for processor 'microblaze_0' is selected.
02:42:20 INFO  : The application 'C:/Users/maxgr/Projects/Classes/ECE4300/ECE4300-sha256-microblaze/Vitis/sha_256_test_app/Debug/sha_256_test_app.elf' is downloaded to processor 'microblaze_0'.
02:42:20 INFO  : ----------------XSDB Script----------------
connect -url tcp:127.0.0.1:3121
targets -set -filter {jtag_cable_name =~ "Digilent Nexys A7 -100T 210292BCFFDAA" && level==0 && jtag_device_ctx=="jsn-Nexys A7 -100T-210292BCFFDAA-13631093-0"}
fpga -file C:/Users/maxgr/Projects/Classes/ECE4300/ECE4300-sha256-microblaze/Vitis/sha_256_test_app/_ide/bitstream/sha256_test_wrapper.bit
targets -set -nocase -filter {name =~ "*microblaze*#0" && bscan=="USER2" }
loadhw -hw C:/Users/maxgr/Projects/Classes/ECE4300/ECE4300-sha256-microblaze/Vitis/sha256_test_wrapper/export/sha256_test_wrapper/hw/sha256_test_wrapper.xsa -regs
configparams mdm-detect-bscan-mask 2
targets -set -nocase -filter {name =~ "*microblaze*#0" && bscan=="USER2" }
rst -system
after 3000
targets -set -nocase -filter {name =~ "*microblaze*#0" && bscan=="USER2" }
dow C:/Users/maxgr/Projects/Classes/ECE4300/ECE4300-sha256-microblaze/Vitis/sha_256_test_app/Debug/sha_256_test_app.elf
----------------End of Script----------------

02:42:20 INFO  : Context for processor 'microblaze_0' is selected.
02:42:20 INFO  : 'con' command is executed.
02:42:20 INFO  : ----------------XSDB Script (After Launch)----------------
targets -set -nocase -filter {name =~ "*microblaze*#0" && bscan=="USER2" }
con
----------------End of Script----------------

02:42:20 INFO  : Launch script is exported to file 'C:\Users\maxgr\Projects\Classes\ECE4300\ECE4300-sha256-microblaze\Vitis\sha_256_test_app_system\_ide\scripts\debugger_sha_256_test_app-default.tcl'
02:44:01 INFO  : Checking for BSP changes to sync application flags for project 'sha_256_test_app'...
02:44:05 INFO  : Disconnected from the channel tcfchan#21.
02:44:06 INFO  : Connected to target on host '127.0.0.1' and port '3121'.
02:44:06 INFO  : Jtag cable 'Digilent Nexys A7 -100T 210292BCFFDAA' is selected.
02:44:06 INFO  : 'jtag frequency' command is executed.
02:44:06 INFO  : 'targets -set -filter {jtag_cable_name =~ "Digilent Nexys A7 -100T 210292BCFFDAA" && level==0 && jtag_device_ctx=="jsn-Nexys A7 -100T-210292BCFFDAA-13631093-0"}' command is executed.
02:44:08 INFO  : Device configured successfully with "C:/Users/maxgr/Projects/Classes/ECE4300/ECE4300-sha256-microblaze/Vitis/sha_256_test_app/_ide/bitstream/sha256_test_wrapper.bit"
02:44:08 INFO  : Context for processor 'microblaze_0' is selected.
02:44:08 INFO  : Hardware design and registers information is loaded from 'C:/Users/maxgr/Projects/Classes/ECE4300/ECE4300-sha256-microblaze/Vitis/sha256_test_wrapper/export/sha256_test_wrapper/hw/sha256_test_wrapper.xsa'.
02:44:08 INFO  : 'configparams mdm-detect-bscan-mask 2' command is executed.
02:44:08 INFO  : Context for processor 'microblaze_0' is selected.
02:44:08 INFO  : System reset is completed.
02:44:11 INFO  : 'after 3000' command is executed.
02:44:11 INFO  : Context for processor 'microblaze_0' is selected.
02:44:12 INFO  : The application 'C:/Users/maxgr/Projects/Classes/ECE4300/ECE4300-sha256-microblaze/Vitis/sha_256_test_app/Debug/sha_256_test_app.elf' is downloaded to processor 'microblaze_0'.
02:44:12 INFO  : ----------------XSDB Script----------------
connect -url tcp:127.0.0.1:3121
targets -set -filter {jtag_cable_name =~ "Digilent Nexys A7 -100T 210292BCFFDAA" && level==0 && jtag_device_ctx=="jsn-Nexys A7 -100T-210292BCFFDAA-13631093-0"}
fpga -file C:/Users/maxgr/Projects/Classes/ECE4300/ECE4300-sha256-microblaze/Vitis/sha_256_test_app/_ide/bitstream/sha256_test_wrapper.bit
targets -set -nocase -filter {name =~ "*microblaze*#0" && bscan=="USER2" }
loadhw -hw C:/Users/maxgr/Projects/Classes/ECE4300/ECE4300-sha256-microblaze/Vitis/sha256_test_wrapper/export/sha256_test_wrapper/hw/sha256_test_wrapper.xsa -regs
configparams mdm-detect-bscan-mask 2
targets -set -nocase -filter {name =~ "*microblaze*#0" && bscan=="USER2" }
rst -system
after 3000
targets -set -nocase -filter {name =~ "*microblaze*#0" && bscan=="USER2" }
dow C:/Users/maxgr/Projects/Classes/ECE4300/ECE4300-sha256-microblaze/Vitis/sha_256_test_app/Debug/sha_256_test_app.elf
----------------End of Script----------------

02:44:12 INFO  : Context for processor 'microblaze_0' is selected.
02:44:12 INFO  : 'con' command is executed.
02:44:12 INFO  : ----------------XSDB Script (After Launch)----------------
targets -set -nocase -filter {name =~ "*microblaze*#0" && bscan=="USER2" }
con
----------------End of Script----------------

02:44:12 INFO  : Launch script is exported to file 'C:\Users\maxgr\Projects\Classes\ECE4300\ECE4300-sha256-microblaze\Vitis\sha_256_test_app_system\_ide\scripts\debugger_sha_256_test_app-default.tcl'
02:45:32 INFO  : Disconnected from the channel tcfchan#22.
02:45:33 INFO  : Checking for BSP changes to sync application flags for project 'sha_256_test_app'...
02:45:37 INFO  : Connected to target on host '127.0.0.1' and port '3121'.
02:45:37 INFO  : Jtag cable 'Digilent Nexys A7 -100T 210292BCFFDAA' is selected.
02:45:37 INFO  : 'jtag frequency' command is executed.
02:45:37 INFO  : 'targets -set -filter {jtag_cable_name =~ "Digilent Nexys A7 -100T 210292BCFFDAA" && level==0 && jtag_device_ctx=="jsn-Nexys A7 -100T-210292BCFFDAA-13631093-0"}' command is executed.
02:45:39 INFO  : Device configured successfully with "C:/Users/maxgr/Projects/Classes/ECE4300/ECE4300-sha256-microblaze/Vitis/sha_256_test_app/_ide/bitstream/sha256_test_wrapper.bit"
02:45:39 INFO  : Context for processor 'microblaze_0' is selected.
02:45:39 INFO  : Hardware design and registers information is loaded from 'C:/Users/maxgr/Projects/Classes/ECE4300/ECE4300-sha256-microblaze/Vitis/sha256_test_wrapper/export/sha256_test_wrapper/hw/sha256_test_wrapper.xsa'.
02:45:39 INFO  : 'configparams mdm-detect-bscan-mask 2' command is executed.
02:45:39 INFO  : Context for processor 'microblaze_0' is selected.
02:45:39 INFO  : System reset is completed.
02:45:42 INFO  : 'after 3000' command is executed.
02:45:42 INFO  : Context for processor 'microblaze_0' is selected.
02:45:43 INFO  : The application 'C:/Users/maxgr/Projects/Classes/ECE4300/ECE4300-sha256-microblaze/Vitis/sha_256_test_app/Debug/sha_256_test_app.elf' is downloaded to processor 'microblaze_0'.
02:45:43 INFO  : ----------------XSDB Script----------------
connect -url tcp:127.0.0.1:3121
targets -set -filter {jtag_cable_name =~ "Digilent Nexys A7 -100T 210292BCFFDAA" && level==0 && jtag_device_ctx=="jsn-Nexys A7 -100T-210292BCFFDAA-13631093-0"}
fpga -file C:/Users/maxgr/Projects/Classes/ECE4300/ECE4300-sha256-microblaze/Vitis/sha_256_test_app/_ide/bitstream/sha256_test_wrapper.bit
targets -set -nocase -filter {name =~ "*microblaze*#0" && bscan=="USER2" }
loadhw -hw C:/Users/maxgr/Projects/Classes/ECE4300/ECE4300-sha256-microblaze/Vitis/sha256_test_wrapper/export/sha256_test_wrapper/hw/sha256_test_wrapper.xsa -regs
configparams mdm-detect-bscan-mask 2
targets -set -nocase -filter {name =~ "*microblaze*#0" && bscan=="USER2" }
rst -system
after 3000
targets -set -nocase -filter {name =~ "*microblaze*#0" && bscan=="USER2" }
dow C:/Users/maxgr/Projects/Classes/ECE4300/ECE4300-sha256-microblaze/Vitis/sha_256_test_app/Debug/sha_256_test_app.elf
----------------End of Script----------------

02:45:43 INFO  : Context for processor 'microblaze_0' is selected.
02:45:43 INFO  : 'con' command is executed.
02:45:43 INFO  : ----------------XSDB Script (After Launch)----------------
targets -set -nocase -filter {name =~ "*microblaze*#0" && bscan=="USER2" }
con
----------------End of Script----------------

02:45:43 INFO  : Launch script is exported to file 'C:\Users\maxgr\Projects\Classes\ECE4300\ECE4300-sha256-microblaze\Vitis\sha_256_test_app_system\_ide\scripts\debugger_sha_256_test_app-default.tcl'
02:46:08 INFO  : Disconnected from the channel tcfchan#23.
02:46:09 INFO  : Checking for BSP changes to sync application flags for project 'sha_256_test_app'...
02:46:14 INFO  : Connected to target on host '127.0.0.1' and port '3121'.
02:46:14 INFO  : Jtag cable 'Digilent Nexys A7 -100T 210292BCFFDAA' is selected.
02:46:14 INFO  : 'jtag frequency' command is executed.
02:46:14 INFO  : 'targets -set -filter {jtag_cable_name =~ "Digilent Nexys A7 -100T 210292BCFFDAA" && level==0 && jtag_device_ctx=="jsn-Nexys A7 -100T-210292BCFFDAA-13631093-0"}' command is executed.
02:46:16 INFO  : Device configured successfully with "C:/Users/maxgr/Projects/Classes/ECE4300/ECE4300-sha256-microblaze/Vitis/sha_256_test_app/_ide/bitstream/sha256_test_wrapper.bit"
02:46:16 INFO  : Context for processor 'microblaze_0' is selected.
02:46:16 INFO  : Hardware design and registers information is loaded from 'C:/Users/maxgr/Projects/Classes/ECE4300/ECE4300-sha256-microblaze/Vitis/sha256_test_wrapper/export/sha256_test_wrapper/hw/sha256_test_wrapper.xsa'.
02:46:16 INFO  : 'configparams mdm-detect-bscan-mask 2' command is executed.
02:46:16 INFO  : Context for processor 'microblaze_0' is selected.
02:46:16 INFO  : System reset is completed.
02:46:19 INFO  : 'after 3000' command is executed.
02:46:19 INFO  : Context for processor 'microblaze_0' is selected.
02:46:20 INFO  : The application 'C:/Users/maxgr/Projects/Classes/ECE4300/ECE4300-sha256-microblaze/Vitis/sha_256_test_app/Debug/sha_256_test_app.elf' is downloaded to processor 'microblaze_0'.
02:46:20 INFO  : ----------------XSDB Script----------------
connect -url tcp:127.0.0.1:3121
targets -set -filter {jtag_cable_name =~ "Digilent Nexys A7 -100T 210292BCFFDAA" && level==0 && jtag_device_ctx=="jsn-Nexys A7 -100T-210292BCFFDAA-13631093-0"}
fpga -file C:/Users/maxgr/Projects/Classes/ECE4300/ECE4300-sha256-microblaze/Vitis/sha_256_test_app/_ide/bitstream/sha256_test_wrapper.bit
targets -set -nocase -filter {name =~ "*microblaze*#0" && bscan=="USER2" }
loadhw -hw C:/Users/maxgr/Projects/Classes/ECE4300/ECE4300-sha256-microblaze/Vitis/sha256_test_wrapper/export/sha256_test_wrapper/hw/sha256_test_wrapper.xsa -regs
configparams mdm-detect-bscan-mask 2
targets -set -nocase -filter {name =~ "*microblaze*#0" && bscan=="USER2" }
rst -system
after 3000
targets -set -nocase -filter {name =~ "*microblaze*#0" && bscan=="USER2" }
dow C:/Users/maxgr/Projects/Classes/ECE4300/ECE4300-sha256-microblaze/Vitis/sha_256_test_app/Debug/sha_256_test_app.elf
----------------End of Script----------------

02:46:20 INFO  : Context for processor 'microblaze_0' is selected.
02:46:20 INFO  : 'con' command is executed.
02:46:20 INFO  : ----------------XSDB Script (After Launch)----------------
targets -set -nocase -filter {name =~ "*microblaze*#0" && bscan=="USER2" }
con
----------------End of Script----------------

02:46:20 INFO  : Launch script is exported to file 'C:\Users\maxgr\Projects\Classes\ECE4300\ECE4300-sha256-microblaze\Vitis\sha_256_test_app_system\_ide\scripts\debugger_sha_256_test_app-default.tcl'
02:46:32 INFO  : Checking for BSP changes to sync application flags for project 'sha_256_test_app'...
02:46:34 INFO  : Disconnected from the channel tcfchan#24.
02:46:35 INFO  : Connected to target on host '127.0.0.1' and port '3121'.
02:46:36 INFO  : Jtag cable 'Digilent Nexys A7 -100T 210292BCFFDAA' is selected.
02:46:36 INFO  : 'jtag frequency' command is executed.
02:46:36 INFO  : 'targets -set -filter {jtag_cable_name =~ "Digilent Nexys A7 -100T 210292BCFFDAA" && level==0 && jtag_device_ctx=="jsn-Nexys A7 -100T-210292BCFFDAA-13631093-0"}' command is executed.
02:46:38 INFO  : Device configured successfully with "C:/Users/maxgr/Projects/Classes/ECE4300/ECE4300-sha256-microblaze/Vitis/sha_256_test_app/_ide/bitstream/sha256_test_wrapper.bit"
02:46:38 INFO  : Context for processor 'microblaze_0' is selected.
02:46:38 INFO  : Hardware design and registers information is loaded from 'C:/Users/maxgr/Projects/Classes/ECE4300/ECE4300-sha256-microblaze/Vitis/sha256_test_wrapper/export/sha256_test_wrapper/hw/sha256_test_wrapper.xsa'.
02:46:38 INFO  : 'configparams mdm-detect-bscan-mask 2' command is executed.
02:46:38 INFO  : Context for processor 'microblaze_0' is selected.
02:46:38 INFO  : System reset is completed.
02:46:41 INFO  : 'after 3000' command is executed.
02:46:41 INFO  : Context for processor 'microblaze_0' is selected.
02:46:41 INFO  : The application 'C:/Users/maxgr/Projects/Classes/ECE4300/ECE4300-sha256-microblaze/Vitis/sha_256_test_app/Debug/sha_256_test_app.elf' is downloaded to processor 'microblaze_0'.
02:46:41 INFO  : ----------------XSDB Script----------------
connect -url tcp:127.0.0.1:3121
targets -set -filter {jtag_cable_name =~ "Digilent Nexys A7 -100T 210292BCFFDAA" && level==0 && jtag_device_ctx=="jsn-Nexys A7 -100T-210292BCFFDAA-13631093-0"}
fpga -file C:/Users/maxgr/Projects/Classes/ECE4300/ECE4300-sha256-microblaze/Vitis/sha_256_test_app/_ide/bitstream/sha256_test_wrapper.bit
targets -set -nocase -filter {name =~ "*microblaze*#0" && bscan=="USER2" }
loadhw -hw C:/Users/maxgr/Projects/Classes/ECE4300/ECE4300-sha256-microblaze/Vitis/sha256_test_wrapper/export/sha256_test_wrapper/hw/sha256_test_wrapper.xsa -regs
configparams mdm-detect-bscan-mask 2
targets -set -nocase -filter {name =~ "*microblaze*#0" && bscan=="USER2" }
rst -system
after 3000
targets -set -nocase -filter {name =~ "*microblaze*#0" && bscan=="USER2" }
dow C:/Users/maxgr/Projects/Classes/ECE4300/ECE4300-sha256-microblaze/Vitis/sha_256_test_app/Debug/sha_256_test_app.elf
----------------End of Script----------------

02:46:41 INFO  : Context for processor 'microblaze_0' is selected.
02:46:42 INFO  : 'con' command is executed.
02:46:42 INFO  : ----------------XSDB Script (After Launch)----------------
targets -set -nocase -filter {name =~ "*microblaze*#0" && bscan=="USER2" }
con
----------------End of Script----------------

02:46:42 INFO  : Launch script is exported to file 'C:\Users\maxgr\Projects\Classes\ECE4300\ECE4300-sha256-microblaze\Vitis\sha_256_test_app_system\_ide\scripts\debugger_sha_256_test_app-default.tcl'
02:48:32 INFO  : Checking for BSP changes to sync application flags for project 'sha_256_test_app'...
02:48:34 INFO  : Disconnected from the channel tcfchan#25.
02:48:35 INFO  : Connected to target on host '127.0.0.1' and port '3121'.
02:48:35 INFO  : Jtag cable 'Digilent Nexys A7 -100T 210292BCFFDAA' is selected.
02:48:36 INFO  : 'jtag frequency' command is executed.
02:48:36 INFO  : 'targets -set -filter {jtag_cable_name =~ "Digilent Nexys A7 -100T 210292BCFFDAA" && level==0 && jtag_device_ctx=="jsn-Nexys A7 -100T-210292BCFFDAA-13631093-0"}' command is executed.
02:48:38 INFO  : Device configured successfully with "C:/Users/maxgr/Projects/Classes/ECE4300/ECE4300-sha256-microblaze/Vitis/sha_256_test_app/_ide/bitstream/sha256_test_wrapper.bit"
02:48:38 INFO  : Context for processor 'microblaze_0' is selected.
02:48:38 INFO  : Hardware design and registers information is loaded from 'C:/Users/maxgr/Projects/Classes/ECE4300/ECE4300-sha256-microblaze/Vitis/sha256_test_wrapper/export/sha256_test_wrapper/hw/sha256_test_wrapper.xsa'.
02:48:38 INFO  : 'configparams mdm-detect-bscan-mask 2' command is executed.
02:48:38 INFO  : Context for processor 'microblaze_0' is selected.
02:48:38 INFO  : System reset is completed.
02:48:41 INFO  : 'after 3000' command is executed.
02:48:41 INFO  : Context for processor 'microblaze_0' is selected.
02:48:41 INFO  : The application 'C:/Users/maxgr/Projects/Classes/ECE4300/ECE4300-sha256-microblaze/Vitis/sha_256_test_app/Debug/sha_256_test_app.elf' is downloaded to processor 'microblaze_0'.
02:48:41 INFO  : ----------------XSDB Script----------------
connect -url tcp:127.0.0.1:3121
targets -set -filter {jtag_cable_name =~ "Digilent Nexys A7 -100T 210292BCFFDAA" && level==0 && jtag_device_ctx=="jsn-Nexys A7 -100T-210292BCFFDAA-13631093-0"}
fpga -file C:/Users/maxgr/Projects/Classes/ECE4300/ECE4300-sha256-microblaze/Vitis/sha_256_test_app/_ide/bitstream/sha256_test_wrapper.bit
targets -set -nocase -filter {name =~ "*microblaze*#0" && bscan=="USER2" }
loadhw -hw C:/Users/maxgr/Projects/Classes/ECE4300/ECE4300-sha256-microblaze/Vitis/sha256_test_wrapper/export/sha256_test_wrapper/hw/sha256_test_wrapper.xsa -regs
configparams mdm-detect-bscan-mask 2
targets -set -nocase -filter {name =~ "*microblaze*#0" && bscan=="USER2" }
rst -system
after 3000
targets -set -nocase -filter {name =~ "*microblaze*#0" && bscan=="USER2" }
dow C:/Users/maxgr/Projects/Classes/ECE4300/ECE4300-sha256-microblaze/Vitis/sha_256_test_app/Debug/sha_256_test_app.elf
----------------End of Script----------------

02:48:41 INFO  : Context for processor 'microblaze_0' is selected.
02:48:41 INFO  : 'con' command is executed.
02:48:41 INFO  : ----------------XSDB Script (After Launch)----------------
targets -set -nocase -filter {name =~ "*microblaze*#0" && bscan=="USER2" }
con
----------------End of Script----------------

02:48:41 INFO  : Launch script is exported to file 'C:\Users\maxgr\Projects\Classes\ECE4300\ECE4300-sha256-microblaze\Vitis\sha_256_test_app_system\_ide\scripts\debugger_sha_256_test_app-default.tcl'
02:49:08 INFO  : Checking for BSP changes to sync application flags for project 'sha_256_test_app'...
02:49:37 INFO  : Disconnected from the channel tcfchan#26.
02:49:38 INFO  : Checking for BSP changes to sync application flags for project 'sha_256_test_app'...
02:49:40 INFO  : Connected to target on host '127.0.0.1' and port '3121'.
02:49:41 INFO  : Jtag cable 'Digilent Nexys A7 -100T 210292BCFFDAA' is selected.
02:49:41 INFO  : 'jtag frequency' command is executed.
02:49:41 INFO  : 'targets -set -filter {jtag_cable_name =~ "Digilent Nexys A7 -100T 210292BCFFDAA" && level==0 && jtag_device_ctx=="jsn-Nexys A7 -100T-210292BCFFDAA-13631093-0"}' command is executed.
02:49:43 INFO  : Device configured successfully with "C:/Users/maxgr/Projects/Classes/ECE4300/ECE4300-sha256-microblaze/Vitis/sha_256_test_app/_ide/bitstream/sha256_test_wrapper.bit"
02:49:43 INFO  : Context for processor 'microblaze_0' is selected.
02:49:43 INFO  : Hardware design and registers information is loaded from 'C:/Users/maxgr/Projects/Classes/ECE4300/ECE4300-sha256-microblaze/Vitis/sha256_test_wrapper/export/sha256_test_wrapper/hw/sha256_test_wrapper.xsa'.
02:49:43 INFO  : 'configparams mdm-detect-bscan-mask 2' command is executed.
02:49:43 INFO  : Context for processor 'microblaze_0' is selected.
02:49:43 INFO  : System reset is completed.
02:49:46 INFO  : 'after 3000' command is executed.
02:49:46 INFO  : Context for processor 'microblaze_0' is selected.
02:49:47 INFO  : The application 'C:/Users/maxgr/Projects/Classes/ECE4300/ECE4300-sha256-microblaze/Vitis/sha_256_test_app/Debug/sha_256_test_app.elf' is downloaded to processor 'microblaze_0'.
02:49:47 INFO  : ----------------XSDB Script----------------
connect -url tcp:127.0.0.1:3121
targets -set -filter {jtag_cable_name =~ "Digilent Nexys A7 -100T 210292BCFFDAA" && level==0 && jtag_device_ctx=="jsn-Nexys A7 -100T-210292BCFFDAA-13631093-0"}
fpga -file C:/Users/maxgr/Projects/Classes/ECE4300/ECE4300-sha256-microblaze/Vitis/sha_256_test_app/_ide/bitstream/sha256_test_wrapper.bit
targets -set -nocase -filter {name =~ "*microblaze*#0" && bscan=="USER2" }
loadhw -hw C:/Users/maxgr/Projects/Classes/ECE4300/ECE4300-sha256-microblaze/Vitis/sha256_test_wrapper/export/sha256_test_wrapper/hw/sha256_test_wrapper.xsa -regs
configparams mdm-detect-bscan-mask 2
targets -set -nocase -filter {name =~ "*microblaze*#0" && bscan=="USER2" }
rst -system
after 3000
targets -set -nocase -filter {name =~ "*microblaze*#0" && bscan=="USER2" }
dow C:/Users/maxgr/Projects/Classes/ECE4300/ECE4300-sha256-microblaze/Vitis/sha_256_test_app/Debug/sha_256_test_app.elf
----------------End of Script----------------

02:49:47 INFO  : Context for processor 'microblaze_0' is selected.
02:49:47 INFO  : 'con' command is executed.
02:49:47 INFO  : ----------------XSDB Script (After Launch)----------------
targets -set -nocase -filter {name =~ "*microblaze*#0" && bscan=="USER2" }
con
----------------End of Script----------------

02:49:47 INFO  : Launch script is exported to file 'C:\Users\maxgr\Projects\Classes\ECE4300\ECE4300-sha256-microblaze\Vitis\sha_256_test_app_system\_ide\scripts\debugger_sha_256_test_app-default.tcl'
02:51:16 INFO  : Checking for BSP changes to sync application flags for project 'sha_256_test_app'...
02:51:18 INFO  : Disconnected from the channel tcfchan#27.
02:51:19 INFO  : Connected to target on host '127.0.0.1' and port '3121'.
02:51:19 INFO  : Jtag cable 'Digilent Nexys A7 -100T 210292BCFFDAA' is selected.
02:51:19 INFO  : 'jtag frequency' command is executed.
02:51:20 INFO  : 'targets -set -filter {jtag_cable_name =~ "Digilent Nexys A7 -100T 210292BCFFDAA" && level==0 && jtag_device_ctx=="jsn-Nexys A7 -100T-210292BCFFDAA-13631093-0"}' command is executed.
02:51:22 INFO  : Device configured successfully with "C:/Users/maxgr/Projects/Classes/ECE4300/ECE4300-sha256-microblaze/Vitis/sha_256_test_app/_ide/bitstream/sha256_test_wrapper.bit"
02:51:22 INFO  : Context for processor 'microblaze_0' is selected.
02:51:22 INFO  : Hardware design and registers information is loaded from 'C:/Users/maxgr/Projects/Classes/ECE4300/ECE4300-sha256-microblaze/Vitis/sha256_test_wrapper/export/sha256_test_wrapper/hw/sha256_test_wrapper.xsa'.
02:51:22 INFO  : 'configparams mdm-detect-bscan-mask 2' command is executed.
02:51:22 INFO  : Context for processor 'microblaze_0' is selected.
02:51:22 INFO  : System reset is completed.
02:51:25 INFO  : 'after 3000' command is executed.
02:51:25 INFO  : Context for processor 'microblaze_0' is selected.
02:51:25 INFO  : The application 'C:/Users/maxgr/Projects/Classes/ECE4300/ECE4300-sha256-microblaze/Vitis/sha_256_test_app/Debug/sha_256_test_app.elf' is downloaded to processor 'microblaze_0'.
02:51:25 INFO  : ----------------XSDB Script----------------
connect -url tcp:127.0.0.1:3121
targets -set -filter {jtag_cable_name =~ "Digilent Nexys A7 -100T 210292BCFFDAA" && level==0 && jtag_device_ctx=="jsn-Nexys A7 -100T-210292BCFFDAA-13631093-0"}
fpga -file C:/Users/maxgr/Projects/Classes/ECE4300/ECE4300-sha256-microblaze/Vitis/sha_256_test_app/_ide/bitstream/sha256_test_wrapper.bit
targets -set -nocase -filter {name =~ "*microblaze*#0" && bscan=="USER2" }
loadhw -hw C:/Users/maxgr/Projects/Classes/ECE4300/ECE4300-sha256-microblaze/Vitis/sha256_test_wrapper/export/sha256_test_wrapper/hw/sha256_test_wrapper.xsa -regs
configparams mdm-detect-bscan-mask 2
targets -set -nocase -filter {name =~ "*microblaze*#0" && bscan=="USER2" }
rst -system
after 3000
targets -set -nocase -filter {name =~ "*microblaze*#0" && bscan=="USER2" }
dow C:/Users/maxgr/Projects/Classes/ECE4300/ECE4300-sha256-microblaze/Vitis/sha_256_test_app/Debug/sha_256_test_app.elf
----------------End of Script----------------

02:51:25 INFO  : Context for processor 'microblaze_0' is selected.
02:51:25 INFO  : 'con' command is executed.
02:51:25 INFO  : ----------------XSDB Script (After Launch)----------------
targets -set -nocase -filter {name =~ "*microblaze*#0" && bscan=="USER2" }
con
----------------End of Script----------------

02:51:25 INFO  : Launch script is exported to file 'C:\Users\maxgr\Projects\Classes\ECE4300\ECE4300-sha256-microblaze\Vitis\sha_256_test_app_system\_ide\scripts\debugger_sha_256_test_app-default.tcl'
02:51:48 INFO  : Disconnected from the channel tcfchan#28.
02:51:49 INFO  : Checking for BSP changes to sync application flags for project 'sha_256_test_app'...
02:51:57 INFO  : Connected to target on host '127.0.0.1' and port '3121'.
02:51:57 INFO  : Jtag cable 'Digilent Nexys A7 -100T 210292BCFFDAA' is selected.
02:51:57 INFO  : 'jtag frequency' command is executed.
02:51:57 INFO  : 'targets -set -filter {jtag_cable_name =~ "Digilent Nexys A7 -100T 210292BCFFDAA" && level==0 && jtag_device_ctx=="jsn-Nexys A7 -100T-210292BCFFDAA-13631093-0"}' command is executed.
02:51:59 INFO  : Device configured successfully with "C:/Users/maxgr/Projects/Classes/ECE4300/ECE4300-sha256-microblaze/Vitis/sha_256_test_app/_ide/bitstream/sha256_test_wrapper.bit"
02:51:59 INFO  : Context for processor 'microblaze_0' is selected.
02:51:59 INFO  : Hardware design and registers information is loaded from 'C:/Users/maxgr/Projects/Classes/ECE4300/ECE4300-sha256-microblaze/Vitis/sha256_test_wrapper/export/sha256_test_wrapper/hw/sha256_test_wrapper.xsa'.
02:51:59 INFO  : 'configparams mdm-detect-bscan-mask 2' command is executed.
02:51:59 INFO  : Context for processor 'microblaze_0' is selected.
02:51:59 INFO  : System reset is completed.
02:52:02 INFO  : 'after 3000' command is executed.
02:52:02 INFO  : Context for processor 'microblaze_0' is selected.
02:52:03 INFO  : The application 'C:/Users/maxgr/Projects/Classes/ECE4300/ECE4300-sha256-microblaze/Vitis/sha_256_test_app/Debug/sha_256_test_app.elf' is downloaded to processor 'microblaze_0'.
02:52:03 INFO  : ----------------XSDB Script----------------
connect -url tcp:127.0.0.1:3121
targets -set -filter {jtag_cable_name =~ "Digilent Nexys A7 -100T 210292BCFFDAA" && level==0 && jtag_device_ctx=="jsn-Nexys A7 -100T-210292BCFFDAA-13631093-0"}
fpga -file C:/Users/maxgr/Projects/Classes/ECE4300/ECE4300-sha256-microblaze/Vitis/sha_256_test_app/_ide/bitstream/sha256_test_wrapper.bit
targets -set -nocase -filter {name =~ "*microblaze*#0" && bscan=="USER2" }
loadhw -hw C:/Users/maxgr/Projects/Classes/ECE4300/ECE4300-sha256-microblaze/Vitis/sha256_test_wrapper/export/sha256_test_wrapper/hw/sha256_test_wrapper.xsa -regs
configparams mdm-detect-bscan-mask 2
targets -set -nocase -filter {name =~ "*microblaze*#0" && bscan=="USER2" }
rst -system
after 3000
targets -set -nocase -filter {name =~ "*microblaze*#0" && bscan=="USER2" }
dow C:/Users/maxgr/Projects/Classes/ECE4300/ECE4300-sha256-microblaze/Vitis/sha_256_test_app/Debug/sha_256_test_app.elf
----------------End of Script----------------

02:52:03 INFO  : Context for processor 'microblaze_0' is selected.
02:52:03 INFO  : 'con' command is executed.
02:52:03 INFO  : ----------------XSDB Script (After Launch)----------------
targets -set -nocase -filter {name =~ "*microblaze*#0" && bscan=="USER2" }
con
----------------End of Script----------------

02:52:03 INFO  : Launch script is exported to file 'C:\Users\maxgr\Projects\Classes\ECE4300\ECE4300-sha256-microblaze\Vitis\sha_256_test_app_system\_ide\scripts\debugger_sha_256_test_app-default.tcl'
02:52:23 INFO  : Disconnected from the channel tcfchan#29.
02:52:23 INFO  : Checking for BSP changes to sync application flags for project 'sha_256_test_app'...
02:52:28 INFO  : Connected to target on host '127.0.0.1' and port '3121'.
02:52:29 INFO  : Jtag cable 'Digilent Nexys A7 -100T 210292BCFFDAA' is selected.
02:52:29 INFO  : 'jtag frequency' command is executed.
02:52:29 INFO  : 'targets -set -filter {jtag_cable_name =~ "Digilent Nexys A7 -100T 210292BCFFDAA" && level==0 && jtag_device_ctx=="jsn-Nexys A7 -100T-210292BCFFDAA-13631093-0"}' command is executed.
02:52:31 INFO  : Device configured successfully with "C:/Users/maxgr/Projects/Classes/ECE4300/ECE4300-sha256-microblaze/Vitis/sha_256_test_app/_ide/bitstream/sha256_test_wrapper.bit"
02:52:31 INFO  : Context for processor 'microblaze_0' is selected.
02:52:31 INFO  : Hardware design and registers information is loaded from 'C:/Users/maxgr/Projects/Classes/ECE4300/ECE4300-sha256-microblaze/Vitis/sha256_test_wrapper/export/sha256_test_wrapper/hw/sha256_test_wrapper.xsa'.
02:52:31 INFO  : 'configparams mdm-detect-bscan-mask 2' command is executed.
02:52:31 INFO  : Context for processor 'microblaze_0' is selected.
02:52:31 INFO  : System reset is completed.
02:52:34 INFO  : 'after 3000' command is executed.
02:52:34 INFO  : Context for processor 'microblaze_0' is selected.
02:52:34 INFO  : The application 'C:/Users/maxgr/Projects/Classes/ECE4300/ECE4300-sha256-microblaze/Vitis/sha_256_test_app/Debug/sha_256_test_app.elf' is downloaded to processor 'microblaze_0'.
02:52:34 INFO  : ----------------XSDB Script----------------
connect -url tcp:127.0.0.1:3121
targets -set -filter {jtag_cable_name =~ "Digilent Nexys A7 -100T 210292BCFFDAA" && level==0 && jtag_device_ctx=="jsn-Nexys A7 -100T-210292BCFFDAA-13631093-0"}
fpga -file C:/Users/maxgr/Projects/Classes/ECE4300/ECE4300-sha256-microblaze/Vitis/sha_256_test_app/_ide/bitstream/sha256_test_wrapper.bit
targets -set -nocase -filter {name =~ "*microblaze*#0" && bscan=="USER2" }
loadhw -hw C:/Users/maxgr/Projects/Classes/ECE4300/ECE4300-sha256-microblaze/Vitis/sha256_test_wrapper/export/sha256_test_wrapper/hw/sha256_test_wrapper.xsa -regs
configparams mdm-detect-bscan-mask 2
targets -set -nocase -filter {name =~ "*microblaze*#0" && bscan=="USER2" }
rst -system
after 3000
targets -set -nocase -filter {name =~ "*microblaze*#0" && bscan=="USER2" }
dow C:/Users/maxgr/Projects/Classes/ECE4300/ECE4300-sha256-microblaze/Vitis/sha_256_test_app/Debug/sha_256_test_app.elf
----------------End of Script----------------

02:52:34 INFO  : Context for processor 'microblaze_0' is selected.
02:52:34 INFO  : 'con' command is executed.
02:52:34 INFO  : ----------------XSDB Script (After Launch)----------------
targets -set -nocase -filter {name =~ "*microblaze*#0" && bscan=="USER2" }
con
----------------End of Script----------------

02:52:34 INFO  : Launch script is exported to file 'C:\Users\maxgr\Projects\Classes\ECE4300\ECE4300-sha256-microblaze\Vitis\sha_256_test_app_system\_ide\scripts\debugger_sha_256_test_app-default.tcl'
02:53:12 INFO  : Checking for BSP changes to sync application flags for project 'sha_256_test_app'...
02:53:19 INFO  : Disconnected from the channel tcfchan#30.
02:53:20 INFO  : Connected to target on host '127.0.0.1' and port '3121'.
02:53:20 INFO  : Jtag cable 'Digilent Nexys A7 -100T 210292BCFFDAA' is selected.
02:53:20 INFO  : 'jtag frequency' command is executed.
02:53:20 INFO  : 'targets -set -filter {jtag_cable_name =~ "Digilent Nexys A7 -100T 210292BCFFDAA" && level==0 && jtag_device_ctx=="jsn-Nexys A7 -100T-210292BCFFDAA-13631093-0"}' command is executed.
02:53:22 INFO  : Device configured successfully with "C:/Users/maxgr/Projects/Classes/ECE4300/ECE4300-sha256-microblaze/Vitis/sha_256_test_app/_ide/bitstream/sha256_test_wrapper.bit"
02:53:22 INFO  : Context for processor 'microblaze_0' is selected.
02:53:22 INFO  : Hardware design and registers information is loaded from 'C:/Users/maxgr/Projects/Classes/ECE4300/ECE4300-sha256-microblaze/Vitis/sha256_test_wrapper/export/sha256_test_wrapper/hw/sha256_test_wrapper.xsa'.
02:53:22 INFO  : 'configparams mdm-detect-bscan-mask 2' command is executed.
02:53:22 INFO  : Context for processor 'microblaze_0' is selected.
02:53:22 INFO  : System reset is completed.
02:53:25 INFO  : 'after 3000' command is executed.
02:53:25 INFO  : Context for processor 'microblaze_0' is selected.
02:53:26 INFO  : The application 'C:/Users/maxgr/Projects/Classes/ECE4300/ECE4300-sha256-microblaze/Vitis/sha_256_test_app/Debug/sha_256_test_app.elf' is downloaded to processor 'microblaze_0'.
02:53:26 INFO  : ----------------XSDB Script----------------
connect -url tcp:127.0.0.1:3121
targets -set -filter {jtag_cable_name =~ "Digilent Nexys A7 -100T 210292BCFFDAA" && level==0 && jtag_device_ctx=="jsn-Nexys A7 -100T-210292BCFFDAA-13631093-0"}
fpga -file C:/Users/maxgr/Projects/Classes/ECE4300/ECE4300-sha256-microblaze/Vitis/sha_256_test_app/_ide/bitstream/sha256_test_wrapper.bit
targets -set -nocase -filter {name =~ "*microblaze*#0" && bscan=="USER2" }
loadhw -hw C:/Users/maxgr/Projects/Classes/ECE4300/ECE4300-sha256-microblaze/Vitis/sha256_test_wrapper/export/sha256_test_wrapper/hw/sha256_test_wrapper.xsa -regs
configparams mdm-detect-bscan-mask 2
targets -set -nocase -filter {name =~ "*microblaze*#0" && bscan=="USER2" }
rst -system
after 3000
targets -set -nocase -filter {name =~ "*microblaze*#0" && bscan=="USER2" }
dow C:/Users/maxgr/Projects/Classes/ECE4300/ECE4300-sha256-microblaze/Vitis/sha_256_test_app/Debug/sha_256_test_app.elf
----------------End of Script----------------

02:53:26 INFO  : Context for processor 'microblaze_0' is selected.
02:53:26 INFO  : 'con' command is executed.
02:53:26 INFO  : ----------------XSDB Script (After Launch)----------------
targets -set -nocase -filter {name =~ "*microblaze*#0" && bscan=="USER2" }
con
----------------End of Script----------------

02:53:26 INFO  : Launch script is exported to file 'C:\Users\maxgr\Projects\Classes\ECE4300\ECE4300-sha256-microblaze\Vitis\sha_256_test_app_system\_ide\scripts\debugger_sha_256_test_app-default.tcl'
02:56:27 INFO  : Disconnected from the channel tcfchan#31.
02:56:32 INFO  : Connected to target on host '127.0.0.1' and port '3121'.
02:56:32 INFO  : Jtag cable 'Digilent Nexys A7 -100T 210292BCFFDAA' is selected.
02:56:32 INFO  : 'jtag frequency' command is executed.
02:56:32 INFO  : 'targets -set -filter {jtag_cable_name =~ "Digilent Nexys A7 -100T 210292BCFFDAA" && level==0 && jtag_device_ctx=="jsn-Nexys A7 -100T-210292BCFFDAA-13631093-0"}' command is executed.
02:56:34 INFO  : Device configured successfully with "C:/Users/maxgr/Projects/Classes/ECE4300/ECE4300-sha256-microblaze/Vitis/sha_256_test_app/_ide/bitstream/sha256_test_wrapper.bit"
02:56:34 INFO  : Context for processor 'microblaze_0' is selected.
02:56:34 INFO  : Hardware design and registers information is loaded from 'C:/Users/maxgr/Projects/Classes/ECE4300/ECE4300-sha256-microblaze/Vitis/sha256_test_wrapper/export/sha256_test_wrapper/hw/sha256_test_wrapper.xsa'.
02:56:34 INFO  : 'configparams mdm-detect-bscan-mask 2' command is executed.
02:56:34 INFO  : Context for processor 'microblaze_0' is selected.
02:56:34 INFO  : System reset is completed.
02:56:37 INFO  : 'after 3000' command is executed.
02:56:37 INFO  : Context for processor 'microblaze_0' is selected.
02:56:38 INFO  : The application 'C:/Users/maxgr/Projects/Classes/ECE4300/ECE4300-sha256-microblaze/Vitis/sha_256_test_app/Debug/sha_256_test_app.elf' is downloaded to processor 'microblaze_0'.
02:56:38 INFO  : ----------------XSDB Script----------------
connect -url tcp:127.0.0.1:3121
targets -set -filter {jtag_cable_name =~ "Digilent Nexys A7 -100T 210292BCFFDAA" && level==0 && jtag_device_ctx=="jsn-Nexys A7 -100T-210292BCFFDAA-13631093-0"}
fpga -file C:/Users/maxgr/Projects/Classes/ECE4300/ECE4300-sha256-microblaze/Vitis/sha_256_test_app/_ide/bitstream/sha256_test_wrapper.bit
targets -set -nocase -filter {name =~ "*microblaze*#0" && bscan=="USER2" }
loadhw -hw C:/Users/maxgr/Projects/Classes/ECE4300/ECE4300-sha256-microblaze/Vitis/sha256_test_wrapper/export/sha256_test_wrapper/hw/sha256_test_wrapper.xsa -regs
configparams mdm-detect-bscan-mask 2
targets -set -nocase -filter {name =~ "*microblaze*#0" && bscan=="USER2" }
rst -system
after 3000
targets -set -nocase -filter {name =~ "*microblaze*#0" && bscan=="USER2" }
dow C:/Users/maxgr/Projects/Classes/ECE4300/ECE4300-sha256-microblaze/Vitis/sha_256_test_app/Debug/sha_256_test_app.elf
----------------End of Script----------------

02:56:38 INFO  : Context for processor 'microblaze_0' is selected.
02:56:38 INFO  : 'con' command is executed.
02:56:38 INFO  : ----------------XSDB Script (After Launch)----------------
targets -set -nocase -filter {name =~ "*microblaze*#0" && bscan=="USER2" }
con
----------------End of Script----------------

02:56:38 INFO  : Launch script is exported to file 'C:\Users\maxgr\Projects\Classes\ECE4300\ECE4300-sha256-microblaze\Vitis\sha_256_test_app_system\_ide\scripts\debugger_sha_256_test_app-default.tcl'
03:08:51 INFO  : Disconnected from the channel tcfchan#32.
03:08:52 INFO  : Connected to target on host '127.0.0.1' and port '3121'.
03:08:52 INFO  : Jtag cable 'Digilent Nexys A7 -100T 210292BCFFDAA' is selected.
03:08:52 INFO  : 'jtag frequency' command is executed.
03:08:52 INFO  : 'targets -set -filter {jtag_cable_name =~ "Digilent Nexys A7 -100T 210292BCFFDAA" && level==0 && jtag_device_ctx=="jsn-Nexys A7 -100T-210292BCFFDAA-13631093-0"}' command is executed.
03:08:54 INFO  : Device configured successfully with "C:/Users/maxgr/Projects/Classes/ECE4300/ECE4300-sha256-microblaze/Vitis/sha_256_test_app/_ide/bitstream/sha256_test_wrapper.bit"
03:08:54 INFO  : Context for processor 'microblaze_0' is selected.
03:08:54 INFO  : Hardware design and registers information is loaded from 'C:/Users/maxgr/Projects/Classes/ECE4300/ECE4300-sha256-microblaze/Vitis/sha256_test_wrapper/export/sha256_test_wrapper/hw/sha256_test_wrapper.xsa'.
03:08:54 INFO  : 'configparams mdm-detect-bscan-mask 2' command is executed.
03:08:54 INFO  : Context for processor 'microblaze_0' is selected.
03:08:54 INFO  : System reset is completed.
03:08:57 INFO  : 'after 3000' command is executed.
03:08:57 INFO  : Context for processor 'microblaze_0' is selected.
03:08:58 INFO  : The application 'C:/Users/maxgr/Projects/Classes/ECE4300/ECE4300-sha256-microblaze/Vitis/sha_256_test_app/Debug/sha_256_test_app.elf' is downloaded to processor 'microblaze_0'.
03:08:58 INFO  : ----------------XSDB Script----------------
connect -url tcp:127.0.0.1:3121
targets -set -filter {jtag_cable_name =~ "Digilent Nexys A7 -100T 210292BCFFDAA" && level==0 && jtag_device_ctx=="jsn-Nexys A7 -100T-210292BCFFDAA-13631093-0"}
fpga -file C:/Users/maxgr/Projects/Classes/ECE4300/ECE4300-sha256-microblaze/Vitis/sha_256_test_app/_ide/bitstream/sha256_test_wrapper.bit
targets -set -nocase -filter {name =~ "*microblaze*#0" && bscan=="USER2" }
loadhw -hw C:/Users/maxgr/Projects/Classes/ECE4300/ECE4300-sha256-microblaze/Vitis/sha256_test_wrapper/export/sha256_test_wrapper/hw/sha256_test_wrapper.xsa -regs
configparams mdm-detect-bscan-mask 2
targets -set -nocase -filter {name =~ "*microblaze*#0" && bscan=="USER2" }
rst -system
after 3000
targets -set -nocase -filter {name =~ "*microblaze*#0" && bscan=="USER2" }
dow C:/Users/maxgr/Projects/Classes/ECE4300/ECE4300-sha256-microblaze/Vitis/sha_256_test_app/Debug/sha_256_test_app.elf
----------------End of Script----------------

03:08:58 INFO  : Context for processor 'microblaze_0' is selected.
03:08:58 INFO  : 'con' command is executed.
03:08:58 INFO  : ----------------XSDB Script (After Launch)----------------
targets -set -nocase -filter {name =~ "*microblaze*#0" && bscan=="USER2" }
con
----------------End of Script----------------

03:08:58 INFO  : Launch script is exported to file 'C:\Users\maxgr\Projects\Classes\ECE4300\ECE4300-sha256-microblaze\Vitis\sha_256_test_app_system\_ide\scripts\debugger_sha_256_test_app-default.tcl'
03:13:20 INFO  : Disconnected from the channel tcfchan#33.
03:13:21 INFO  : Connected to target on host '127.0.0.1' and port '3121'.
03:13:30 INFO  : ----------------XSDB Script----------------
connect -url tcp:127.0.0.1:3121
----------------End of Script----------------

03:13:30 ERROR : Could not find FPGA device on the board for connection 'Local'.


Troubleshooting hints:
1. Check whether board is connected to system properly.
2. In case of zynq board, check whether Digilent/Xilinx cable switch settings are correct.
3. If you are using Xilinx Platform Cable USB, ensure that status LED is green.
03:13:33 INFO  : Connected to target on host '127.0.0.1' and port '3121'.
03:13:33 INFO  : Jtag cable 'Digilent Nexys A7 -100T 210292BCFFDAA' is selected.
03:13:33 INFO  : 'jtag frequency' command is executed.
03:13:33 INFO  : 'targets -set -filter {jtag_cable_name =~ "Digilent Nexys A7 -100T 210292BCFFDAA" && level==0 && jtag_device_ctx=="jsn-Nexys A7 -100T-210292BCFFDAA-13631093-0"}' command is executed.
03:13:35 INFO  : Device configured successfully with "C:/Users/maxgr/Projects/Classes/ECE4300/ECE4300-sha256-microblaze/Vitis/sha_256_test_app/_ide/bitstream/sha256_test_wrapper.bit"
03:13:35 INFO  : Context for processor 'microblaze_0' is selected.
03:13:35 INFO  : Hardware design and registers information is loaded from 'C:/Users/maxgr/Projects/Classes/ECE4300/ECE4300-sha256-microblaze/Vitis/sha256_test_wrapper/export/sha256_test_wrapper/hw/sha256_test_wrapper.xsa'.
03:13:35 INFO  : 'configparams mdm-detect-bscan-mask 2' command is executed.
03:13:35 INFO  : Context for processor 'microblaze_0' is selected.
03:13:35 INFO  : System reset is completed.
03:13:38 INFO  : 'after 3000' command is executed.
03:13:38 INFO  : Context for processor 'microblaze_0' is selected.
03:13:39 INFO  : The application 'C:/Users/maxgr/Projects/Classes/ECE4300/ECE4300-sha256-microblaze/Vitis/sha_256_test_app/Debug/sha_256_test_app.elf' is downloaded to processor 'microblaze_0'.
03:13:39 INFO  : ----------------XSDB Script----------------
connect -url tcp:127.0.0.1:3121
targets -set -filter {jtag_cable_name =~ "Digilent Nexys A7 -100T 210292BCFFDAA" && level==0 && jtag_device_ctx=="jsn-Nexys A7 -100T-210292BCFFDAA-13631093-0"}
fpga -file C:/Users/maxgr/Projects/Classes/ECE4300/ECE4300-sha256-microblaze/Vitis/sha_256_test_app/_ide/bitstream/sha256_test_wrapper.bit
targets -set -nocase -filter {name =~ "*microblaze*#0" && bscan=="USER2" }
loadhw -hw C:/Users/maxgr/Projects/Classes/ECE4300/ECE4300-sha256-microblaze/Vitis/sha256_test_wrapper/export/sha256_test_wrapper/hw/sha256_test_wrapper.xsa -regs
configparams mdm-detect-bscan-mask 2
targets -set -nocase -filter {name =~ "*microblaze*#0" && bscan=="USER2" }
rst -system
after 3000
targets -set -nocase -filter {name =~ "*microblaze*#0" && bscan=="USER2" }
dow C:/Users/maxgr/Projects/Classes/ECE4300/ECE4300-sha256-microblaze/Vitis/sha_256_test_app/Debug/sha_256_test_app.elf
----------------End of Script----------------

03:13:39 INFO  : Context for processor 'microblaze_0' is selected.
03:13:39 INFO  : 'con' command is executed.
03:13:39 INFO  : ----------------XSDB Script (After Launch)----------------
targets -set -nocase -filter {name =~ "*microblaze*#0" && bscan=="USER2" }
con
----------------End of Script----------------

03:13:39 INFO  : Launch script is exported to file 'C:\Users\maxgr\Projects\Classes\ECE4300\ECE4300-sha256-microblaze\Vitis\sha_256_test_app_system\_ide\scripts\debugger_sha_256_test_app-default.tcl'
03:26:52 INFO  : Disconnected from the channel tcfchan#34.
